#
# There is insufficient memory for the Java Runtime Environment to continue.
# Native memory allocation (malloc) failed to allocate 2635792 bytes. Error detail: Chunk::new
# Possible reasons:
#   The system is out of physical RAM or swap space
#   This process is running with CompressedOops enabled, and the Java Heap may be blocking the growth of the native heap
# Possible solutions:
#   Reduce memory load on the system
#   Increase physical memory or swap space
#   Check if swap backing store is full
#   Decrease Java heap size (-Xmx/-Xms)
#   Decrease number of Java threads
#   Decrease Java thread stack sizes (-Xss)
#   Set larger code cache with -XX:ReservedCodeCacheSize=
#   JVM is running with Zero Based Compressed Oops mode in which the Java heap is
#     placed in the first 32GB address space. The Java Heap base address is the
#     maximum limit for the native heap growth. Please use -XX:HeapBaseMinAddress
#     to set the Java Heap base and to place the Java Heap above 32GB virtual address.
# This output file may be truncated or incomplete.
#
#  Out of Memory Error (arena.cpp:168), pid=100316, tid=47696
#
# JRE version: OpenJDK Runtime Environment Temurin-21.0.5+11 (21.0.5+11) (build 21.0.5+11-LTS)
# Java VM: OpenJDK 64-Bit Server VM Temurin-21.0.5+11 (21.0.5+11-LTS, mixed mode, tiered, compressed oops, compressed class ptrs, g1 gc, windows-amd64)
# No core dump will be written. Minidumps are not enabled by default on client versions of Windows
#

---------------  S U M M A R Y ------------

Command Line: -Dballerina.home=C:\Program Files\Ballerina\distributions\ballerina-2201.13.1 -agentpath:C:\Program Files\SentinelOne\Sentinel Agent 25.1.4.434\SentinelJava64.dll=extendedCapabilities org.ballerinalang.langserver.launchers.stdio.Main

Host: Intel(R) Core(TM) i5-10210U CPU @ 1.60GHz, 8 cores, 15G,  Windows 11 , 64 bit Build 22621 (10.0.22621.3958)
Time: Wed Mar 11 15:09:57 2026 Sri Lanka Standard Time elapsed time: 16745.268290 seconds (0d 4h 39m 5s)

---------------  T H R E A D  ---------------

Current thread (0x000001f0dd99f1e0):  JavaThread "C2 CompilerThread0" daemon [_thread_in_native, id=47696, stack(0x0000004a70800000,0x0000004a70900000) (1024K)]


Current CompileTask:
C2:16745268 10640       4       io.ballerina.projects.internal.repositories.FileSystemRepository::getIncompatibleVer (161 bytes)

Stack: [0x0000004a70800000,0x0000004a70900000]
Native frames: (J=compiled Java code, j=interpreted, Vv=VM code, C=native code)
V  [jvm.dll+0x6cd4e9]
V  [jvm.dll+0x8a7941]
V  [jvm.dll+0x8a9e6e]
V  [jvm.dll+0x8aa543]
V  [jvm.dll+0x27f6d6]
V  [jvm.dll+0xc500d]
V  [jvm.dll+0xc5543]
V  [jvm.dll+0x3b660c]
V  [jvm.dll+0x1dffe9]
V  [jvm.dll+0x247b22]
V  [jvm.dll+0x246faf]
V  [jvm.dll+0x1c75ce]
V  [jvm.dll+0x25682a]
V  [jvm.dll+0x254dca]
V  [jvm.dll+0x3f00d6]
V  [jvm.dll+0x8514fb]
V  [jvm.dll+0x6cbbed]
C  [ucrtbase.dll+0x29333]
C  [KERNEL32.DLL+0x1257d]
C  [ntdll.dll+0x5af08]


---------------  P R O C E S S  ---------------

Threads class SMR info:
_java_thread_list=0x000001f0e2fcf950, length=14, elements={
0x000001f0be251550, 0x000001f0dd9dcc90, 0x000001f0dd99b3c0, 0x000001f0dd99c1c0,
0x000001f0dd99cc10, 0x000001f0dd99da10, 0x000001f0dd99e460, 0x000001f0dd99f1e0,
0x000001f0dd9cf450, 0x000001f0ddba35a0, 0x000001f0ddba6830, 0x000001f0e3c8d9c0,
0x000001f0e3de48b0, 0x000001f0e304f670
}

Java Threads: ( => current thread )
  0x000001f0be251550 JavaThread "main"                              [_thread_blocked, id=45316, stack(0x0000004a6fa00000,0x0000004a6fb00000) (1024K)]
  0x000001f0dd9dcc90 JavaThread "Reference Handler"          daemon [_thread_blocked, id=131592, stack(0x0000004a70200000,0x0000004a70300000) (1024K)]
  0x000001f0dd99b3c0 JavaThread "Finalizer"                  daemon [_thread_blocked, id=17656, stack(0x0000004a70300000,0x0000004a70400000) (1024K)]
  0x000001f0dd99c1c0 JavaThread "Signal Dispatcher"          daemon [_thread_blocked, id=153800, stack(0x0000004a70400000,0x0000004a70500000) (1024K)]
  0x000001f0dd99cc10 JavaThread "Attach Listener"            daemon [_thread_blocked, id=7272, stack(0x0000004a70500000,0x0000004a70600000) (1024K)]
  0x000001f0dd99da10 JavaThread "Service Thread"             daemon [_thread_blocked, id=37632, stack(0x0000004a70600000,0x0000004a70700000) (1024K)]
  0x000001f0dd99e460 JavaThread "Monitor Deflation Thread"   daemon [_thread_blocked, id=93440, stack(0x0000004a70700000,0x0000004a70800000) (1024K)]
=>0x000001f0dd99f1e0 JavaThread "C2 CompilerThread0"         daemon [_thread_in_native, id=47696, stack(0x0000004a70800000,0x0000004a70900000) (1024K)]
  0x000001f0dd9cf450 JavaThread "C1 CompilerThread0"         daemon [_thread_blocked, id=8160, stack(0x0000004a70900000,0x0000004a70a00000) (1024K)]
  0x000001f0ddba35a0 JavaThread "Notification Thread"        daemon [_thread_blocked, id=84292, stack(0x0000004a70a00000,0x0000004a70b00000) (1024K)]
  0x000001f0ddba6830 JavaThread "Common-Cleaner"             daemon [_thread_blocked, id=78664, stack(0x0000004a70b00000,0x0000004a70c00000) (1024K)]
  0x000001f0e3c8d9c0 JavaThread "pool-1-thread-1"                   [_thread_in_Java, id=106772, stack(0x0000004a71200000,0x0000004a71300000) (1024K)]
  0x000001f0e3de48b0 JavaThread "CompletableFutureDelayScheduler" daemon [_thread_blocked, id=102180, stack(0x0000004a71800000,0x0000004a71900000) (1024K)]
  0x000001f0e304f670 JavaThread "C2 CompilerThread1"         daemon [_thread_blocked, id=141392, stack(0x0000004a6f700000,0x0000004a6f800000) (1024K)]
Total: 14

Other Threads:
  0x000001f0d6181cb0 VMThread "VM Thread"                           [id=10720, stack(0x0000004a70100000,0x0000004a70200000) (1024K)]
  0x000001f0dd9309d0 WatcherThread "VM Periodic Task Thread"        [id=31016, stack(0x0000004a70000000,0x0000004a70100000) (1024K)]
  0x000001f0d5fd5d70 WorkerThread "GC Thread#0"                     [id=42832, stack(0x0000004a6fb00000,0x0000004a6fc00000) (1024K)]
  0x000001f0e26d41e0 WorkerThread "GC Thread#1"                     [id=98956, stack(0x0000004a70c00000,0x0000004a70d00000) (1024K)]
  0x000001f0e26d4580 WorkerThread "GC Thread#2"                     [id=111116, stack(0x0000004a70d00000,0x0000004a70e00000) (1024K)]
  0x000001f0e26d4920 WorkerThread "GC Thread#3"                     [id=31692, stack(0x0000004a70e00000,0x0000004a70f00000) (1024K)]
  0x000001f0e26dcec0 WorkerThread "GC Thread#4"                     [id=8344, stack(0x0000004a70f00000,0x0000004a71000000) (1024K)]
  0x000001f0e2a9b4a0 WorkerThread "GC Thread#5"                     [id=66760, stack(0x0000004a71000000,0x0000004a71100000) (1024K)]
  0x000001f0ddc73060 WorkerThread "GC Thread#6"                     [id=55072, stack(0x0000004a71100000,0x0000004a71200000) (1024K)]
  0x000001f0e3e452a0 WorkerThread "GC Thread#7"                     [id=26036, stack(0x0000004a71400000,0x0000004a71500000) (1024K)]
  0x000001f0d5fe6520 ConcurrentGCThread "G1 Main Marker"            [id=96960, stack(0x0000004a6fc00000,0x0000004a6fd00000) (1024K)]
  0x000001f0d5fe71e0 WorkerThread "G1 Conc#0"                       [id=49332, stack(0x0000004a6fd00000,0x0000004a6fe00000) (1024K)]
  0x000001f0e3c64520 WorkerThread "G1 Conc#1"                       [id=75996, stack(0x0000004a71700000,0x0000004a71800000) (1024K)]
  0x000001f0d60808b0 ConcurrentGCThread "G1 Refine#0"               [id=60180, stack(0x0000004a6fe00000,0x0000004a6ff00000) (1024K)]
  0x000001f0d60815e0 ConcurrentGCThread "G1 Service"                [id=37216, stack(0x0000004a6ff00000,0x0000004a70000000) (1024K)]
Total: 15

Threads with active compile tasks:
C2 CompilerThread0  16745378 10640       4       io.ballerina.projects.internal.repositories.FileSystemRepository::getIncompatibleVer (161 bytes)
Total: 1

VM state: not at safepoint (normal execution)

VM Mutex/Monitor currently owned by a thread: None

Heap address: 0x0000000706400000, size: 3996 MB, Compressed Oops mode: Zero based, Oop shift amount: 3

CDS archive(s) not mapped
Compressed class space mapped at: 0x0000000800000000-0x0000000840000000, reserved size: 1073741824
Narrow klass base: 0x0000000800000000, Narrow klass shift: 0, Narrow klass range: 0x40000000

GC Precious Log:
 CardTable entry size: 512
 Card Set container configuration: InlinePtr #cards 4 size 8 Array Of Cards #cards 16 size 48 Howl #buckets 8 coarsen threshold 3686 Howl Bitmap #cards 512 size 80 coarsen threshold 460 Card regions per heap region 1 cards per card region 4096
 CPUs: 8 total, 8 available
 Memory: 15977M
 Large Page Support: Disabled
 NUMA Support: Disabled
 Compressed Oops: Enabled (Zero based)
 Heap Region Size: 2M
 Heap Min Capacity: 8M
 Heap Initial Capacity: 250M
 Heap Max Capacity: 3996M
 Pre-touch: Disabled
 Parallel Workers: 8
 Concurrent Workers: 2
 Concurrent Refinement Workers: 8
 Periodic GC: Disabled

Heap:
 garbage-first heap   total 1001472K, used 477525K [0x0000000706400000, 0x0000000800000000)
  region size 2048K, 57 young (116736K), 1 survivors (2048K)
 Metaspace       used 40097K, committed 40576K, reserved 1114112K
  class space    used 3865K, committed 4096K, reserved 1048576K

Heap Regions: E=young(eden), S=young(survivor), O=old, HS=humongous(starts), HC=humongous(continues), CS=collection set, F=free, TAMS=top-at-mark-start, PB=parsable bottom
|   0|0x0000000706400000, 0x0000000706600000, 0x0000000706600000|100%|HS|  |TAMS 0x0000000706600000| PB 0x0000000706400000| Complete 
|   1|0x0000000706600000, 0x0000000706800000, 0x0000000706800000|100%|HC|  |TAMS 0x0000000706800000| PB 0x0000000706600000| Complete 
|   2|0x0000000706800000, 0x0000000706a00000, 0x0000000706a00000|100%| O|  |TAMS 0x0000000706a00000| PB 0x0000000706800000| Untracked 
|   3|0x0000000706a00000, 0x0000000706c00000, 0x0000000706c00000|100%| O|  |TAMS 0x0000000706c00000| PB 0x0000000706a00000| Untracked 
|   4|0x0000000706c00000, 0x0000000706e00000, 0x0000000706e00000|100%| O|  |TAMS 0x0000000706e00000| PB 0x0000000706c00000| Untracked 
|   5|0x0000000706e00000, 0x0000000707000000, 0x0000000707000000|100%| O|  |TAMS 0x0000000707000000| PB 0x0000000706e00000| Untracked 
|   6|0x0000000707000000, 0x0000000707197dd8, 0x0000000707200000| 79%| O|  |TAMS 0x0000000707197dd8| PB 0x0000000707000000| Untracked 
|   7|0x0000000707200000, 0x0000000707400000, 0x0000000707400000|100%| O|  |TAMS 0x0000000707400000| PB 0x0000000707200000| Untracked 
|   8|0x0000000707400000, 0x0000000707600000, 0x0000000707600000|100%| O|  |TAMS 0x0000000707600000| PB 0x0000000707400000| Untracked 
|   9|0x0000000707600000, 0x0000000707800000, 0x0000000707800000|100%| O|  |TAMS 0x0000000707800000| PB 0x0000000707600000| Untracked 
|  10|0x0000000707800000, 0x0000000707a00000, 0x0000000707a00000|100%| O|  |TAMS 0x0000000707a00000| PB 0x0000000707800000| Untracked 
|  11|0x0000000707a00000, 0x0000000707c00000, 0x0000000707c00000|100%| O|  |TAMS 0x0000000707c00000| PB 0x0000000707a00000| Untracked 
|  12|0x0000000707c00000, 0x0000000707e00000, 0x0000000707e00000|100%| O|  |TAMS 0x0000000707e00000| PB 0x0000000707c00000| Untracked 
|  13|0x0000000707e00000, 0x0000000708000000, 0x0000000708000000|100%| O|  |TAMS 0x0000000708000000| PB 0x0000000707e00000| Untracked 
|  14|0x0000000708000000, 0x0000000708200000, 0x0000000708200000|100%| O|  |TAMS 0x0000000708200000| PB 0x0000000708000000| Untracked 
|  15|0x0000000708200000, 0x0000000708400000, 0x0000000708400000|100%| O|  |TAMS 0x0000000708400000| PB 0x0000000708200000| Untracked 
|  16|0x0000000708400000, 0x0000000708600000, 0x0000000708600000|100%| O|  |TAMS 0x0000000708600000| PB 0x0000000708400000| Untracked 
|  17|0x0000000708600000, 0x0000000708800000, 0x0000000708800000|100%| O|  |TAMS 0x0000000708800000| PB 0x0000000708600000| Untracked 
|  18|0x0000000708800000, 0x0000000708a00000, 0x0000000708a00000|100%| O|  |TAMS 0x0000000708a00000| PB 0x0000000708800000| Untracked 
|  19|0x0000000708a00000, 0x0000000708c00000, 0x0000000708c00000|100%| O|  |TAMS 0x0000000708c00000| PB 0x0000000708a00000| Untracked 
|  20|0x0000000708c00000, 0x0000000708e00000, 0x0000000708e00000|100%| O|  |TAMS 0x0000000708e00000| PB 0x0000000708c00000| Untracked 
|  21|0x0000000708e00000, 0x0000000709000000, 0x0000000709000000|100%| O|  |TAMS 0x0000000709000000| PB 0x0000000708e00000| Untracked 
|  22|0x0000000709000000, 0x0000000709200000, 0x0000000709200000|100%| O|  |TAMS 0x0000000709200000| PB 0x0000000709000000| Untracked 
|  23|0x0000000709200000, 0x0000000709400000, 0x0000000709400000|100%| O|  |TAMS 0x0000000709400000| PB 0x0000000709200000| Untracked 
|  24|0x0000000709400000, 0x0000000709600000, 0x0000000709600000|100%| O|  |TAMS 0x0000000709600000| PB 0x0000000709400000| Untracked 
|  25|0x0000000709600000, 0x0000000709800000, 0x0000000709800000|100%| O|  |TAMS 0x0000000709800000| PB 0x0000000709600000| Untracked 
|  26|0x0000000709800000, 0x0000000709a00000, 0x0000000709a00000|100%| O|  |TAMS 0x0000000709a00000| PB 0x0000000709800000| Untracked 
|  27|0x0000000709a00000, 0x0000000709c00000, 0x0000000709c00000|100%| O|  |TAMS 0x0000000709c00000| PB 0x0000000709a00000| Untracked 
|  28|0x0000000709c00000, 0x0000000709e00000, 0x0000000709e00000|100%| O|  |TAMS 0x0000000709e00000| PB 0x0000000709c00000| Untracked 
|  29|0x0000000709e00000, 0x000000070a000000, 0x000000070a000000|100%| O|  |TAMS 0x000000070a000000| PB 0x0000000709e00000| Untracked 
|  30|0x000000070a000000, 0x000000070a200000, 0x000000070a200000|100%| O|  |TAMS 0x000000070a200000| PB 0x000000070a000000| Untracked 
|  31|0x000000070a200000, 0x000000070a400000, 0x000000070a400000|100%| O|  |TAMS 0x000000070a400000| PB 0x000000070a200000| Untracked 
|  32|0x000000070a400000, 0x000000070a600000, 0x000000070a600000|100%| O|  |TAMS 0x000000070a600000| PB 0x000000070a400000| Untracked 
|  33|0x000000070a600000, 0x000000070a800000, 0x000000070a800000|100%| O|  |TAMS 0x000000070a800000| PB 0x000000070a600000| Untracked 
|  34|0x000000070a800000, 0x000000070aa00000, 0x000000070aa00000|100%| O|  |TAMS 0x000000070aa00000| PB 0x000000070a800000| Untracked 
|  35|0x000000070aa00000, 0x000000070ac00000, 0x000000070ac00000|100%| O|  |TAMS 0x000000070ac00000| PB 0x000000070aa00000| Untracked 
|  36|0x000000070ac00000, 0x000000070ae00000, 0x000000070ae00000|100%| O|  |TAMS 0x000000070ae00000| PB 0x000000070ac00000| Untracked 
|  37|0x000000070ae00000, 0x000000070b000000, 0x000000070b000000|100%| O|  |TAMS 0x000000070b000000| PB 0x000000070ae00000| Untracked 
|  38|0x000000070b000000, 0x000000070b200000, 0x000000070b200000|100%| O|  |TAMS 0x000000070b200000| PB 0x000000070b000000| Untracked 
|  39|0x000000070b200000, 0x000000070b400000, 0x000000070b400000|100%| O|  |TAMS 0x000000070b400000| PB 0x000000070b200000| Untracked 
|  40|0x000000070b400000, 0x000000070b600000, 0x000000070b600000|100%| O|  |TAMS 0x000000070b600000| PB 0x000000070b400000| Untracked 
|  41|0x000000070b600000, 0x000000070b800000, 0x000000070b800000|100%| O|  |TAMS 0x000000070b800000| PB 0x000000070b600000| Untracked 
|  42|0x000000070b800000, 0x000000070ba00000, 0x000000070ba00000|100%| O|  |TAMS 0x000000070ba00000| PB 0x000000070b800000| Untracked 
|  43|0x000000070ba00000, 0x000000070bc00000, 0x000000070bc00000|100%| O|  |TAMS 0x000000070bc00000| PB 0x000000070ba00000| Untracked 
|  44|0x000000070bc00000, 0x000000070be00000, 0x000000070be00000|100%| O|  |TAMS 0x000000070be00000| PB 0x000000070bc00000| Untracked 
|  45|0x000000070be00000, 0x000000070c000000, 0x000000070c000000|100%| O|  |TAMS 0x000000070c000000| PB 0x000000070be00000| Untracked 
|  46|0x000000070c000000, 0x000000070c200000, 0x000000070c200000|100%| O|  |TAMS 0x000000070c200000| PB 0x000000070c000000| Untracked 
|  47|0x000000070c200000, 0x000000070c400000, 0x000000070c400000|100%| O|  |TAMS 0x000000070c400000| PB 0x000000070c200000| Untracked 
|  48|0x000000070c400000, 0x000000070c600000, 0x000000070c600000|100%| O|  |TAMS 0x000000070c600000| PB 0x000000070c400000| Untracked 
|  49|0x000000070c600000, 0x000000070c800000, 0x000000070c800000|100%| O|  |TAMS 0x000000070c800000| PB 0x000000070c600000| Untracked 
|  50|0x000000070c800000, 0x000000070ca00000, 0x000000070ca00000|100%| O|  |TAMS 0x000000070ca00000| PB 0x000000070c800000| Untracked 
|  51|0x000000070ca00000, 0x000000070cc00000, 0x000000070cc00000|100%| O|  |TAMS 0x000000070cc00000| PB 0x000000070ca00000| Untracked 
|  52|0x000000070cc00000, 0x000000070ce00000, 0x000000070ce00000|100%| O|  |TAMS 0x000000070ce00000| PB 0x000000070cc00000| Untracked 
|  53|0x000000070ce00000, 0x000000070d000000, 0x000000070d000000|100%| O|  |TAMS 0x000000070d000000| PB 0x000000070ce00000| Untracked 
|  54|0x000000070d000000, 0x000000070d200000, 0x000000070d200000|100%| O|  |TAMS 0x000000070d200000| PB 0x000000070d000000| Untracked 
|  55|0x000000070d200000, 0x000000070d400000, 0x000000070d400000|100%| O|  |TAMS 0x000000070d400000| PB 0x000000070d200000| Untracked 
|  56|0x000000070d400000, 0x000000070d600000, 0x000000070d600000|100%| O|  |TAMS 0x000000070d600000| PB 0x000000070d400000| Untracked 
|  57|0x000000070d600000, 0x000000070d800000, 0x000000070d800000|100%| O|  |TAMS 0x000000070d800000| PB 0x000000070d600000| Untracked 
|  58|0x000000070d800000, 0x000000070da00000, 0x000000070da00000|100%| O|  |TAMS 0x000000070da00000| PB 0x000000070d800000| Untracked 
|  59|0x000000070da00000, 0x000000070dc00000, 0x000000070dc00000|100%| O|  |TAMS 0x000000070dc00000| PB 0x000000070da00000| Untracked 
|  60|0x000000070dc00000, 0x000000070de00000, 0x000000070de00000|100%| O|  |TAMS 0x000000070de00000| PB 0x000000070dc00000| Untracked 
|  61|0x000000070de00000, 0x000000070e000000, 0x000000070e000000|100%| O|  |TAMS 0x000000070e000000| PB 0x000000070de00000| Untracked 
|  62|0x000000070e000000, 0x000000070e200000, 0x000000070e200000|100%| O|  |TAMS 0x000000070e200000| PB 0x000000070e000000| Untracked 
|  63|0x000000070e200000, 0x000000070e400000, 0x000000070e400000|100%| O|  |TAMS 0x000000070e400000| PB 0x000000070e200000| Untracked 
|  64|0x000000070e400000, 0x000000070e600000, 0x000000070e600000|100%|HS|  |TAMS 0x000000070e600000| PB 0x000000070e400000| Complete 
|  65|0x000000070e600000, 0x000000070e800000, 0x000000070e800000|100%| O|  |TAMS 0x000000070e800000| PB 0x000000070e600000| Untracked 
|  66|0x000000070e800000, 0x000000070ea00000, 0x000000070ea00000|100%| O|  |TAMS 0x000000070ea00000| PB 0x000000070e800000| Untracked 
|  67|0x000000070ea00000, 0x000000070ec00000, 0x000000070ec00000|100%| O|  |TAMS 0x000000070ec00000| PB 0x000000070ea00000| Untracked 
|  68|0x000000070ec00000, 0x000000070ee00000, 0x000000070ee00000|100%| O|  |TAMS 0x000000070ee00000| PB 0x000000070ec00000| Untracked 
|  69|0x000000070ee00000, 0x000000070f000000, 0x000000070f000000|100%| O|  |TAMS 0x000000070f000000| PB 0x000000070ee00000| Untracked 
|  70|0x000000070f000000, 0x000000070f200000, 0x000000070f200000|100%| O|  |TAMS 0x000000070f200000| PB 0x000000070f000000| Untracked 
|  71|0x000000070f200000, 0x000000070f400000, 0x000000070f400000|100%| O|  |TAMS 0x000000070f400000| PB 0x000000070f200000| Untracked 
|  72|0x000000070f400000, 0x000000070f600000, 0x000000070f600000|100%| O|  |TAMS 0x000000070f600000| PB 0x000000070f400000| Untracked 
|  73|0x000000070f600000, 0x000000070f800000, 0x000000070f800000|100%| O|  |TAMS 0x000000070f800000| PB 0x000000070f600000| Untracked 
|  74|0x000000070f800000, 0x000000070fa00000, 0x000000070fa00000|100%| O|  |TAMS 0x000000070fa00000| PB 0x000000070f800000| Untracked 
|  75|0x000000070fa00000, 0x000000070fc00000, 0x000000070fc00000|100%| O|  |TAMS 0x000000070fc00000| PB 0x000000070fa00000| Untracked 
|  76|0x000000070fc00000, 0x000000070fe00000, 0x000000070fe00000|100%| O|  |TAMS 0x000000070fe00000| PB 0x000000070fc00000| Untracked 
|  77|0x000000070fe00000, 0x0000000710000000, 0x0000000710000000|100%| O|  |TAMS 0x0000000710000000| PB 0x000000070fe00000| Untracked 
|  78|0x0000000710000000, 0x0000000710200000, 0x0000000710200000|100%| O|  |TAMS 0x0000000710200000| PB 0x0000000710000000| Untracked 
|  79|0x0000000710200000, 0x0000000710400000, 0x0000000710400000|100%| O|  |TAMS 0x0000000710400000| PB 0x0000000710200000| Untracked 
|  80|0x0000000710400000, 0x0000000710600000, 0x0000000710600000|100%| O|  |TAMS 0x0000000710600000| PB 0x0000000710400000| Untracked 
|  81|0x0000000710600000, 0x0000000710800000, 0x0000000710800000|100%| O|  |TAMS 0x0000000710800000| PB 0x0000000710600000| Untracked 
|  82|0x0000000710800000, 0x0000000710a00000, 0x0000000710a00000|100%| O|  |TAMS 0x0000000710a00000| PB 0x0000000710800000| Untracked 
|  83|0x0000000710a00000, 0x0000000710c00000, 0x0000000710c00000|100%| O|  |TAMS 0x0000000710c00000| PB 0x0000000710a00000| Untracked 
|  84|0x0000000710c00000, 0x0000000710e00000, 0x0000000710e00000|100%| O|  |TAMS 0x0000000710e00000| PB 0x0000000710c00000| Untracked 
|  85|0x0000000710e00000, 0x0000000711000000, 0x0000000711000000|100%| O|  |TAMS 0x0000000711000000| PB 0x0000000710e00000| Untracked 
|  86|0x0000000711000000, 0x0000000711200000, 0x0000000711200000|100%| O|  |TAMS 0x0000000711200000| PB 0x0000000711000000| Untracked 
|  87|0x0000000711200000, 0x0000000711400000, 0x0000000711400000|100%| O|  |TAMS 0x0000000711400000| PB 0x0000000711200000| Untracked 
|  88|0x0000000711400000, 0x0000000711600000, 0x0000000711600000|100%| O|  |TAMS 0x0000000711600000| PB 0x0000000711400000| Untracked 
|  89|0x0000000711600000, 0x0000000711800000, 0x0000000711800000|100%| O|  |TAMS 0x0000000711800000| PB 0x0000000711600000| Untracked 
|  90|0x0000000711800000, 0x0000000711a00000, 0x0000000711a00000|100%| O|  |TAMS 0x0000000711a00000| PB 0x0000000711800000| Untracked 
|  91|0x0000000711a00000, 0x0000000711c00000, 0x0000000711c00000|100%| O|  |TAMS 0x0000000711c00000| PB 0x0000000711a00000| Untracked 
|  92|0x0000000711c00000, 0x0000000711e00000, 0x0000000711e00000|100%| O|  |TAMS 0x0000000711e00000| PB 0x0000000711c00000| Untracked 
|  93|0x0000000711e00000, 0x0000000712000000, 0x0000000712000000|100%| O|  |TAMS 0x0000000712000000| PB 0x0000000711e00000| Untracked 
|  94|0x0000000712000000, 0x0000000712200000, 0x0000000712200000|100%| O|  |TAMS 0x0000000712200000| PB 0x0000000712000000| Untracked 
|  95|0x0000000712200000, 0x0000000712400000, 0x0000000712400000|100%| O|  |TAMS 0x0000000712400000| PB 0x0000000712200000| Untracked 
|  96|0x0000000712400000, 0x0000000712600000, 0x0000000712600000|100%| O|  |TAMS 0x0000000712600000| PB 0x0000000712400000| Untracked 
|  97|0x0000000712600000, 0x0000000712800000, 0x0000000712800000|100%| O|  |TAMS 0x0000000712800000| PB 0x0000000712600000| Untracked 
|  98|0x0000000712800000, 0x0000000712a00000, 0x0000000712a00000|100%| O|  |TAMS 0x0000000712a00000| PB 0x0000000712800000| Untracked 
|  99|0x0000000712a00000, 0x0000000712c00000, 0x0000000712c00000|100%| O|  |TAMS 0x0000000712c00000| PB 0x0000000712a00000| Untracked 
| 100|0x0000000712c00000, 0x0000000712e00000, 0x0000000712e00000|100%| O|  |TAMS 0x0000000712e00000| PB 0x0000000712c00000| Untracked 
| 101|0x0000000712e00000, 0x0000000713000000, 0x0000000713000000|100%| O|  |TAMS 0x0000000713000000| PB 0x0000000712e00000| Untracked 
| 102|0x0000000713000000, 0x0000000713200000, 0x0000000713200000|100%| O|  |TAMS 0x0000000713200000| PB 0x0000000713000000| Untracked 
| 103|0x0000000713200000, 0x0000000713400000, 0x0000000713400000|100%| O|  |TAMS 0x0000000713400000| PB 0x0000000713200000| Untracked 
| 104|0x0000000713400000, 0x0000000713600000, 0x0000000713600000|100%| O|  |TAMS 0x0000000713600000| PB 0x0000000713400000| Untracked 
| 105|0x0000000713600000, 0x0000000713800000, 0x0000000713800000|100%| O|  |TAMS 0x0000000713800000| PB 0x0000000713600000| Untracked 
| 106|0x0000000713800000, 0x0000000713a00000, 0x0000000713a00000|100%| O|  |TAMS 0x0000000713a00000| PB 0x0000000713800000| Untracked 
| 107|0x0000000713a00000, 0x0000000713c00000, 0x0000000713c00000|100%| O|  |TAMS 0x0000000713c00000| PB 0x0000000713a00000| Untracked 
| 108|0x0000000713c00000, 0x0000000713e00000, 0x0000000713e00000|100%| O|  |TAMS 0x0000000713e00000| PB 0x0000000713c00000| Untracked 
| 109|0x0000000713e00000, 0x0000000714000000, 0x0000000714000000|100%| O|  |TAMS 0x0000000714000000| PB 0x0000000713e00000| Untracked 
| 110|0x0000000714000000, 0x0000000714200000, 0x0000000714200000|100%| O|  |TAMS 0x0000000714200000| PB 0x0000000714000000| Untracked 
| 111|0x0000000714200000, 0x0000000714400000, 0x0000000714400000|100%| O|  |TAMS 0x0000000714400000| PB 0x0000000714200000| Untracked 
| 112|0x0000000714400000, 0x0000000714600000, 0x0000000714600000|100%| O|  |TAMS 0x0000000714600000| PB 0x0000000714400000| Untracked 
| 113|0x0000000714600000, 0x0000000714800000, 0x0000000714800000|100%| O|  |TAMS 0x0000000714800000| PB 0x0000000714600000| Untracked 
| 114|0x0000000714800000, 0x0000000714a00000, 0x0000000714a00000|100%| O|  |TAMS 0x0000000714a00000| PB 0x0000000714800000| Untracked 
| 115|0x0000000714a00000, 0x0000000714c00000, 0x0000000714c00000|100%| O|  |TAMS 0x0000000714c00000| PB 0x0000000714a00000| Untracked 
| 116|0x0000000714c00000, 0x0000000714e00000, 0x0000000714e00000|100%| O|  |TAMS 0x0000000714e00000| PB 0x0000000714c00000| Untracked 
| 117|0x0000000714e00000, 0x0000000715000000, 0x0000000715000000|100%| O|  |TAMS 0x0000000715000000| PB 0x0000000714e00000| Untracked 
| 118|0x0000000715000000, 0x0000000715200000, 0x0000000715200000|100%| O|  |TAMS 0x0000000715200000| PB 0x0000000715000000| Untracked 
| 119|0x0000000715200000, 0x0000000715400000, 0x0000000715400000|100%| O|  |TAMS 0x0000000715400000| PB 0x0000000715200000| Untracked 
| 120|0x0000000715400000, 0x0000000715600000, 0x0000000715600000|100%| O|  |TAMS 0x0000000715600000| PB 0x0000000715400000| Untracked 
| 121|0x0000000715600000, 0x0000000715800000, 0x0000000715800000|100%| O|  |TAMS 0x0000000715800000| PB 0x0000000715600000| Untracked 
| 122|0x0000000715800000, 0x0000000715a00000, 0x0000000715a00000|100%| O|  |TAMS 0x0000000715a00000| PB 0x0000000715800000| Untracked 
| 123|0x0000000715a00000, 0x0000000715c00000, 0x0000000715c00000|100%| O|  |TAMS 0x0000000715c00000| PB 0x0000000715a00000| Untracked 
| 124|0x0000000715c00000, 0x0000000715e00000, 0x0000000715e00000|100%| O|  |TAMS 0x0000000715e00000| PB 0x0000000715c00000| Untracked 
| 125|0x0000000715e00000, 0x0000000716000000, 0x0000000716000000|100%| O|  |TAMS 0x0000000715e00000| PB 0x0000000715e00000| Untracked 
| 126|0x0000000716000000, 0x0000000716200000, 0x0000000716200000|100%| O|  |TAMS 0x0000000716000000| PB 0x0000000716000000| Untracked 
| 127|0x0000000716200000, 0x0000000716400000, 0x0000000716400000|100%| O|  |TAMS 0x0000000716200000| PB 0x0000000716200000| Untracked 
| 128|0x0000000716400000, 0x0000000716600000, 0x0000000716600000|100%| O|  |TAMS 0x0000000716400000| PB 0x0000000716400000| Untracked 
| 129|0x0000000716600000, 0x0000000716800000, 0x0000000716800000|100%| O|  |TAMS 0x0000000716600000| PB 0x0000000716600000| Untracked 
| 130|0x0000000716800000, 0x0000000716a00000, 0x0000000716a00000|100%| O|  |TAMS 0x0000000716800000| PB 0x0000000716800000| Untracked 
| 131|0x0000000716a00000, 0x0000000716c00000, 0x0000000716c00000|100%| O|  |TAMS 0x0000000716a00000| PB 0x0000000716a00000| Untracked 
| 132|0x0000000716c00000, 0x0000000716e00000, 0x0000000716e00000|100%| O|  |TAMS 0x0000000716c00000| PB 0x0000000716c00000| Untracked 
| 133|0x0000000716e00000, 0x0000000717000000, 0x0000000717000000|100%| O|  |TAMS 0x0000000716e00000| PB 0x0000000716e00000| Untracked 
| 134|0x0000000717000000, 0x0000000717200000, 0x0000000717200000|100%| O|  |TAMS 0x0000000717000000| PB 0x0000000717000000| Untracked 
| 135|0x0000000717200000, 0x0000000717400000, 0x0000000717400000|100%| O|  |TAMS 0x0000000717400000| PB 0x0000000717200000| Untracked 
| 136|0x0000000717400000, 0x0000000717600000, 0x0000000717600000|100%| O|  |TAMS 0x0000000717600000| PB 0x0000000717400000| Untracked 
| 137|0x0000000717600000, 0x0000000717800000, 0x0000000717800000|100%| O|  |TAMS 0x0000000717800000| PB 0x0000000717600000| Untracked 
| 138|0x0000000717800000, 0x0000000717a00000, 0x0000000717a00000|100%| O|  |TAMS 0x0000000717a00000| PB 0x0000000717800000| Untracked 
| 139|0x0000000717a00000, 0x0000000717c00000, 0x0000000717c00000|100%| O|  |TAMS 0x0000000717c00000| PB 0x0000000717a00000| Untracked 
| 140|0x0000000717c00000, 0x0000000717e00000, 0x0000000717e00000|100%| O|  |TAMS 0x0000000717e00000| PB 0x0000000717c00000| Untracked 
| 141|0x0000000717e00000, 0x0000000718000000, 0x0000000718000000|100%| O|  |TAMS 0x0000000717ff89b0| PB 0x0000000717e00000| Untracked 
| 142|0x0000000718000000, 0x0000000718200000, 0x0000000718200000|100%| O|  |TAMS 0x0000000718000000| PB 0x0000000718000000| Untracked 
| 143|0x0000000718200000, 0x0000000718400000, 0x0000000718400000|100%| O|  |TAMS 0x0000000718200000| PB 0x0000000718200000| Untracked 
| 144|0x0000000718400000, 0x0000000718600000, 0x0000000718600000|100%| O|  |TAMS 0x0000000718400000| PB 0x0000000718400000| Untracked 
| 145|0x0000000718600000, 0x00000007186eb1b0, 0x0000000718800000| 45%| O|  |TAMS 0x0000000718600000| PB 0x0000000718600000| Untracked 
| 146|0x0000000718800000, 0x0000000718800000, 0x0000000718a00000|  0%| F|  |TAMS 0x0000000718800000| PB 0x0000000718800000| Untracked 
| 147|0x0000000718a00000, 0x0000000718a00000, 0x0000000718c00000|  0%| F|  |TAMS 0x0000000718a00000| PB 0x0000000718a00000| Untracked 
| 148|0x0000000718c00000, 0x0000000718c00000, 0x0000000718e00000|  0%| F|  |TAMS 0x0000000718c00000| PB 0x0000000718c00000| Untracked 
| 149|0x0000000718e00000, 0x0000000718e00000, 0x0000000719000000|  0%| F|  |TAMS 0x0000000718e00000| PB 0x0000000718e00000| Untracked 
| 150|0x0000000719000000, 0x0000000719000000, 0x0000000719200000|  0%| F|  |TAMS 0x0000000719000000| PB 0x0000000719000000| Untracked 
| 151|0x0000000719200000, 0x0000000719200000, 0x0000000719400000|  0%| F|  |TAMS 0x0000000719200000| PB 0x0000000719200000| Untracked 
| 152|0x0000000719400000, 0x0000000719400000, 0x0000000719600000|  0%| F|  |TAMS 0x0000000719400000| PB 0x0000000719400000| Untracked 
| 153|0x0000000719600000, 0x0000000719600000, 0x0000000719800000|  0%| F|  |TAMS 0x0000000719600000| PB 0x0000000719600000| Untracked 
| 154|0x0000000719800000, 0x0000000719800000, 0x0000000719a00000|  0%| F|  |TAMS 0x0000000719800000| PB 0x0000000719800000| Untracked 
| 155|0x0000000719a00000, 0x0000000719a00000, 0x0000000719c00000|  0%| F|  |TAMS 0x0000000719a00000| PB 0x0000000719a00000| Untracked 
| 156|0x0000000719c00000, 0x0000000719c00000, 0x0000000719e00000|  0%| F|  |TAMS 0x0000000719c00000| PB 0x0000000719c00000| Untracked 
| 157|0x0000000719e00000, 0x0000000719e00000, 0x000000071a000000|  0%| F|  |TAMS 0x0000000719e00000| PB 0x0000000719e00000| Untracked 
| 158|0x000000071a000000, 0x000000071a000000, 0x000000071a200000|  0%| F|  |TAMS 0x000000071a000000| PB 0x000000071a000000| Untracked 
| 159|0x000000071a200000, 0x000000071a200000, 0x000000071a400000|  0%| F|  |TAMS 0x000000071a200000| PB 0x000000071a200000| Untracked 
| 160|0x000000071a400000, 0x000000071a400000, 0x000000071a600000|  0%| F|  |TAMS 0x000000071a400000| PB 0x000000071a400000| Untracked 
| 161|0x000000071a600000, 0x000000071a600000, 0x000000071a800000|  0%| F|  |TAMS 0x000000071a600000| PB 0x000000071a600000| Untracked 
| 162|0x000000071a800000, 0x000000071a800000, 0x000000071aa00000|  0%| F|  |TAMS 0x000000071a800000| PB 0x000000071a800000| Untracked 
| 163|0x000000071aa00000, 0x000000071aa00000, 0x000000071ac00000|  0%| F|  |TAMS 0x000000071aa00000| PB 0x000000071aa00000| Untracked 
| 164|0x000000071ac00000, 0x000000071ac00000, 0x000000071ae00000|  0%| F|  |TAMS 0x000000071ac00000| PB 0x000000071ac00000| Untracked 
| 165|0x000000071ae00000, 0x000000071ae00000, 0x000000071b000000|  0%| F|  |TAMS 0x000000071ae00000| PB 0x000000071ae00000| Untracked 
| 166|0x000000071b000000, 0x000000071b000000, 0x000000071b200000|  0%| F|  |TAMS 0x000000071b000000| PB 0x000000071b000000| Untracked 
| 167|0x000000071b200000, 0x000000071b200000, 0x000000071b400000|  0%| F|  |TAMS 0x000000071b200000| PB 0x000000071b200000| Untracked 
| 168|0x000000071b400000, 0x000000071b400000, 0x000000071b600000|  0%| F|  |TAMS 0x000000071b400000| PB 0x000000071b400000| Untracked 
| 169|0x000000071b600000, 0x000000071b600000, 0x000000071b800000|  0%| F|  |TAMS 0x000000071b600000| PB 0x000000071b600000| Untracked 
| 170|0x000000071b800000, 0x000000071b800000, 0x000000071ba00000|  0%| F|  |TAMS 0x000000071b800000| PB 0x000000071b800000| Untracked 
| 171|0x000000071ba00000, 0x000000071ba00000, 0x000000071bc00000|  0%| F|  |TAMS 0x000000071ba00000| PB 0x000000071ba00000| Untracked 
| 172|0x000000071bc00000, 0x000000071bc00000, 0x000000071be00000|  0%| F|  |TAMS 0x000000071bc00000| PB 0x000000071bc00000| Untracked 
| 173|0x000000071be00000, 0x000000071be00000, 0x000000071c000000|  0%| F|  |TAMS 0x000000071be00000| PB 0x000000071be00000| Untracked 
| 174|0x000000071c000000, 0x000000071c000000, 0x000000071c200000|  0%| F|  |TAMS 0x000000071c000000| PB 0x000000071c000000| Untracked 
| 175|0x000000071c200000, 0x000000071c200000, 0x000000071c400000|  0%| F|  |TAMS 0x000000071c200000| PB 0x000000071c200000| Untracked 
| 176|0x000000071c400000, 0x000000071c400000, 0x000000071c600000|  0%| F|  |TAMS 0x000000071c400000| PB 0x000000071c400000| Untracked 
| 177|0x000000071c600000, 0x000000071c600000, 0x000000071c800000|  0%| F|  |TAMS 0x000000071c600000| PB 0x000000071c600000| Untracked 
| 178|0x000000071c800000, 0x000000071c800000, 0x000000071ca00000|  0%| F|  |TAMS 0x000000071c800000| PB 0x000000071c800000| Untracked 
| 179|0x000000071ca00000, 0x000000071ca00000, 0x000000071cc00000|  0%| F|  |TAMS 0x000000071ca00000| PB 0x000000071ca00000| Untracked 
| 180|0x000000071cc00000, 0x000000071cc00000, 0x000000071ce00000|  0%| F|  |TAMS 0x000000071cc00000| PB 0x000000071cc00000| Untracked 
| 181|0x000000071ce00000, 0x000000071ce00000, 0x000000071d000000|  0%| F|  |TAMS 0x000000071ce00000| PB 0x000000071ce00000| Untracked 
| 182|0x000000071d000000, 0x000000071d000000, 0x000000071d200000|  0%| F|  |TAMS 0x000000071d000000| PB 0x000000071d000000| Untracked 
| 183|0x000000071d200000, 0x000000071d200000, 0x000000071d400000|  0%| F|  |TAMS 0x000000071d200000| PB 0x000000071d200000| Untracked 
| 184|0x000000071d400000, 0x000000071d400000, 0x000000071d600000|  0%| F|  |TAMS 0x000000071d400000| PB 0x000000071d400000| Untracked 
| 185|0x000000071d600000, 0x000000071d7d2770, 0x000000071d800000| 91%| S|CS|TAMS 0x000000071d600000| PB 0x000000071d600000| Complete 
| 186|0x000000071d800000, 0x000000071d800000, 0x000000071da00000|  0%| F|  |TAMS 0x000000071d800000| PB 0x000000071d800000| Untracked 
| 187|0x000000071da00000, 0x000000071da00000, 0x000000071dc00000|  0%| F|  |TAMS 0x000000071da00000| PB 0x000000071da00000| Untracked 
| 188|0x000000071dc00000, 0x000000071dc00000, 0x000000071de00000|  0%| F|  |TAMS 0x000000071dc00000| PB 0x000000071dc00000| Untracked 
| 189|0x000000071de00000, 0x000000071de00000, 0x000000071e000000|  0%| F|  |TAMS 0x000000071de00000| PB 0x000000071de00000| Untracked 
| 190|0x000000071e000000, 0x000000071e000000, 0x000000071e200000|  0%| F|  |TAMS 0x000000071e000000| PB 0x000000071e000000| Untracked 
| 191|0x000000071e200000, 0x000000071e200000, 0x000000071e400000|  0%| F|  |TAMS 0x000000071e200000| PB 0x000000071e200000| Untracked 
| 192|0x000000071e400000, 0x000000071e400000, 0x000000071e600000|  0%| F|  |TAMS 0x000000071e400000| PB 0x000000071e400000| Untracked 
| 193|0x000000071e600000, 0x000000071e600000, 0x000000071e800000|  0%| F|  |TAMS 0x000000071e600000| PB 0x000000071e600000| Untracked 
| 194|0x000000071e800000, 0x000000071e800000, 0x000000071ea00000|  0%| F|  |TAMS 0x000000071e800000| PB 0x000000071e800000| Untracked 
| 195|0x000000071ea00000, 0x000000071ea00000, 0x000000071ec00000|  0%| F|  |TAMS 0x000000071ea00000| PB 0x000000071ea00000| Untracked 
| 196|0x000000071ec00000, 0x000000071ec00000, 0x000000071ee00000|  0%| F|  |TAMS 0x000000071ec00000| PB 0x000000071ec00000| Untracked 
| 197|0x000000071ee00000, 0x000000071ee00000, 0x000000071f000000|  0%| F|  |TAMS 0x000000071ee00000| PB 0x000000071ee00000| Untracked 
| 198|0x000000071f000000, 0x000000071f000000, 0x000000071f200000|  0%| F|  |TAMS 0x000000071f000000| PB 0x000000071f000000| Untracked 
| 199|0x000000071f200000, 0x000000071f200000, 0x000000071f400000|  0%| F|  |TAMS 0x000000071f200000| PB 0x000000071f200000| Untracked 
| 200|0x000000071f400000, 0x000000071f400000, 0x000000071f600000|  0%| F|  |TAMS 0x000000071f400000| PB 0x000000071f400000| Untracked 
| 201|0x000000071f600000, 0x000000071f600000, 0x000000071f800000|  0%| F|  |TAMS 0x000000071f600000| PB 0x000000071f600000| Untracked 
| 202|0x000000071f800000, 0x000000071f800000, 0x000000071fa00000|  0%| F|  |TAMS 0x000000071f800000| PB 0x000000071f800000| Untracked 
| 203|0x000000071fa00000, 0x000000071fa00000, 0x000000071fc00000|  0%| F|  |TAMS 0x000000071fa00000| PB 0x000000071fa00000| Untracked 
| 204|0x000000071fc00000, 0x000000071fc00000, 0x000000071fe00000|  0%| F|  |TAMS 0x000000071fc00000| PB 0x000000071fc00000| Untracked 
| 205|0x000000071fe00000, 0x000000071fe00000, 0x0000000720000000|  0%| F|  |TAMS 0x000000071fe00000| PB 0x000000071fe00000| Untracked 
| 206|0x0000000720000000, 0x0000000720000000, 0x0000000720200000|  0%| F|  |TAMS 0x0000000720000000| PB 0x0000000720000000| Untracked 
| 207|0x0000000720200000, 0x0000000720200000, 0x0000000720400000|  0%| F|  |TAMS 0x0000000720200000| PB 0x0000000720200000| Untracked 
| 208|0x0000000720400000, 0x0000000720400000, 0x0000000720600000|  0%| F|  |TAMS 0x0000000720400000| PB 0x0000000720400000| Untracked 
| 209|0x0000000720600000, 0x0000000720600000, 0x0000000720800000|  0%| F|  |TAMS 0x0000000720600000| PB 0x0000000720600000| Untracked 
| 210|0x0000000720800000, 0x0000000720800000, 0x0000000720a00000|  0%| F|  |TAMS 0x0000000720800000| PB 0x0000000720800000| Untracked 
| 211|0x0000000720a00000, 0x0000000720a00000, 0x0000000720c00000|  0%| F|  |TAMS 0x0000000720a00000| PB 0x0000000720a00000| Untracked 
| 212|0x0000000720c00000, 0x0000000720c00000, 0x0000000720e00000|  0%| F|  |TAMS 0x0000000720c00000| PB 0x0000000720c00000| Untracked 
| 213|0x0000000720e00000, 0x0000000720e00000, 0x0000000721000000|  0%| F|  |TAMS 0x0000000720e00000| PB 0x0000000720e00000| Untracked 
| 214|0x0000000721000000, 0x0000000721000000, 0x0000000721200000|  0%| F|  |TAMS 0x0000000721000000| PB 0x0000000721000000| Untracked 
| 215|0x0000000721200000, 0x0000000721200000, 0x0000000721400000|  0%| F|  |TAMS 0x0000000721200000| PB 0x0000000721200000| Untracked 
| 216|0x0000000721400000, 0x0000000721400000, 0x0000000721600000|  0%| F|  |TAMS 0x0000000721400000| PB 0x0000000721400000| Untracked 
| 217|0x0000000721600000, 0x0000000721600000, 0x0000000721800000|  0%| F|  |TAMS 0x0000000721600000| PB 0x0000000721600000| Untracked 
| 218|0x0000000721800000, 0x0000000721800000, 0x0000000721a00000|  0%| F|  |TAMS 0x0000000721800000| PB 0x0000000721800000| Untracked 
| 219|0x0000000721a00000, 0x0000000721a00000, 0x0000000721c00000|  0%| F|  |TAMS 0x0000000721a00000| PB 0x0000000721a00000| Untracked 
| 220|0x0000000721c00000, 0x0000000721c00000, 0x0000000721e00000|  0%| F|  |TAMS 0x0000000721c00000| PB 0x0000000721c00000| Untracked 
| 221|0x0000000721e00000, 0x0000000721e00000, 0x0000000722000000|  0%| F|  |TAMS 0x0000000721e00000| PB 0x0000000721e00000| Untracked 
| 222|0x0000000722000000, 0x0000000722000000, 0x0000000722200000|  0%| F|  |TAMS 0x0000000722000000| PB 0x0000000722000000| Untracked 
| 223|0x0000000722200000, 0x0000000722200000, 0x0000000722400000|  0%| F|  |TAMS 0x0000000722200000| PB 0x0000000722200000| Untracked 
| 224|0x0000000722400000, 0x0000000722400000, 0x0000000722600000|  0%| F|  |TAMS 0x0000000722400000| PB 0x0000000722400000| Untracked 
| 225|0x0000000722600000, 0x0000000722600000, 0x0000000722800000|  0%| F|  |TAMS 0x0000000722600000| PB 0x0000000722600000| Untracked 
| 226|0x0000000722800000, 0x0000000722800000, 0x0000000722a00000|  0%| F|  |TAMS 0x0000000722800000| PB 0x0000000722800000| Untracked 
| 227|0x0000000722a00000, 0x0000000722a00000, 0x0000000722c00000|  0%| F|  |TAMS 0x0000000722a00000| PB 0x0000000722a00000| Untracked 
| 228|0x0000000722c00000, 0x0000000722c00000, 0x0000000722e00000|  0%| F|  |TAMS 0x0000000722c00000| PB 0x0000000722c00000| Untracked 
| 229|0x0000000722e00000, 0x0000000722e00000, 0x0000000723000000|  0%| F|  |TAMS 0x0000000722e00000| PB 0x0000000722e00000| Untracked 
| 230|0x0000000723000000, 0x0000000723000000, 0x0000000723200000|  0%| F|  |TAMS 0x0000000723000000| PB 0x0000000723000000| Untracked 
| 231|0x0000000723200000, 0x0000000723200000, 0x0000000723400000|  0%| F|  |TAMS 0x0000000723200000| PB 0x0000000723200000| Untracked 
| 232|0x0000000723400000, 0x0000000723400000, 0x0000000723600000|  0%| F|  |TAMS 0x0000000723400000| PB 0x0000000723400000| Untracked 
| 233|0x0000000723600000, 0x0000000723600000, 0x0000000723800000|  0%| F|  |TAMS 0x0000000723600000| PB 0x0000000723600000| Untracked 
| 234|0x0000000723800000, 0x0000000723800000, 0x0000000723a00000|  0%| F|  |TAMS 0x0000000723800000| PB 0x0000000723800000| Untracked 
| 235|0x0000000723a00000, 0x0000000723a00000, 0x0000000723c00000|  0%| F|  |TAMS 0x0000000723a00000| PB 0x0000000723a00000| Untracked 
| 236|0x0000000723c00000, 0x0000000723c00000, 0x0000000723e00000|  0%| F|  |TAMS 0x0000000723c00000| PB 0x0000000723c00000| Untracked 
| 237|0x0000000723e00000, 0x0000000723e00000, 0x0000000724000000|  0%| F|  |TAMS 0x0000000723e00000| PB 0x0000000723e00000| Untracked 
| 238|0x0000000724000000, 0x0000000724000000, 0x0000000724200000|  0%| F|  |TAMS 0x0000000724000000| PB 0x0000000724000000| Untracked 
| 239|0x0000000724200000, 0x0000000724200000, 0x0000000724400000|  0%| F|  |TAMS 0x0000000724200000| PB 0x0000000724200000| Untracked 
| 240|0x0000000724400000, 0x0000000724400000, 0x0000000724600000|  0%| F|  |TAMS 0x0000000724400000| PB 0x0000000724400000| Untracked 
| 241|0x0000000724600000, 0x0000000724600000, 0x0000000724800000|  0%| F|  |TAMS 0x0000000724600000| PB 0x0000000724600000| Untracked 
| 242|0x0000000724800000, 0x0000000724800000, 0x0000000724a00000|  0%| F|  |TAMS 0x0000000724800000| PB 0x0000000724800000| Untracked 
| 243|0x0000000724a00000, 0x0000000724a00000, 0x0000000724c00000|  0%| F|  |TAMS 0x0000000724a00000| PB 0x0000000724a00000| Untracked 
| 244|0x0000000724c00000, 0x0000000724c00000, 0x0000000724e00000|  0%| F|  |TAMS 0x0000000724c00000| PB 0x0000000724c00000| Untracked 
| 245|0x0000000724e00000, 0x0000000724e00000, 0x0000000725000000|  0%| F|  |TAMS 0x0000000724e00000| PB 0x0000000724e00000| Untracked 
| 246|0x0000000725000000, 0x0000000725000000, 0x0000000725200000|  0%| F|  |TAMS 0x0000000725000000| PB 0x0000000725000000| Untracked 
| 247|0x0000000725200000, 0x0000000725200000, 0x0000000725400000|  0%| F|  |TAMS 0x0000000725200000| PB 0x0000000725200000| Untracked 
| 248|0x0000000725400000, 0x0000000725400000, 0x0000000725600000|  0%| F|  |TAMS 0x0000000725400000| PB 0x0000000725400000| Untracked 
| 249|0x0000000725600000, 0x0000000725600000, 0x0000000725800000|  0%| F|  |TAMS 0x0000000725600000| PB 0x0000000725600000| Untracked 
| 250|0x0000000725800000, 0x0000000725800000, 0x0000000725a00000|  0%| F|  |TAMS 0x0000000725800000| PB 0x0000000725800000| Untracked 
| 251|0x0000000725a00000, 0x0000000725a00000, 0x0000000725c00000|  0%| F|  |TAMS 0x0000000725a00000| PB 0x0000000725a00000| Untracked 
| 252|0x0000000725c00000, 0x0000000725c00000, 0x0000000725e00000|  0%| F|  |TAMS 0x0000000725c00000| PB 0x0000000725c00000| Untracked 
| 253|0x0000000725e00000, 0x0000000725e00000, 0x0000000726000000|  0%| F|  |TAMS 0x0000000725e00000| PB 0x0000000725e00000| Untracked 
| 254|0x0000000726000000, 0x0000000726000000, 0x0000000726200000|  0%| F|  |TAMS 0x0000000726000000| PB 0x0000000726000000| Untracked 
| 255|0x0000000726200000, 0x0000000726200000, 0x0000000726400000|  0%| F|  |TAMS 0x0000000726200000| PB 0x0000000726200000| Untracked 
| 256|0x0000000726400000, 0x0000000726400000, 0x0000000726600000|  0%| F|  |TAMS 0x0000000726400000| PB 0x0000000726400000| Untracked 
| 257|0x0000000726600000, 0x0000000726600000, 0x0000000726800000|  0%| F|  |TAMS 0x0000000726600000| PB 0x0000000726600000| Untracked 
| 258|0x0000000726800000, 0x0000000726800000, 0x0000000726a00000|  0%| F|  |TAMS 0x0000000726800000| PB 0x0000000726800000| Untracked 
| 259|0x0000000726a00000, 0x0000000726a00000, 0x0000000726c00000|  0%| F|  |TAMS 0x0000000726a00000| PB 0x0000000726a00000| Untracked 
| 260|0x0000000726c00000, 0x0000000726c00000, 0x0000000726e00000|  0%| F|  |TAMS 0x0000000726c00000| PB 0x0000000726c00000| Untracked 
| 261|0x0000000726e00000, 0x0000000726e00000, 0x0000000727000000|  0%| F|  |TAMS 0x0000000726e00000| PB 0x0000000726e00000| Untracked 
| 262|0x0000000727000000, 0x0000000727000000, 0x0000000727200000|  0%| F|  |TAMS 0x0000000727000000| PB 0x0000000727000000| Untracked 
| 263|0x0000000727200000, 0x0000000727200000, 0x0000000727400000|  0%| F|  |TAMS 0x0000000727200000| PB 0x0000000727200000| Untracked 
| 264|0x0000000727400000, 0x0000000727400000, 0x0000000727600000|  0%| F|  |TAMS 0x0000000727400000| PB 0x0000000727400000| Untracked 
| 265|0x0000000727600000, 0x0000000727600000, 0x0000000727800000|  0%| F|  |TAMS 0x0000000727600000| PB 0x0000000727600000| Untracked 
| 266|0x0000000727800000, 0x0000000727800000, 0x0000000727a00000|  0%| F|  |TAMS 0x0000000727800000| PB 0x0000000727800000| Untracked 
| 267|0x0000000727a00000, 0x0000000727a00000, 0x0000000727c00000|  0%| F|  |TAMS 0x0000000727a00000| PB 0x0000000727a00000| Untracked 
| 268|0x0000000727c00000, 0x0000000727c00000, 0x0000000727e00000|  0%| F|  |TAMS 0x0000000727c00000| PB 0x0000000727c00000| Untracked 
| 269|0x0000000727e00000, 0x0000000727e00000, 0x0000000728000000|  0%| F|  |TAMS 0x0000000727e00000| PB 0x0000000727e00000| Untracked 
| 270|0x0000000728000000, 0x0000000728000000, 0x0000000728200000|  0%| F|  |TAMS 0x0000000728000000| PB 0x0000000728000000| Untracked 
| 271|0x0000000728200000, 0x0000000728200000, 0x0000000728400000|  0%| F|  |TAMS 0x0000000728200000| PB 0x0000000728200000| Untracked 
| 272|0x0000000728400000, 0x0000000728400000, 0x0000000728600000|  0%| F|  |TAMS 0x0000000728400000| PB 0x0000000728400000| Untracked 
| 273|0x0000000728600000, 0x0000000728600000, 0x0000000728800000|  0%| F|  |TAMS 0x0000000728600000| PB 0x0000000728600000| Untracked 
| 274|0x0000000728800000, 0x0000000728800000, 0x0000000728a00000|  0%| F|  |TAMS 0x0000000728800000| PB 0x0000000728800000| Untracked 
| 275|0x0000000728a00000, 0x0000000728a00000, 0x0000000728c00000|  0%| F|  |TAMS 0x0000000728a00000| PB 0x0000000728a00000| Untracked 
| 276|0x0000000728c00000, 0x0000000728c00000, 0x0000000728e00000|  0%| F|  |TAMS 0x0000000728c00000| PB 0x0000000728c00000| Untracked 
| 277|0x0000000728e00000, 0x0000000728e00000, 0x0000000729000000|  0%| F|  |TAMS 0x0000000728e00000| PB 0x0000000728e00000| Untracked 
| 278|0x0000000729000000, 0x0000000729000000, 0x0000000729200000|  0%| F|  |TAMS 0x0000000729000000| PB 0x0000000729000000| Untracked 
| 279|0x0000000729200000, 0x0000000729200000, 0x0000000729400000|  0%| F|  |TAMS 0x0000000729200000| PB 0x0000000729200000| Untracked 
| 280|0x0000000729400000, 0x0000000729400000, 0x0000000729600000|  0%| F|  |TAMS 0x0000000729400000| PB 0x0000000729400000| Untracked 
| 281|0x0000000729600000, 0x0000000729600000, 0x0000000729800000|  0%| F|  |TAMS 0x0000000729600000| PB 0x0000000729600000| Untracked 
| 282|0x0000000729800000, 0x0000000729800000, 0x0000000729a00000|  0%| F|  |TAMS 0x0000000729800000| PB 0x0000000729800000| Untracked 
| 283|0x0000000729a00000, 0x0000000729a00000, 0x0000000729c00000|  0%| F|  |TAMS 0x0000000729a00000| PB 0x0000000729a00000| Untracked 
| 284|0x0000000729c00000, 0x0000000729c00000, 0x0000000729e00000|  0%| F|  |TAMS 0x0000000729c00000| PB 0x0000000729c00000| Untracked 
| 285|0x0000000729e00000, 0x0000000729e00000, 0x000000072a000000|  0%| F|  |TAMS 0x0000000729e00000| PB 0x0000000729e00000| Untracked 
| 286|0x000000072a000000, 0x000000072a000000, 0x000000072a200000|  0%| F|  |TAMS 0x000000072a000000| PB 0x000000072a000000| Untracked 
| 287|0x000000072a200000, 0x000000072a200000, 0x000000072a400000|  0%| F|  |TAMS 0x000000072a200000| PB 0x000000072a200000| Untracked 
| 288|0x000000072a400000, 0x000000072a400000, 0x000000072a600000|  0%| F|  |TAMS 0x000000072a400000| PB 0x000000072a400000| Untracked 
| 289|0x000000072a600000, 0x000000072a600000, 0x000000072a800000|  0%| F|  |TAMS 0x000000072a600000| PB 0x000000072a600000| Untracked 
| 290|0x000000072a800000, 0x000000072a800000, 0x000000072aa00000|  0%| F|  |TAMS 0x000000072a800000| PB 0x000000072a800000| Untracked 
| 291|0x000000072aa00000, 0x000000072aa00000, 0x000000072ac00000|  0%| F|  |TAMS 0x000000072aa00000| PB 0x000000072aa00000| Untracked 
| 292|0x000000072ac00000, 0x000000072ac00000, 0x000000072ae00000|  0%| F|  |TAMS 0x000000072ac00000| PB 0x000000072ac00000| Untracked 
| 293|0x000000072ae00000, 0x000000072ae00000, 0x000000072b000000|  0%| F|  |TAMS 0x000000072ae00000| PB 0x000000072ae00000| Untracked 
| 294|0x000000072b000000, 0x000000072b000000, 0x000000072b200000|  0%| F|  |TAMS 0x000000072b000000| PB 0x000000072b000000| Untracked 
| 295|0x000000072b200000, 0x000000072b200000, 0x000000072b400000|  0%| F|  |TAMS 0x000000072b200000| PB 0x000000072b200000| Untracked 
| 296|0x000000072b400000, 0x000000072b400000, 0x000000072b600000|  0%| F|  |TAMS 0x000000072b400000| PB 0x000000072b400000| Untracked 
| 297|0x000000072b600000, 0x000000072b600000, 0x000000072b800000|  0%| F|  |TAMS 0x000000072b600000| PB 0x000000072b600000| Untracked 
| 298|0x000000072b800000, 0x000000072b800000, 0x000000072ba00000|  0%| F|  |TAMS 0x000000072b800000| PB 0x000000072b800000| Untracked 
| 299|0x000000072ba00000, 0x000000072ba00000, 0x000000072bc00000|  0%| F|  |TAMS 0x000000072ba00000| PB 0x000000072ba00000| Untracked 
| 300|0x000000072bc00000, 0x000000072bc00000, 0x000000072be00000|  0%| F|  |TAMS 0x000000072bc00000| PB 0x000000072bc00000| Untracked 
| 301|0x000000072be00000, 0x000000072be00000, 0x000000072c000000|  0%| F|  |TAMS 0x000000072be00000| PB 0x000000072be00000| Untracked 
| 302|0x000000072c000000, 0x000000072c000000, 0x000000072c200000|  0%| F|  |TAMS 0x000000072c000000| PB 0x000000072c000000| Untracked 
| 303|0x000000072c200000, 0x000000072c200000, 0x000000072c400000|  0%| F|  |TAMS 0x000000072c200000| PB 0x000000072c200000| Untracked 
| 304|0x000000072c400000, 0x000000072c400000, 0x000000072c600000|  0%| F|  |TAMS 0x000000072c400000| PB 0x000000072c400000| Untracked 
| 305|0x000000072c600000, 0x000000072c600000, 0x000000072c800000|  0%| F|  |TAMS 0x000000072c600000| PB 0x000000072c600000| Untracked 
| 306|0x000000072c800000, 0x000000072c800000, 0x000000072ca00000|  0%| F|  |TAMS 0x000000072c800000| PB 0x000000072c800000| Untracked 
| 307|0x000000072ca00000, 0x000000072ca00000, 0x000000072cc00000|  0%| F|  |TAMS 0x000000072ca00000| PB 0x000000072ca00000| Untracked 
| 308|0x000000072cc00000, 0x000000072cc00000, 0x000000072ce00000|  0%| F|  |TAMS 0x000000072cc00000| PB 0x000000072cc00000| Untracked 
| 309|0x000000072ce00000, 0x000000072ce00000, 0x000000072d000000|  0%| F|  |TAMS 0x000000072ce00000| PB 0x000000072ce00000| Untracked 
| 310|0x000000072d000000, 0x000000072d000000, 0x000000072d200000|  0%| F|  |TAMS 0x000000072d000000| PB 0x000000072d000000| Untracked 
| 311|0x000000072d200000, 0x000000072d200000, 0x000000072d400000|  0%| F|  |TAMS 0x000000072d200000| PB 0x000000072d200000| Untracked 
| 312|0x000000072d400000, 0x000000072d400000, 0x000000072d600000|  0%| F|  |TAMS 0x000000072d400000| PB 0x000000072d400000| Untracked 
| 313|0x000000072d600000, 0x000000072d600000, 0x000000072d800000|  0%| F|  |TAMS 0x000000072d600000| PB 0x000000072d600000| Untracked 
| 314|0x000000072d800000, 0x000000072d800000, 0x000000072da00000|  0%| F|  |TAMS 0x000000072d800000| PB 0x000000072d800000| Untracked 
| 315|0x000000072da00000, 0x000000072da00000, 0x000000072dc00000|  0%| F|  |TAMS 0x000000072da00000| PB 0x000000072da00000| Untracked 
| 316|0x000000072dc00000, 0x000000072dc00000, 0x000000072de00000|  0%| F|  |TAMS 0x000000072dc00000| PB 0x000000072dc00000| Untracked 
| 317|0x000000072de00000, 0x000000072de00000, 0x000000072e000000|  0%| F|  |TAMS 0x000000072de00000| PB 0x000000072de00000| Untracked 
| 318|0x000000072e000000, 0x000000072e000000, 0x000000072e200000|  0%| F|  |TAMS 0x000000072e000000| PB 0x000000072e000000| Untracked 
| 319|0x000000072e200000, 0x000000072e200000, 0x000000072e400000|  0%| F|  |TAMS 0x000000072e200000| PB 0x000000072e200000| Untracked 
| 320|0x000000072e400000, 0x000000072e400000, 0x000000072e600000|  0%| F|  |TAMS 0x000000072e400000| PB 0x000000072e400000| Untracked 
| 321|0x000000072e600000, 0x000000072e600000, 0x000000072e800000|  0%| F|  |TAMS 0x000000072e600000| PB 0x000000072e600000| Untracked 
| 322|0x000000072e800000, 0x000000072e800000, 0x000000072ea00000|  0%| F|  |TAMS 0x000000072e800000| PB 0x000000072e800000| Untracked 
| 323|0x000000072ea00000, 0x000000072ea00000, 0x000000072ec00000|  0%| F|  |TAMS 0x000000072ea00000| PB 0x000000072ea00000| Untracked 
| 324|0x000000072ec00000, 0x000000072ec00000, 0x000000072ee00000|  0%| F|  |TAMS 0x000000072ec00000| PB 0x000000072ec00000| Untracked 
| 325|0x000000072ee00000, 0x000000072ee00000, 0x000000072f000000|  0%| F|  |TAMS 0x000000072ee00000| PB 0x000000072ee00000| Untracked 
| 326|0x000000072f000000, 0x000000072f000000, 0x000000072f200000|  0%| F|  |TAMS 0x000000072f000000| PB 0x000000072f000000| Untracked 
| 327|0x000000072f200000, 0x000000072f200000, 0x000000072f400000|  0%| F|  |TAMS 0x000000072f200000| PB 0x000000072f200000| Untracked 
| 328|0x000000072f400000, 0x000000072f400000, 0x000000072f600000|  0%| F|  |TAMS 0x000000072f400000| PB 0x000000072f400000| Untracked 
| 329|0x000000072f600000, 0x000000072f600000, 0x000000072f800000|  0%| F|  |TAMS 0x000000072f600000| PB 0x000000072f600000| Untracked 
| 330|0x000000072f800000, 0x000000072f800000, 0x000000072fa00000|  0%| F|  |TAMS 0x000000072f800000| PB 0x000000072f800000| Untracked 
| 331|0x000000072fa00000, 0x000000072fa00000, 0x000000072fc00000|  0%| F|  |TAMS 0x000000072fa00000| PB 0x000000072fa00000| Untracked 
| 332|0x000000072fc00000, 0x000000072fc00000, 0x000000072fe00000|  0%| F|  |TAMS 0x000000072fc00000| PB 0x000000072fc00000| Untracked 
| 333|0x000000072fe00000, 0x000000072fe00000, 0x0000000730000000|  0%| F|  |TAMS 0x000000072fe00000| PB 0x000000072fe00000| Untracked 
| 334|0x0000000730000000, 0x0000000730000000, 0x0000000730200000|  0%| F|  |TAMS 0x0000000730000000| PB 0x0000000730000000| Untracked 
| 335|0x0000000730200000, 0x0000000730200000, 0x0000000730400000|  0%| F|  |TAMS 0x0000000730200000| PB 0x0000000730200000| Untracked 
| 336|0x0000000730400000, 0x0000000730400000, 0x0000000730600000|  0%| F|  |TAMS 0x0000000730400000| PB 0x0000000730400000| Untracked 
| 337|0x0000000730600000, 0x0000000730600000, 0x0000000730800000|  0%| F|  |TAMS 0x0000000730600000| PB 0x0000000730600000| Untracked 
| 338|0x0000000730800000, 0x0000000730800000, 0x0000000730a00000|  0%| F|  |TAMS 0x0000000730800000| PB 0x0000000730800000| Untracked 
| 339|0x0000000730a00000, 0x0000000730a00000, 0x0000000730c00000|  0%| F|  |TAMS 0x0000000730a00000| PB 0x0000000730a00000| Untracked 
| 340|0x0000000730c00000, 0x0000000730c00000, 0x0000000730e00000|  0%| F|  |TAMS 0x0000000730c00000| PB 0x0000000730c00000| Untracked 
| 341|0x0000000730e00000, 0x0000000730e00000, 0x0000000731000000|  0%| F|  |TAMS 0x0000000730e00000| PB 0x0000000730e00000| Untracked 
| 342|0x0000000731000000, 0x0000000731000000, 0x0000000731200000|  0%| F|  |TAMS 0x0000000731000000| PB 0x0000000731000000| Untracked 
| 343|0x0000000731200000, 0x0000000731200000, 0x0000000731400000|  0%| F|  |TAMS 0x0000000731200000| PB 0x0000000731200000| Untracked 
| 344|0x0000000731400000, 0x0000000731400000, 0x0000000731600000|  0%| F|  |TAMS 0x0000000731400000| PB 0x0000000731400000| Untracked 
| 345|0x0000000731600000, 0x0000000731600000, 0x0000000731800000|  0%| F|  |TAMS 0x0000000731600000| PB 0x0000000731600000| Untracked 
| 346|0x0000000731800000, 0x0000000731800000, 0x0000000731a00000|  0%| F|  |TAMS 0x0000000731800000| PB 0x0000000731800000| Untracked 
| 347|0x0000000731a00000, 0x0000000731a00000, 0x0000000731c00000|  0%| F|  |TAMS 0x0000000731a00000| PB 0x0000000731a00000| Untracked 
| 348|0x0000000731c00000, 0x0000000731c00000, 0x0000000731e00000|  0%| F|  |TAMS 0x0000000731c00000| PB 0x0000000731c00000| Untracked 
| 349|0x0000000731e00000, 0x0000000731e00000, 0x0000000732000000|  0%| F|  |TAMS 0x0000000731e00000| PB 0x0000000731e00000| Untracked 
| 350|0x0000000732000000, 0x0000000732000000, 0x0000000732200000|  0%| F|  |TAMS 0x0000000732000000| PB 0x0000000732000000| Untracked 
| 351|0x0000000732200000, 0x0000000732200000, 0x0000000732400000|  0%| F|  |TAMS 0x0000000732200000| PB 0x0000000732200000| Untracked 
| 352|0x0000000732400000, 0x0000000732400000, 0x0000000732600000|  0%| F|  |TAMS 0x0000000732400000| PB 0x0000000732400000| Untracked 
| 353|0x0000000732600000, 0x0000000732600000, 0x0000000732800000|  0%| F|  |TAMS 0x0000000732600000| PB 0x0000000732600000| Untracked 
| 354|0x0000000732800000, 0x0000000732800000, 0x0000000732a00000|  0%| F|  |TAMS 0x0000000732800000| PB 0x0000000732800000| Untracked 
| 355|0x0000000732a00000, 0x0000000732a00000, 0x0000000732c00000|  0%| F|  |TAMS 0x0000000732a00000| PB 0x0000000732a00000| Untracked 
| 356|0x0000000732c00000, 0x0000000732c00000, 0x0000000732e00000|  0%| F|  |TAMS 0x0000000732c00000| PB 0x0000000732c00000| Untracked 
| 357|0x0000000732e00000, 0x0000000732e00000, 0x0000000733000000|  0%| F|  |TAMS 0x0000000732e00000| PB 0x0000000732e00000| Untracked 
| 358|0x0000000733000000, 0x0000000733000000, 0x0000000733200000|  0%| F|  |TAMS 0x0000000733000000| PB 0x0000000733000000| Untracked 
| 359|0x0000000733200000, 0x0000000733200000, 0x0000000733400000|  0%| F|  |TAMS 0x0000000733200000| PB 0x0000000733200000| Untracked 
| 360|0x0000000733400000, 0x0000000733400000, 0x0000000733600000|  0%| F|  |TAMS 0x0000000733400000| PB 0x0000000733400000| Untracked 
| 361|0x0000000733600000, 0x0000000733600000, 0x0000000733800000|  0%| F|  |TAMS 0x0000000733600000| PB 0x0000000733600000| Untracked 
| 362|0x0000000733800000, 0x0000000733800000, 0x0000000733a00000|  0%| F|  |TAMS 0x0000000733800000| PB 0x0000000733800000| Untracked 
| 363|0x0000000733a00000, 0x0000000733a00000, 0x0000000733c00000|  0%| F|  |TAMS 0x0000000733a00000| PB 0x0000000733a00000| Untracked 
| 364|0x0000000733c00000, 0x0000000733c00000, 0x0000000733e00000|  0%| F|  |TAMS 0x0000000733c00000| PB 0x0000000733c00000| Untracked 
| 365|0x0000000733e00000, 0x0000000733e00000, 0x0000000734000000|  0%| F|  |TAMS 0x0000000733e00000| PB 0x0000000733e00000| Untracked 
| 366|0x0000000734000000, 0x0000000734000000, 0x0000000734200000|  0%| F|  |TAMS 0x0000000734000000| PB 0x0000000734000000| Untracked 
| 367|0x0000000734200000, 0x0000000734200000, 0x0000000734400000|  0%| F|  |TAMS 0x0000000734200000| PB 0x0000000734200000| Untracked 
| 368|0x0000000734400000, 0x0000000734400000, 0x0000000734600000|  0%| F|  |TAMS 0x0000000734400000| PB 0x0000000734400000| Untracked 
| 369|0x0000000734600000, 0x0000000734600000, 0x0000000734800000|  0%| F|  |TAMS 0x0000000734600000| PB 0x0000000734600000| Untracked 
| 370|0x0000000734800000, 0x0000000734800000, 0x0000000734a00000|  0%| F|  |TAMS 0x0000000734800000| PB 0x0000000734800000| Untracked 
| 371|0x0000000734a00000, 0x0000000734a00000, 0x0000000734c00000|  0%| F|  |TAMS 0x0000000734a00000| PB 0x0000000734a00000| Untracked 
| 372|0x0000000734c00000, 0x0000000734c00000, 0x0000000734e00000|  0%| F|  |TAMS 0x0000000734c00000| PB 0x0000000734c00000| Untracked 
| 373|0x0000000734e00000, 0x0000000734e00000, 0x0000000735000000|  0%| F|  |TAMS 0x0000000734e00000| PB 0x0000000734e00000| Untracked 
| 374|0x0000000735000000, 0x0000000735000000, 0x0000000735200000|  0%| F|  |TAMS 0x0000000735000000| PB 0x0000000735000000| Untracked 
| 375|0x0000000735200000, 0x0000000735200000, 0x0000000735400000|  0%| F|  |TAMS 0x0000000735200000| PB 0x0000000735200000| Untracked 
| 376|0x0000000735400000, 0x0000000735400000, 0x0000000735600000|  0%| F|  |TAMS 0x0000000735400000| PB 0x0000000735400000| Untracked 
| 377|0x0000000735600000, 0x0000000735600000, 0x0000000735800000|  0%| F|  |TAMS 0x0000000735600000| PB 0x0000000735600000| Untracked 
| 378|0x0000000735800000, 0x0000000735800000, 0x0000000735a00000|  0%| F|  |TAMS 0x0000000735800000| PB 0x0000000735800000| Untracked 
| 379|0x0000000735a00000, 0x0000000735a00000, 0x0000000735c00000|  0%| F|  |TAMS 0x0000000735a00000| PB 0x0000000735a00000| Untracked 
| 380|0x0000000735c00000, 0x0000000735c00000, 0x0000000735e00000|  0%| F|  |TAMS 0x0000000735c00000| PB 0x0000000735c00000| Untracked 
| 381|0x0000000735e00000, 0x0000000735e00000, 0x0000000736000000|  0%| F|  |TAMS 0x0000000735e00000| PB 0x0000000735e00000| Untracked 
| 382|0x0000000736000000, 0x0000000736000000, 0x0000000736200000|  0%| F|  |TAMS 0x0000000736000000| PB 0x0000000736000000| Untracked 
| 383|0x0000000736200000, 0x0000000736200000, 0x0000000736400000|  0%| F|  |TAMS 0x0000000736200000| PB 0x0000000736200000| Untracked 
| 384|0x0000000736400000, 0x0000000736400000, 0x0000000736600000|  0%| F|  |TAMS 0x0000000736400000| PB 0x0000000736400000| Untracked 
| 385|0x0000000736600000, 0x0000000736600000, 0x0000000736800000|  0%| F|  |TAMS 0x0000000736600000| PB 0x0000000736600000| Untracked 
| 386|0x0000000736800000, 0x0000000736800000, 0x0000000736a00000|  0%| F|  |TAMS 0x0000000736800000| PB 0x0000000736800000| Untracked 
| 387|0x0000000736a00000, 0x0000000736a00000, 0x0000000736c00000|  0%| F|  |TAMS 0x0000000736a00000| PB 0x0000000736a00000| Untracked 
| 388|0x0000000736c00000, 0x0000000736c00000, 0x0000000736e00000|  0%| F|  |TAMS 0x0000000736c00000| PB 0x0000000736c00000| Untracked 
| 389|0x0000000736e00000, 0x0000000736e00000, 0x0000000737000000|  0%| F|  |TAMS 0x0000000736e00000| PB 0x0000000736e00000| Untracked 
| 390|0x0000000737000000, 0x0000000737000000, 0x0000000737200000|  0%| F|  |TAMS 0x0000000737000000| PB 0x0000000737000000| Untracked 
| 391|0x0000000737200000, 0x0000000737200000, 0x0000000737400000|  0%| F|  |TAMS 0x0000000737200000| PB 0x0000000737200000| Untracked 
| 392|0x0000000737400000, 0x0000000737400000, 0x0000000737600000|  0%| F|  |TAMS 0x0000000737400000| PB 0x0000000737400000| Untracked 
| 393|0x0000000737600000, 0x0000000737600000, 0x0000000737800000|  0%| F|  |TAMS 0x0000000737600000| PB 0x0000000737600000| Untracked 
| 394|0x0000000737800000, 0x0000000737800000, 0x0000000737a00000|  0%| F|  |TAMS 0x0000000737800000| PB 0x0000000737800000| Untracked 
| 395|0x0000000737a00000, 0x0000000737a00000, 0x0000000737c00000|  0%| F|  |TAMS 0x0000000737a00000| PB 0x0000000737a00000| Untracked 
| 396|0x0000000737c00000, 0x0000000737c00000, 0x0000000737e00000|  0%| F|  |TAMS 0x0000000737c00000| PB 0x0000000737c00000| Untracked 
| 397|0x0000000737e00000, 0x0000000737e00000, 0x0000000738000000|  0%| F|  |TAMS 0x0000000737e00000| PB 0x0000000737e00000| Untracked 
| 398|0x0000000738000000, 0x0000000738000000, 0x0000000738200000|  0%| F|  |TAMS 0x0000000738000000| PB 0x0000000738000000| Untracked 
| 399|0x0000000738200000, 0x0000000738200000, 0x0000000738400000|  0%| F|  |TAMS 0x0000000738200000| PB 0x0000000738200000| Untracked 
| 400|0x0000000738400000, 0x0000000738500000, 0x0000000738600000| 50%| E|  |TAMS 0x0000000738400000| PB 0x0000000738400000| Complete 
| 401|0x0000000738600000, 0x0000000738800000, 0x0000000738800000|100%| E|CS|TAMS 0x0000000738600000| PB 0x0000000738600000| Complete 
| 402|0x0000000738800000, 0x0000000738a00000, 0x0000000738a00000|100%| E|CS|TAMS 0x0000000738800000| PB 0x0000000738800000| Complete 
| 403|0x0000000738a00000, 0x0000000738c00000, 0x0000000738c00000|100%| E|CS|TAMS 0x0000000738a00000| PB 0x0000000738a00000| Complete 
| 404|0x0000000738c00000, 0x0000000738e00000, 0x0000000738e00000|100%| E|CS|TAMS 0x0000000738c00000| PB 0x0000000738c00000| Complete 
| 405|0x0000000738e00000, 0x0000000739000000, 0x0000000739000000|100%| E|CS|TAMS 0x0000000738e00000| PB 0x0000000738e00000| Complete 
| 406|0x0000000739000000, 0x0000000739200000, 0x0000000739200000|100%| E|CS|TAMS 0x0000000739000000| PB 0x0000000739000000| Complete 
| 407|0x0000000739200000, 0x0000000739400000, 0x0000000739400000|100%| E|CS|TAMS 0x0000000739200000| PB 0x0000000739200000| Complete 
| 408|0x0000000739400000, 0x0000000739600000, 0x0000000739600000|100%| E|CS|TAMS 0x0000000739400000| PB 0x0000000739400000| Complete 
| 409|0x0000000739600000, 0x0000000739800000, 0x0000000739800000|100%| E|CS|TAMS 0x0000000739600000| PB 0x0000000739600000| Complete 
| 410|0x0000000739800000, 0x0000000739a00000, 0x0000000739a00000|100%| E|CS|TAMS 0x0000000739800000| PB 0x0000000739800000| Complete 
| 411|0x0000000739a00000, 0x0000000739c00000, 0x0000000739c00000|100%| E|CS|TAMS 0x0000000739a00000| PB 0x0000000739a00000| Complete 
| 412|0x0000000739c00000, 0x0000000739e00000, 0x0000000739e00000|100%| E|CS|TAMS 0x0000000739c00000| PB 0x0000000739c00000| Complete 
| 413|0x0000000739e00000, 0x000000073a000000, 0x000000073a000000|100%| E|CS|TAMS 0x0000000739e00000| PB 0x0000000739e00000| Complete 
| 414|0x000000073a000000, 0x000000073a200000, 0x000000073a200000|100%| E|CS|TAMS 0x000000073a000000| PB 0x000000073a000000| Complete 
| 415|0x000000073a200000, 0x000000073a400000, 0x000000073a400000|100%| E|CS|TAMS 0x000000073a200000| PB 0x000000073a200000| Complete 
| 416|0x000000073a400000, 0x000000073a600000, 0x000000073a600000|100%| E|CS|TAMS 0x000000073a400000| PB 0x000000073a400000| Complete 
| 417|0x000000073a600000, 0x000000073a800000, 0x000000073a800000|100%| E|CS|TAMS 0x000000073a600000| PB 0x000000073a600000| Complete 
| 418|0x000000073a800000, 0x000000073aa00000, 0x000000073aa00000|100%| E|CS|TAMS 0x000000073a800000| PB 0x000000073a800000| Complete 
| 419|0x000000073aa00000, 0x000000073ac00000, 0x000000073ac00000|100%| E|CS|TAMS 0x000000073aa00000| PB 0x000000073aa00000| Complete 
| 420|0x000000073ac00000, 0x000000073ae00000, 0x000000073ae00000|100%| E|CS|TAMS 0x000000073ac00000| PB 0x000000073ac00000| Complete 
| 421|0x000000073ae00000, 0x000000073b000000, 0x000000073b000000|100%| E|CS|TAMS 0x000000073ae00000| PB 0x000000073ae00000| Complete 
| 422|0x000000073b000000, 0x000000073b200000, 0x000000073b200000|100%| E|CS|TAMS 0x000000073b000000| PB 0x000000073b000000| Complete 
| 423|0x000000073b200000, 0x000000073b400000, 0x000000073b400000|100%| E|CS|TAMS 0x000000073b200000| PB 0x000000073b200000| Complete 
| 424|0x000000073b400000, 0x000000073b600000, 0x000000073b600000|100%| E|CS|TAMS 0x000000073b400000| PB 0x000000073b400000| Complete 
| 425|0x000000073b600000, 0x000000073b800000, 0x000000073b800000|100%| E|CS|TAMS 0x000000073b600000| PB 0x000000073b600000| Complete 
| 426|0x000000073b800000, 0x000000073ba00000, 0x000000073ba00000|100%| E|CS|TAMS 0x000000073b800000| PB 0x000000073b800000| Complete 
| 427|0x000000073ba00000, 0x000000073bc00000, 0x000000073bc00000|100%| E|CS|TAMS 0x000000073ba00000| PB 0x000000073ba00000| Complete 
| 428|0x000000073bc00000, 0x000000073be00000, 0x000000073be00000|100%| E|CS|TAMS 0x000000073bc00000| PB 0x000000073bc00000| Complete 
| 429|0x000000073be00000, 0x000000073c000000, 0x000000073c000000|100%| E|CS|TAMS 0x000000073be00000| PB 0x000000073be00000| Complete 
| 430|0x000000073c000000, 0x000000073c200000, 0x000000073c200000|100%| E|CS|TAMS 0x000000073c000000| PB 0x000000073c000000| Complete 
| 431|0x000000073c200000, 0x000000073c400000, 0x000000073c400000|100%| E|CS|TAMS 0x000000073c200000| PB 0x000000073c200000| Complete 
| 432|0x000000073c400000, 0x000000073c600000, 0x000000073c600000|100%| E|CS|TAMS 0x000000073c400000| PB 0x000000073c400000| Complete 
| 433|0x000000073c600000, 0x000000073c800000, 0x000000073c800000|100%| E|CS|TAMS 0x000000073c600000| PB 0x000000073c600000| Complete 
| 434|0x000000073c800000, 0x000000073ca00000, 0x000000073ca00000|100%| E|CS|TAMS 0x000000073c800000| PB 0x000000073c800000| Complete 
| 435|0x000000073ca00000, 0x000000073cc00000, 0x000000073cc00000|100%| E|CS|TAMS 0x000000073ca00000| PB 0x000000073ca00000| Complete 
| 436|0x000000073cc00000, 0x000000073ce00000, 0x000000073ce00000|100%| E|CS|TAMS 0x000000073cc00000| PB 0x000000073cc00000| Complete 
| 437|0x000000073ce00000, 0x000000073d000000, 0x000000073d000000|100%| E|CS|TAMS 0x000000073ce00000| PB 0x000000073ce00000| Complete 
| 438|0x000000073d000000, 0x000000073d200000, 0x000000073d200000|100%| E|CS|TAMS 0x000000073d000000| PB 0x000000073d000000| Complete 
| 439|0x000000073d200000, 0x000000073d400000, 0x000000073d400000|100%| E|CS|TAMS 0x000000073d200000| PB 0x000000073d200000| Complete 
| 440|0x000000073d400000, 0x000000073d600000, 0x000000073d600000|100%| E|CS|TAMS 0x000000073d400000| PB 0x000000073d400000| Complete 
| 441|0x000000073d600000, 0x000000073d800000, 0x000000073d800000|100%| E|CS|TAMS 0x000000073d600000| PB 0x000000073d600000| Complete 
| 442|0x000000073d800000, 0x000000073da00000, 0x000000073da00000|100%| E|CS|TAMS 0x000000073d800000| PB 0x000000073d800000| Complete 
| 443|0x000000073da00000, 0x000000073dc00000, 0x000000073dc00000|100%| E|CS|TAMS 0x000000073da00000| PB 0x000000073da00000| Complete 
| 444|0x000000073dc00000, 0x000000073de00000, 0x000000073de00000|100%| E|CS|TAMS 0x000000073dc00000| PB 0x000000073dc00000| Complete 
| 445|0x000000073de00000, 0x000000073e000000, 0x000000073e000000|100%| E|CS|TAMS 0x000000073de00000| PB 0x000000073de00000| Complete 
| 446|0x000000073e000000, 0x000000073e200000, 0x000000073e200000|100%| E|CS|TAMS 0x000000073e000000| PB 0x000000073e000000| Complete 
| 447|0x000000073e200000, 0x000000073e400000, 0x000000073e400000|100%| E|CS|TAMS 0x000000073e200000| PB 0x000000073e200000| Complete 
| 448|0x000000073e400000, 0x000000073e600000, 0x000000073e600000|100%| E|CS|TAMS 0x000000073e400000| PB 0x000000073e400000| Complete 
| 449|0x000000073e600000, 0x000000073e800000, 0x000000073e800000|100%| E|CS|TAMS 0x000000073e600000| PB 0x000000073e600000| Complete 
| 450|0x000000073e800000, 0x000000073ea00000, 0x000000073ea00000|100%| E|CS|TAMS 0x000000073e800000| PB 0x000000073e800000| Complete 
| 451|0x000000073ea00000, 0x000000073ec00000, 0x000000073ec00000|100%| E|CS|TAMS 0x000000073ea00000| PB 0x000000073ea00000| Complete 
|1961|0x00000007fb600000, 0x00000007fb800000, 0x00000007fb800000|100%| E|CS|TAMS 0x00000007fb600000| PB 0x00000007fb600000| Complete 
|1962|0x00000007fb800000, 0x00000007fba00000, 0x00000007fba00000|100%| E|CS|TAMS 0x00000007fb800000| PB 0x00000007fb800000| Complete 
|1963|0x00000007fba00000, 0x00000007fbc00000, 0x00000007fbc00000|100%| O|  |TAMS 0x00000007fbc00000| PB 0x00000007fba00000| Untracked 
|1964|0x00000007fbc00000, 0x00000007fbe00000, 0x00000007fbe00000|100%| O|  |TAMS 0x00000007fbe00000| PB 0x00000007fbc00000| Untracked 
|1965|0x00000007fbe00000, 0x00000007fc000000, 0x00000007fc000000|100%| O|  |TAMS 0x00000007fc000000| PB 0x00000007fbe00000| Untracked 
|1966|0x00000007fc000000, 0x00000007fc200000, 0x00000007fc200000|100%| O|  |TAMS 0x00000007fc200000| PB 0x00000007fc000000| Untracked 
|1967|0x00000007fc200000, 0x00000007fc400000, 0x00000007fc400000|100%| O|  |TAMS 0x00000007fc400000| PB 0x00000007fc200000| Untracked 
|1968|0x00000007fc400000, 0x00000007fc600000, 0x00000007fc600000|100%| O|  |TAMS 0x00000007fc600000| PB 0x00000007fc400000| Untracked 
|1969|0x00000007fc600000, 0x00000007fc800000, 0x00000007fc800000|100%| O|  |TAMS 0x00000007fc800000| PB 0x00000007fc600000| Untracked 
|1970|0x00000007fc800000, 0x00000007fca00000, 0x00000007fca00000|100%| O|  |TAMS 0x00000007fca00000| PB 0x00000007fc800000| Untracked 
|1971|0x00000007fca00000, 0x00000007fcc00000, 0x00000007fcc00000|100%| O|  |TAMS 0x00000007fcc00000| PB 0x00000007fca00000| Untracked 
|1972|0x00000007fcc00000, 0x00000007fce00000, 0x00000007fce00000|100%| E|CS|TAMS 0x00000007fcc00000| PB 0x00000007fcc00000| Complete 
|1973|0x00000007fce00000, 0x00000007fd000000, 0x00000007fd000000|100%| O|  |TAMS 0x00000007fd000000| PB 0x00000007fce00000| Untracked 
|1974|0x00000007fd000000, 0x00000007fd200000, 0x00000007fd200000|100%| O|  |TAMS 0x00000007fd200000| PB 0x00000007fd000000| Untracked 
|1975|0x00000007fd200000, 0x00000007fd400000, 0x00000007fd400000|100%| O|  |TAMS 0x00000007fd400000| PB 0x00000007fd200000| Untracked 
|1976|0x00000007fd400000, 0x00000007fd600000, 0x00000007fd600000|100%| O|  |TAMS 0x00000007fd600000| PB 0x00000007fd400000| Untracked 
|1977|0x00000007fd600000, 0x00000007fd800000, 0x00000007fd800000|100%| O|  |TAMS 0x00000007fd800000| PB 0x00000007fd600000| Untracked 
|1978|0x00000007fd800000, 0x00000007fda00000, 0x00000007fda00000|100%| O|  |TAMS 0x00000007fda00000| PB 0x00000007fd800000| Untracked 
|1979|0x00000007fda00000, 0x00000007fdc00000, 0x00000007fdc00000|100%| O|  |TAMS 0x00000007fdc00000| PB 0x00000007fda00000| Untracked 
|1980|0x00000007fdc00000, 0x00000007fde00000, 0x00000007fde00000|100%| O|  |TAMS 0x00000007fde00000| PB 0x00000007fdc00000| Untracked 
|1981|0x00000007fde00000, 0x00000007fe000000, 0x00000007fe000000|100%| O|  |TAMS 0x00000007fe000000| PB 0x00000007fde00000| Untracked 
|1982|0x00000007fe000000, 0x00000007fe200000, 0x00000007fe200000|100%| O|  |TAMS 0x00000007fe200000| PB 0x00000007fe000000| Untracked 
|1983|0x00000007fe200000, 0x00000007fe400000, 0x00000007fe400000|100%| O|  |TAMS 0x00000007fe400000| PB 0x00000007fe200000| Untracked 
|1984|0x00000007fe400000, 0x00000007fe600000, 0x00000007fe600000|100%| O|  |TAMS 0x00000007fe600000| PB 0x00000007fe400000| Untracked 
|1985|0x00000007fe600000, 0x00000007fe800000, 0x00000007fe800000|100%| O|  |TAMS 0x00000007fe800000| PB 0x00000007fe600000| Untracked 
|1986|0x00000007fe800000, 0x00000007fea00000, 0x00000007fea00000|100%| O|  |TAMS 0x00000007fea00000| PB 0x00000007fe800000| Untracked 
|1987|0x00000007fea00000, 0x00000007fec00000, 0x00000007fec00000|100%| O|  |TAMS 0x00000007fec00000| PB 0x00000007fea00000| Untracked 
|1988|0x00000007fec00000, 0x00000007fee00000, 0x00000007fee00000|100%| O|  |TAMS 0x00000007fee00000| PB 0x00000007fec00000| Untracked 
|1989|0x00000007fee00000, 0x00000007ff000000, 0x00000007ff000000|100%| O|  |TAMS 0x00000007ff000000| PB 0x00000007fee00000| Untracked 
|1990|0x00000007ff000000, 0x00000007ff200000, 0x00000007ff200000|100%| O|  |TAMS 0x00000007ff200000| PB 0x00000007ff000000| Untracked 
|1991|0x00000007ff200000, 0x00000007ff400000, 0x00000007ff400000|100%| O|  |TAMS 0x00000007ff400000| PB 0x00000007ff200000| Untracked 
|1992|0x00000007ff400000, 0x00000007ff600000, 0x00000007ff600000|100%| O|  |TAMS 0x00000007ff600000| PB 0x00000007ff400000| Untracked 
|1993|0x00000007ff600000, 0x00000007ff800000, 0x00000007ff800000|100%| O|  |TAMS 0x00000007ff800000| PB 0x00000007ff600000| Untracked 
|1994|0x00000007ff800000, 0x00000007ffa00000, 0x00000007ffa00000|100%| E|CS|TAMS 0x00000007ff800000| PB 0x00000007ff800000| Complete 
|1995|0x00000007ffa00000, 0x00000007ffc00000, 0x00000007ffc00000|100%| O|  |TAMS 0x00000007ffc00000| PB 0x00000007ffa00000| Untracked 
|1996|0x00000007ffc00000, 0x00000007ffe00000, 0x00000007ffe00000|100%| O|  |TAMS 0x00000007ffe00000| PB 0x00000007ffc00000| Untracked 
|1997|0x00000007ffe00000, 0x0000000800000000, 0x0000000800000000|100%| E|CS|TAMS 0x00000007ffe00000| PB 0x00000007ffe00000| Complete 

Card table byte_map: [0x000001f0d6960000,0x000001f0d7130000] _byte_map_base: 0x000001f0d312e000

Marking Bits: (CMBitMap*) 0x000001f0d5fd6280
 Bits: [0x000001f0d7130000, 0x000001f0dafa0000)

Polling page: 0x000001f0be0f0000

Metaspace:

Usage:
  Non-class:     35.38 MB used.
      Class:      3.78 MB used.
       Both:     39.16 MB used.

Virtual space:
  Non-class space:       64.00 MB reserved,      35.62 MB ( 56%) committed,  1 nodes.
      Class space:        1.00 GB reserved,       4.00 MB ( <1%) committed,  1 nodes.
             Both:        1.06 GB reserved,      39.62 MB (  4%) committed. 

Chunk freelists:
   Non-Class:  12.29 MB
       Class:  11.97 MB
        Both:  24.26 MB

MaxMetaspaceSize: unlimited
CompressedClassSpaceSize: 1.00 GB
Initial GC threshold: 21.00 MB
Current GC threshold: 63.75 MB
CDS: off
 - commit_granule_bytes: 65536.
 - commit_granule_words: 8192.
 - virtual_space_node_default_size: 8388608.
 - enlarge_chunks_in_place: 1.
 - use_allocation_guard: 0.


Internal statistics:

num_allocs_failed_limit: 3.
num_arena_births: 658.
num_arena_deaths: 38.
num_vsnodes_births: 2.
num_vsnodes_deaths: 0.
num_space_committed: 631.
num_space_uncommitted: 0.
num_chunks_returned_to_freelist: 52.
num_chunks_taken_from_freelist: 1917.
num_chunk_merges: 6.
num_chunk_splits: 1229.
num_chunks_enlarged: 817.
num_inconsistent_stats: 0.

CodeHeap 'non-profiled nmethods': size=120000Kb used=9623Kb max_used=9623Kb free=110376Kb
 bounds [0x000001f0cdfe0000, 0x000001f0ce950000, 0x000001f0d5510000]
CodeHeap 'profiled nmethods': size=120000Kb used=19620Kb max_used=19620Kb free=100379Kb
 bounds [0x000001f0c6510000, 0x000001f0c7840000, 0x000001f0cda40000]
CodeHeap 'non-nmethods': size=5760Kb used=1494Kb max_used=1646Kb free=4265Kb
 bounds [0x000001f0cda40000, 0x000001f0cdcb0000, 0x000001f0cdfe0000]
 total_blobs=9418 nmethods=8853 adapters=469
 compilation: enabled
              stopped_count=0, restarted_count=0
 full_count=0

Compilation events (20 events):
Event: 16744.737 Thread 0x000001f0dd99f1e0 10635   !   4       io.ballerina.projects.internal.BalaFiles::readPkgJson (80 bytes)
Event: 16744.737 Thread 0x000001f0e304f670 10636       4       io.ballerina.projects.internal.repositories.FileSystemRepository$$Lambda/0x000000080034f338::apply (8 bytes)
Event: 16744.740 Thread 0x000001f0e304f670 nmethod 10636 0x000001f0ce92ce90 code [0x000001f0ce92d060, 0x000001f0ce92d318]
Event: 16744.740 Thread 0x000001f0e304f670 10637       4       io.ballerina.projects.internal.repositories.FileSystemRepository$$Lambda/0x000000080034f568::accept (12 bytes)
Event: 16744.752 Thread 0x000001f0e304f670 nmethod 10637 0x000001f0ce92d610 code [0x000001f0ce92d800, 0x000001f0ce92e328]
Event: 16744.752 Thread 0x000001f0e304f670 10638       4       io.ballerina.projects.internal.environment.DefaultPackageResolver::resolvePackageMetadata (877 bytes)
Event: 16744.775 Thread 0x000001f0dd99f1e0 nmethod 10635 0x000001f0ce92e890 code [0x000001f0ce92ec00, 0x000001f0ce930bc0]
Event: 16744.776 Thread 0x000001f0dd99f1e0 10640       4       io.ballerina.projects.internal.repositories.FileSystemRepository::getIncompatibleVer (161 bytes)
Event: 16745.107 Thread 0x000001f0e304f670 nmethod 10638 0x000001f0ce931c10 code [0x000001f0ce9323c0, 0x000001f0ce938c18]
Event: 16745.108 Thread 0x000001f0e304f670 10644       4       io.ballerina.projects.PackageDescriptor::isBuiltInPackage (15 bytes)
Event: 16745.114 Thread 0x000001f0e304f670 nmethod 10644 0x000001f0ce93e890 code [0x000001f0ce93ea60, 0x000001f0ce93f0f0]
Event: 16745.114 Thread 0x000001f0e304f670 10641       4       io.ballerina.projects.internal.repositories.FileSystemRepository::pathToVersions (37 bytes)
Event: 16745.135 Thread 0x000001f0e304f670 nmethod 10641 0x000001f0ce93f490 code [0x000001f0ce93f700, 0x000001f0ce9403d0]
Event: 16745.135 Thread 0x000001f0e304f670 10642   !   4       java.nio.file.Files::list (70 bytes)
Event: 16745.149 Thread 0x000001f0e304f670 nmethod 10642 0x000001f0ce940e90 code [0x000001f0ce9410e0, 0x000001f0ce941e88]
Event: 16745.149 Thread 0x000001f0e304f670 10643   !   4       java.nio.file.Files::lambda$asUncheckedRunnable$0 (20 bytes)
Event: 16745.160 Thread 0x000001f0e304f670 nmethod 10643 0x000001f0ce942610 code [0x000001f0ce942840, 0x000001f0ce943250]
Event: 16745.160 Thread 0x000001f0e304f670 10639   !   4       io.ballerina.projects.internal.repositories.RemotePackageRepository::getPackageMetadata (269 bytes)
Event: 16745.174 Thread 0x000001f0e304f670 nmethod 10639 0x000001f0ce943910 code [0x000001f0ce943c20, 0x000001f0ce944710]
Event: 16745.256 Thread 0x000001f0e304f670 10645       4       java.lang.AbstractStringBuilder::append (37 bytes)

GC Heap History (20 events):
Event: 37.691 GC heap before
{Heap before GC invocations=38 (full 0):
 garbage-first heap   total 520192K, used 457961K [0x0000000706400000, 0x0000000800000000)
  region size 2048K, 152 young (311296K), 3 survivors (6144K)
 Metaspace       used 37399K, committed 37824K, reserved 1114112K
  class space    used 3658K, committed 3840K, reserved 1048576K
}
Event: 37.698 GC heap after
{Heap after GC invocations=39 (full 0):
 garbage-first heap   total 520192K, used 152138K [0x0000000706400000, 0x0000000800000000)
  region size 2048K, 3 young (6144K), 3 survivors (6144K)
 Metaspace       used 37399K, committed 37824K, reserved 1114112K
  class space    used 3658K, committed 3840K, reserved 1048576K
}
Event: 39.397 GC heap before
{Heap before GC invocations=39 (full 0):
 garbage-first heap   total 520192K, used 457290K [0x0000000706400000, 0x0000000800000000)
  region size 2048K, 152 young (311296K), 3 survivors (6144K)
 Metaspace       used 37472K, committed 37888K, reserved 1114112K
  class space    used 3663K, committed 3840K, reserved 1048576K
}
Event: 39.407 GC heap after
{Heap after GC invocations=40 (full 0):
 garbage-first heap   total 520192K, used 153156K [0x0000000706400000, 0x0000000800000000)
  region size 2048K, 3 young (6144K), 3 survivors (6144K)
 Metaspace       used 37472K, committed 37888K, reserved 1114112K
  class space    used 3663K, committed 3840K, reserved 1048576K
}
Event: 40.976 GC heap before
{Heap before GC invocations=40 (full 0):
 garbage-first heap   total 520192K, used 245316K [0x0000000706400000, 0x0000000800000000)
  region size 2048K, 47 young (96256K), 3 survivors (6144K)
 Metaspace       used 37876K, committed 38272K, reserved 1114112K
  class space    used 3676K, committed 3840K, reserved 1048576K
}
Event: 40.989 GC heap after
{Heap after GC invocations=41 (full 0):
 garbage-first heap   total 520192K, used 157909K [0x0000000706400000, 0x0000000800000000)
  region size 2048K, 5 young (10240K), 5 survivors (10240K)
 Metaspace       used 37876K, committed 38272K, reserved 1114112K
  class space    used 3676K, committed 3840K, reserved 1048576K
}
Event: 41.131 GC heap before
{Heap before GC invocations=41 (full 0):
 garbage-first heap   total 520192K, used 172245K [0x0000000706400000, 0x0000000800000000)
  region size 2048K, 11 young (22528K), 5 survivors (10240K)
 Metaspace       used 37877K, committed 38272K, reserved 1114112K
  class space    used 3676K, committed 3840K, reserved 1048576K
}
Event: 41.148 GC heap after
{Heap after GC invocations=42 (full 0):
 garbage-first heap   total 520192K, used 165460K [0x0000000706400000, 0x0000000800000000)
  region size 2048K, 7 young (14336K), 7 survivors (14336K)
 Metaspace       used 37877K, committed 38272K, reserved 1114112K
  class space    used 3676K, committed 3840K, reserved 1048576K
}
Event: 41.285 GC heap before
{Heap before GC invocations=42 (full 0):
 garbage-first heap   total 520192K, used 183892K [0x0000000706400000, 0x0000000800000000)
  region size 2048K, 8 young (16384K), 7 survivors (14336K)
 Metaspace       used 37877K, committed 38272K, reserved 1114112K
  class space    used 3676K, committed 3840K, reserved 1048576K
}
Event: 41.307 GC heap after
{Heap after GC invocations=43 (full 0):
 garbage-first heap   total 520192K, used 165765K [0x0000000706400000, 0x0000000800000000)
  region size 2048K, 7 young (14336K), 7 survivors (14336K)
 Metaspace       used 37877K, committed 38272K, reserved 1114112K
  class space    used 3676K, committed 3840K, reserved 1048576K
}
Event: 45.093 GC heap before
{Heap before GC invocations=43 (full 0):
 garbage-first heap   total 520192K, used 481157K [0x0000000706400000, 0x0000000800000000)
  region size 2048K, 152 young (311296K), 7 survivors (14336K)
 Metaspace       used 38184K, committed 38592K, reserved 1114112K
  class space    used 3681K, committed 3904K, reserved 1048576K
}
Event: 45.188 GC heap after
{Heap after GC invocations=44 (full 0):
 garbage-first heap   total 585728K, used 274015K [0x0000000706400000, 0x0000000800000000)
  region size 2048K, 19 young (38912K), 19 survivors (38912K)
 Metaspace       used 38184K, committed 38592K, reserved 1114112K
  class space    used 3681K, committed 3904K, reserved 1048576K
}
Event: 47.355 GC heap before
{Heap before GC invocations=44 (full 0):
 garbage-first heap   total 585728K, used 493151K [0x0000000706400000, 0x0000000800000000)
  region size 2048K, 126 young (258048K), 19 survivors (38912K)
 Metaspace       used 38302K, committed 38784K, reserved 1114112K
  class space    used 3687K, committed 3904K, reserved 1048576K
}
Event: 47.430 GC heap after
{Heap after GC invocations=45 (full 0):
 garbage-first heap   total 585728K, used 294060K [0x0000000706400000, 0x0000000800000000)
  region size 2048K, 8 young (16384K), 8 survivors (16384K)
 Metaspace       used 38302K, committed 38784K, reserved 1114112K
  class space    used 3687K, committed 3904K, reserved 1048576K
}
Event: 16741.152 GC heap before
{Heap before GC invocations=46 (full 0):
 garbage-first heap   total 585728K, used 484524K [0x0000000706400000, 0x0000000800000000)
  region size 2048K, 112 young (229376K), 8 survivors (16384K)
 Metaspace       used 40074K, committed 40512K, reserved 1114112K
  class space    used 3865K, committed 4096K, reserved 1048576K
}
Event: 16741.592 GC heap after
{Heap after GC invocations=47 (full 0):
 garbage-first heap   total 585728K, used 329260K [0x0000000706400000, 0x0000000800000000)
  region size 2048K, 14 young (28672K), 14 survivors (28672K)
 Metaspace       used 40074K, committed 40512K, reserved 1114112K
  class space    used 3865K, committed 4096K, reserved 1048576K
}
Event: 16743.281 GC heap before
{Heap before GC invocations=47 (full 0):
 garbage-first heap   total 585728K, used 493100K [0x0000000706400000, 0x0000000800000000)
  region size 2048K, 94 young (192512K), 14 survivors (28672K)
 Metaspace       used 40091K, committed 40576K, reserved 1114112K
  class space    used 3865K, committed 4096K, reserved 1048576K
}
Event: 16743.344 GC heap after
{Heap after GC invocations=48 (full 0):
 garbage-first heap   total 585728K, used 360001K [0x0000000706400000, 0x0000000800000000)
  region size 2048K, 12 young (24576K), 12 survivors (24576K)
 Metaspace       used 40091K, committed 40576K, reserved 1114112K
  class space    used 3865K, committed 4096K, reserved 1048576K
}
Event: 16744.206 GC heap before
{Heap before GC invocations=48 (full 0):
 garbage-first heap   total 585728K, used 499265K [0x0000000706400000, 0x0000000800000000)
  region size 2048K, 80 young (163840K), 12 survivors (24576K)
 Metaspace       used 40091K, committed 40576K, reserved 1114112K
  class space    used 3865K, committed 4096K, reserved 1048576K
}
Event: 16744.233 GC heap after
{Heap after GC invocations=49 (full 0):
 garbage-first heap   total 1001472K, used 364885K [0x0000000706400000, 0x0000000800000000)
  region size 2048K, 1 young (2048K), 1 survivors (2048K)
 Metaspace       used 40091K, committed 40576K, reserved 1114112K
  class space    used 3865K, committed 4096K, reserved 1048576K
}

Dll operation events (5 events):
Event: 0.029 Loaded shared library C:\Program Files\Ballerina\dependencies\jdk-21.0.5+11-jre\bin\java.dll
Event: 0.435 Loaded shared library C:\Program Files\Ballerina\dependencies\jdk-21.0.5+11-jre\bin\net.dll
Event: 0.442 Loaded shared library C:\Program Files\Ballerina\dependencies\jdk-21.0.5+11-jre\bin\nio.dll
Event: 0.462 Loaded shared library C:\Program Files\Ballerina\dependencies\jdk-21.0.5+11-jre\bin\zip.dll
Event: 0.782 Loaded shared library C:\Program Files\Ballerina\dependencies\jdk-21.0.5+11-jre\bin\jimage.dll

Deoptimization events (20 events):
Event: 16741.122 Thread 0x000001f0e3c8d9c0 DEOPT PACKING pc=0x000001f0ce7fb750 sp=0x0000004a712fb390
Event: 16741.122 Thread 0x000001f0e3c8d9c0 DEOPT UNPACKING pc=0x000001f0cda946a2 sp=0x0000004a712fb3f0 mode 2
Event: 16741.122 Thread 0x000001f0e3c8d9c0 Uncommon trap: trap_request=0xffffffbe fr.pc=0x000001f0ce7fb750 relative=0x0000000000001210
Event: 16741.122 Thread 0x000001f0e3c8d9c0 Uncommon trap: reason=profile_predicate action=maybe_recompile pc=0x000001f0ce7fb750 method=io.ballerina.compiler.internal.parser.BallerinaLexer.readTemplateToken()Lio/ballerina/compiler/internal/parser/tree/STToken; @ 107 c2
Event: 16741.122 Thread 0x000001f0e3c8d9c0 DEOPT PACKING pc=0x000001f0ce7fb750 sp=0x0000004a712fade0
Event: 16741.122 Thread 0x000001f0e3c8d9c0 DEOPT UNPACKING pc=0x000001f0cda946a2 sp=0x0000004a712fae40 mode 2
Event: 16741.123 Thread 0x000001f0e3c8d9c0 Uncommon trap: trap_request=0xffffffbe fr.pc=0x000001f0ce7fb750 relative=0x0000000000001210
Event: 16741.123 Thread 0x000001f0e3c8d9c0 Uncommon trap: reason=profile_predicate action=maybe_recompile pc=0x000001f0ce7fb750 method=io.ballerina.compiler.internal.parser.BallerinaLexer.readTemplateToken()Lio/ballerina/compiler/internal/parser/tree/STToken; @ 107 c2
Event: 16741.123 Thread 0x000001f0e3c8d9c0 DEOPT PACKING pc=0x000001f0ce7fb750 sp=0x0000004a712faca0
Event: 16741.123 Thread 0x000001f0e3c8d9c0 DEOPT UNPACKING pc=0x000001f0cda946a2 sp=0x0000004a712fad00 mode 2
Event: 16741.123 Thread 0x000001f0e3c8d9c0 Uncommon trap: trap_request=0xffffffbe fr.pc=0x000001f0ce7fb750 relative=0x0000000000001210
Event: 16741.123 Thread 0x000001f0e3c8d9c0 Uncommon trap: reason=profile_predicate action=maybe_recompile pc=0x000001f0ce7fb750 method=io.ballerina.compiler.internal.parser.BallerinaLexer.readTemplateToken()Lio/ballerina/compiler/internal/parser/tree/STToken; @ 107 c2
Event: 16741.123 Thread 0x000001f0e3c8d9c0 DEOPT PACKING pc=0x000001f0ce7fb750 sp=0x0000004a712fb840
Event: 16741.123 Thread 0x000001f0e3c8d9c0 DEOPT UNPACKING pc=0x000001f0cda946a2 sp=0x0000004a712fb8a0 mode 2
Event: 16742.366 Thread 0x000001f0e3c8d9c0 Uncommon trap: trap_request=0xffffff45 fr.pc=0x000001f0ce7f475c relative=0x000000000000237c
Event: 16742.366 Thread 0x000001f0e3c8d9c0 Uncommon trap: reason=unstable_if action=reinterpret pc=0x000001f0ce7f475c method=io.ballerina.compiler.internal.parser.BallerinaParser.parseTypeDescriptorInternal(Ljava/util/List;Lio/ballerina/compiler/internal/parser/ParserRuleContext;Z)Lio/ballerina/co
Event: 16742.366 Thread 0x000001f0e3c8d9c0 DEOPT PACKING pc=0x000001f0ce7f475c sp=0x0000004a712fc5b0
Event: 16742.366 Thread 0x000001f0e3c8d9c0 DEOPT UNPACKING pc=0x000001f0cda946a2 sp=0x0000004a712fc5d8 mode 2
Event: 16742.368 Thread 0x000001f0e3c8d9c0 DEOPT PACKING pc=0x000001f0c6a5ebb2 sp=0x0000004a712fd9f0
Event: 16742.368 Thread 0x000001f0e3c8d9c0 DEOPT UNPACKING pc=0x000001f0cda94e42 sp=0x0000004a712fcef8 mode 0

Classes loaded (20 events):
Event: 47.693 Loading class java/io/FilePermissionCollection
Event: 47.714 Loading class java/io/FilePermissionCollection done
Event: 47.715 Loading class java/net/URLClassLoader$2
Event: 47.715 Loading class java/net/URLClassLoader$2 done
Event: 47.802 Loading class sun/invoke/util/VerifyAccess$1
Event: 47.803 Loading class sun/invoke/util/VerifyAccess$1 done
Event: 48.432 Loading class java/util/concurrent/CompletableFuture$UniRelay
Event: 48.433 Loading class java/util/concurrent/CompletableFuture$UniRelay done
Event: 48.442 Loading class java/util/regex/Pattern$Behind
Event: 48.445 Loading class java/util/regex/Pattern$Behind done
Event: 49.476 Loading class java/nio/file/TempFileHelper
Event: 49.476 Loading class java/nio/file/TempFileHelper done
Event: 49.478 Loading class sun/nio/fs/WindowsChannelFactory$2
Event: 49.478 Loading class sun/nio/fs/WindowsChannelFactory$2 done
Event: 49.480 Loading class sun/nio/ch/ChannelOutputStream
Event: 49.480 Loading class sun/nio/ch/ChannelOutputStream done
Event: 110.292 Loading class java/util/IdentityHashMap$KeyIterator
Event: 110.296 Loading class java/util/IdentityHashMap$IdentityHashMapIterator
Event: 110.297 Loading class java/util/IdentityHashMap$IdentityHashMapIterator done
Event: 110.297 Loading class java/util/IdentityHashMap$KeyIterator done

Classes unloaded (19 events):
Event: 9.767 Thread 0x000001f0d6181cb0 Unloading class 0x00000008002b6800 'java/lang/invoke/LambdaForm$MH+0x00000008002b6800'
Event: 9.767 Thread 0x000001f0d6181cb0 Unloading class 0x00000008002b6400 'java/lang/invoke/LambdaForm$MH+0x00000008002b6400'
Event: 9.767 Thread 0x000001f0d6181cb0 Unloading class 0x00000008002b5800 'java/lang/invoke/LambdaForm$MH+0x00000008002b5800'
Event: 9.767 Thread 0x000001f0d6181cb0 Unloading class 0x00000008002b5000 'java/lang/invoke/LambdaForm$MH+0x00000008002b5000'
Event: 9.767 Thread 0x000001f0d6181cb0 Unloading class 0x00000008002b4800 'java/lang/invoke/LambdaForm$MH+0x00000008002b4800'
Event: 9.767 Thread 0x000001f0d6181cb0 Unloading class 0x00000008002b4000 'java/lang/invoke/LambdaForm$MH+0x00000008002b4000'
Event: 9.767 Thread 0x000001f0d6181cb0 Unloading class 0x00000008002a4400 'java/lang/invoke/LambdaForm$DMH+0x00000008002a4400'
Event: 9.767 Thread 0x000001f0d6181cb0 Unloading class 0x0000000800289c00 'java/lang/invoke/LambdaForm$MH+0x0000000800289c00'
Event: 9.767 Thread 0x000001f0d6181cb0 Unloading class 0x0000000800289000 'java/lang/invoke/LambdaForm$MH+0x0000000800289000'
Event: 9.767 Thread 0x000001f0d6181cb0 Unloading class 0x0000000800288400 'java/lang/invoke/LambdaForm$MH+0x0000000800288400'
Event: 9.767 Thread 0x000001f0d6181cb0 Unloading class 0x0000000800288000 'java/lang/invoke/LambdaForm$MH+0x0000000800288000'
Event: 9.767 Thread 0x000001f0d6181cb0 Unloading class 0x0000000800287400 'java/lang/invoke/LambdaForm$MH+0x0000000800287400'
Event: 9.767 Thread 0x000001f0d6181cb0 Unloading class 0x0000000800287000 'java/lang/invoke/LambdaForm$DMH+0x0000000800287000'
Event: 9.767 Thread 0x000001f0d6181cb0 Unloading class 0x0000000800285c00 'java/lang/invoke/LambdaForm$MH+0x0000000800285c00'
Event: 9.767 Thread 0x000001f0d6181cb0 Unloading class 0x0000000800285400 'java/lang/invoke/LambdaForm$MH+0x0000000800285400'
Event: 9.767 Thread 0x000001f0d6181cb0 Unloading class 0x0000000800284400 'java/lang/invoke/LambdaForm$MH+0x0000000800284400'
Event: 32.467 Thread 0x000001f0d6181cb0 Unloading class 0x0000000800359c00 'java/lang/invoke/LambdaForm$MH+0x0000000800359c00'
Event: 32.467 Thread 0x000001f0d6181cb0 Unloading class 0x0000000800359400 'java/lang/invoke/LambdaForm$MH+0x0000000800359400'
Event: 32.467 Thread 0x000001f0d6181cb0 Unloading class 0x0000000800358c00 'java/lang/invoke/LambdaForm$MH+0x0000000800358c00'

Classes redefined (0 events):
No events

Internal exceptions (20 events):
Event: 16744.387 Thread 0x000001f0e3c8d9c0 Exception <a 'sun/nio/fs/WindowsException'{0x000000073e961050}> (0x000000073e961050) 
thrown [s\src\hotspot\share\prims\jni.cpp, line 520]
Event: 16744.413 Thread 0x000001f0e3c8d9c0 Exception <a 'sun/nio/fs/WindowsException'{0x000000073e975a70}> (0x000000073e975a70) 
thrown [s\src\hotspot\share\prims\jni.cpp, line 520]
Event: 16744.414 Thread 0x000001f0e3c8d9c0 Exception <a 'sun/nio/fs/WindowsException'{0x000000073e988468}> (0x000000073e988468) 
thrown [s\src\hotspot\share\prims\jni.cpp, line 520]
Event: 16744.415 Thread 0x000001f0e3c8d9c0 Exception <a 'sun/nio/fs/WindowsException'{0x000000073e9d1b18}> (0x000000073e9d1b18) 
thrown [s\src\hotspot\share\prims\jni.cpp, line 520]
Event: 16744.417 Thread 0x000001f0e3c8d9c0 Exception <a 'sun/nio/fs/WindowsException'{0x000000073e9dea20}> (0x000000073e9dea20) 
thrown [s\src\hotspot\share\prims\jni.cpp, line 520]
Event: 16744.418 Thread 0x000001f0e3c8d9c0 Exception <a 'sun/nio/fs/WindowsException'{0x000000073e9ed490}> (0x000000073e9ed490) 
thrown [s\src\hotspot\share\prims\jni.cpp, line 520]
Event: 16744.420 Thread 0x000001f0e3c8d9c0 Exception <a 'sun/nio/fs/WindowsException'{0x000000073e60a1b0}> (0x000000073e60a1b0) 
thrown [s\src\hotspot\share\prims\jni.cpp, line 520]
Event: 16744.426 Thread 0x000001f0e3c8d9c0 Exception <a 'sun/nio/fs/WindowsException'{0x000000073e617978}> (0x000000073e617978) 
thrown [s\src\hotspot\share\prims\jni.cpp, line 520]
Event: 16744.430 Thread 0x000001f0e3c8d9c0 Exception <a 'sun/nio/fs/WindowsException'{0x000000073e625138}> (0x000000073e625138) 
thrown [s\src\hotspot\share\prims\jni.cpp, line 520]
Event: 16744.431 Thread 0x000001f0e3c8d9c0 Exception <a 'sun/nio/fs/WindowsException'{0x000000073e634c50}> (0x000000073e634c50) 
thrown [s\src\hotspot\share\prims\jni.cpp, line 520]
Event: 16744.439 Thread 0x000001f0e3c8d9c0 Exception <a 'sun/nio/fs/WindowsException'{0x000000073e692128}> (0x000000073e692128) 
thrown [s\src\hotspot\share\prims\jni.cpp, line 520]
Event: 16744.441 Thread 0x000001f0e3c8d9c0 Exception <a 'sun/nio/fs/WindowsException'{0x000000073e6a0000}> (0x000000073e6a0000) 
thrown [s\src\hotspot\share\prims\jni.cpp, line 520]
Event: 16744.442 Thread 0x000001f0e3c8d9c0 Exception <a 'sun/nio/fs/WindowsException'{0x000000073e6afa40}> (0x000000073e6afa40) 
thrown [s\src\hotspot\share\prims\jni.cpp, line 520]
Event: 16744.444 Thread 0x000001f0e3c8d9c0 Exception <a 'sun/nio/fs/WindowsException'{0x000000073e6d3e08}> (0x000000073e6d3e08) 
thrown [s\src\hotspot\share\prims\jni.cpp, line 520]
Event: 16744.445 Thread 0x000001f0e3c8d9c0 Exception <a 'sun/nio/fs/WindowsException'{0x000000073e6e1050}> (0x000000073e6e1050) 
thrown [s\src\hotspot\share\prims\jni.cpp, line 520]
Event: 16744.446 Thread 0x000001f0e3c8d9c0 Exception <a 'sun/nio/fs/WindowsException'{0x000000073e6efe00}> (0x000000073e6efe00) 
thrown [s\src\hotspot\share\prims\jni.cpp, line 520]
Event: 16744.448 Thread 0x000001f0e3c8d9c0 Exception <a 'sun/nio/fs/WindowsException'{0x000000073e6fd9b0}> (0x000000073e6fd9b0) 
thrown [s\src\hotspot\share\prims\jni.cpp, line 520]
Event: 16744.452 Thread 0x000001f0e3c8d9c0 Exception <a 'sun/nio/fs/WindowsException'{0x000000073e70d518}> (0x000000073e70d518) 
thrown [s\src\hotspot\share\prims\jni.cpp, line 520]
Event: 16745.003 Thread 0x000001f0e3c8d9c0 Exception <a 'sun/nio/fs/WindowsException'{0x000000073aacc348}> (0x000000073aacc348) 
thrown [s\src\hotspot\share\prims\jni.cpp, line 520]
Event: 16745.004 Thread 0x000001f0e3c8d9c0 Exception <a 'sun/nio/fs/WindowsException'{0x000000073aad9448}> (0x000000073aad9448) 
thrown [s\src\hotspot\share\prims\jni.cpp, line 520]

ZGC Phase Switch (0 events):
No events

VM Operations (20 events):
Event: 60.109 Executing VM operation: RendezvousGCThreads
Event: 60.109 Executing VM operation: RendezvousGCThreads done
Event: 15782.455 Executing VM operation: Cleanup
Event: 15782.466 Executing VM operation: Cleanup done
Event: 16738.996 Executing VM operation: Cleanup
Event: 16739.012 Executing VM operation: Cleanup done
Event: 16740.014 Executing VM operation: Cleanup
Event: 16740.015 Executing VM operation: Cleanup done
Event: 16741.028 Executing VM operation: Cleanup
Event: 16741.028 Executing VM operation: Cleanup done
Event: 16741.151 Executing VM operation: G1CollectForAllocation (G1 Evacuation Pause)
Event: 16741.593 Executing VM operation: G1CollectForAllocation (G1 Evacuation Pause) done
Event: 16742.595 Executing VM operation: Cleanup
Event: 16742.595 Executing VM operation: Cleanup done
Event: 16743.281 Executing VM operation: G1CollectForAllocation (G1 Evacuation Pause)
Event: 16743.345 Executing VM operation: G1CollectForAllocation (G1 Evacuation Pause) done
Event: 16744.205 Executing VM operation: G1CollectForAllocation (G1 Evacuation Pause)
Event: 16744.233 Executing VM operation: G1CollectForAllocation (G1 Evacuation Pause) done
Event: 16745.236 Executing VM operation: Cleanup
Event: 16745.238 Executing VM operation: Cleanup done

Memory protections (0 events):
No events

Nmethod flushes (20 events):
Event: 47.930 Thread 0x000001f0d6181cb0 flushing  nmethod 0x000001f0c652de10
Event: 47.930 Thread 0x000001f0d6181cb0 flushing  nmethod 0x000001f0c67fa710
Event: 47.930 Thread 0x000001f0d6181cb0 flushing  nmethod 0x000001f0c67fb590
Event: 47.930 Thread 0x000001f0d6181cb0 flushing  nmethod 0x000001f0c69d1090
Event: 47.930 Thread 0x000001f0d6181cb0 flushing  nmethod 0x000001f0c69d5310
Event: 47.930 Thread 0x000001f0d6181cb0 flushing  nmethod 0x000001f0c69d6690
Event: 47.930 Thread 0x000001f0d6181cb0 flushing  nmethod 0x000001f0c69d6d10
Event: 47.930 Thread 0x000001f0d6181cb0 flushing  nmethod 0x000001f0c6abea10
Event: 47.930 Thread 0x000001f0d6181cb0 flushing  nmethod 0x000001f0c6f5a910
Event: 47.930 Thread 0x000001f0d6181cb0 flushing  nmethod 0x000001f0c6f5f410
Event: 47.930 Thread 0x000001f0d6181cb0 flushing  nmethod 0x000001f0c6f73910
Event: 47.930 Thread 0x000001f0d6181cb0 flushing  nmethod 0x000001f0c6f7a510
Event: 47.930 Thread 0x000001f0d6181cb0 flushing  nmethod 0x000001f0c6f7ae90
Event: 47.930 Thread 0x000001f0d6181cb0 flushing  nmethod 0x000001f0c6f7c110
Event: 47.930 Thread 0x000001f0d6181cb0 flushing  nmethod 0x000001f0c706b110
Event: 47.930 Thread 0x000001f0d6181cb0 flushing  nmethod 0x000001f0c71dcb90
Event: 47.930 Thread 0x000001f0d6181cb0 flushing  nmethod 0x000001f0c7216610
Event: 47.930 Thread 0x000001f0d6181cb0 flushing  nmethod 0x000001f0c7216d10
Event: 47.930 Thread 0x000001f0d6181cb0 flushing  nmethod 0x000001f0c721cc90
Event: 47.930 Thread 0x000001f0d6181cb0 flushing  nmethod 0x000001f0c721f090

Events (20 events):
Event: 45.218 Thread 0x000001f0e2cf7480 Thread exited: 0x000001f0e2cf7480
Event: 45.336 Thread 0x000001f0dd9cf450 Thread added: 0x000001f0e2cf7480
Event: 45.753 Thread 0x000001f0e2cf7480 Thread exited: 0x000001f0e2cf7480
Event: 46.713 Thread 0x000001f0dd99f1e0 Thread added: 0x000001f0e69ecaf0
Event: 48.199 Thread 0x000001f0e69ecaf0 Thread exited: 0x000001f0e69ecaf0
Event: 48.241 Thread 0x000001f0dd9cf450 Thread added: 0x000001f0e69ecaf0
Event: 49.466 Thread 0x000001f0e69ecaf0 Thread exited: 0x000001f0e69ecaf0
Event: 49.613 Thread 0x000001f0dd9cf450 Thread added: 0x000001f0e69ecaf0
Event: 55.314 Thread 0x000001f0e69ecaf0 Thread exited: 0x000001f0e69ecaf0
Event: 110.298 Thread 0x000001f0e3de3b90 Thread exited: 0x000001f0e3de3b90
Event: 170.316 Thread 0x000001f0e3d1b7f0 Thread exited: 0x000001f0e3d1b7f0
Event: 230.331 Thread 0x000001f0e2c093f0 Thread exited: 0x000001f0e2c093f0
Event: 290.324 Thread 0x000001f0e3de2e70 Thread exited: 0x000001f0e3de2e70
Event: 16739.776 Thread 0x000001f0dd99f1e0 Thread added: 0x000001f0e304f670
Event: 16739.871 Thread 0x000001f0dd9cf450 Thread added: 0x000001f0e5349430
Event: 16742.151 Thread 0x000001f0e5349430 Thread exited: 0x000001f0e5349430
Event: 16743.672 Thread 0x000001f0e304f670 Thread exited: 0x000001f0e304f670
Event: 16743.864 Thread 0x000001f0dd99f1e0 Thread added: 0x000001f0e304f670
Event: 16744.393 Thread 0x000001f0e304f670 Thread exited: 0x000001f0e304f670
Event: 16744.682 Thread 0x000001f0dd99f1e0 Thread added: 0x000001f0e304f670


Dynamic libraries:
0x00007ff7ec3a0000 - 0x00007ff7ec3ae000 	C:\Program Files\Ballerina\dependencies\jdk-21.0.5+11-jre\bin\java.exe
0x000001f0bddd0000 - 0x000001f0bdfe7000 	C:\WINDOWS\SYSTEM32\ntd1l.dll
0x000001f0bdff0000 - 0x000001f0be0b4000 	C:\WINDOWS\System32\kern3l32.dll
0x00007ffa944d0000 - 0x00007ffa946e7000 	C:\WINDOWS\SYSTEM32\ntdll.dll
0x00007ffa932a0000 - 0x00007ffa93364000 	C:\WINDOWS\System32\KERNEL32.DLL
0x00007ffa91b40000 - 0x00007ffa91ef7000 	C:\WINDOWS\System32\KERNELBASE.dll
0x00007ffa8c660000 - 0x00007ffa8c6f7000 	C:\WINDOWS\SYSTEM32\apphelp.dll
0x00007ffa91270000 - 0x00007ffa9164c000 	C:\Program Files\SentinelOne\Sentinel Agent 25.1.4.434\InProcessClient64.dll
0x00007ffa92ba0000 - 0x00007ffa92c52000 	C:\WINDOWS\System32\ADVAPI32.dll
0x00007ffa93bf0000 - 0x00007ffa93c97000 	C:\WINDOWS\System32\msvcrt.dll
0x00007ffa92af0000 - 0x00007ffa92b98000 	C:\WINDOWS\System32\sechost.dll
0x00007ffa917e0000 - 0x00007ffa91808000 	C:\WINDOWS\System32\bcrypt.dll
0x00007ffa92fa0000 - 0x00007ffa930b4000 	C:\WINDOWS\System32\RPCRT4.dll
0x00007ffa91980000 - 0x00007ffa91a91000 	C:\WINDOWS\System32\ucrtbase.dll
0x00007ffa7c210000 - 0x00007ffa7c22e000 	C:\Program Files\Ballerina\dependencies\jdk-21.0.5+11-jre\bin\VCRUNTIME140.dll
0x00007ffa7bc70000 - 0x00007ffa7bc88000 	C:\Program Files\Ballerina\dependencies\jdk-21.0.5+11-jre\bin\jli.dll
0x00007ffa92c60000 - 0x00007ffa92e0f000 	C:\WINDOWS\System32\USER32.dll
0x00007ffa7dbe0000 - 0x00007ffa7de73000 	C:\WINDOWS\WinSxS\amd64_microsoft.windows.common-controls_6595b64144ccf1df_6.0.22621.3672_none_2713b9d173822955\COMCTL32.dll
0x00007ffa91f70000 - 0x00007ffa91f96000 	C:\WINDOWS\System32\win32u.dll
0x00007ffa930c0000 - 0x00007ffa930e9000 	C:\WINDOWS\System32\GDI32.dll
0x00007ffa92060000 - 0x00007ffa92178000 	C:\WINDOWS\System32\gdi32full.dll
0x00007ffa91aa0000 - 0x00007ffa91b3a000 	C:\WINDOWS\System32\msvcp_win.dll
0x00007ffa91110000 - 0x00007ffa9111a000 	C:\WINDOWS\SYSTEM32\VERSION.dll
0x00007ffa91100000 - 0x00007ffa9110b000 	C:\WINDOWS\SYSTEM32\FLTLIB.DLL
0x00007ffa92e10000 - 0x00007ffa92e41000 	C:\WINDOWS\System32\IMM32.DLL
0x00007ffa88e20000 - 0x00007ffa88e2c000 	C:\Program Files\Ballerina\dependencies\jdk-21.0.5+11-jre\bin\vcruntime140_1.dll
0x00007ffa79460000 - 0x00007ffa794ed000 	C:\Program Files\Ballerina\dependencies\jdk-21.0.5+11-jre\bin\msvcp140.dll
0x00007ff9f1e20000 - 0x00007ff9f2baf000 	C:\Program Files\Ballerina\dependencies\jdk-21.0.5+11-jre\bin\server\jvm.dll
0x00007ffa92e50000 - 0x00007ffa92ec1000 	C:\WINDOWS\System32\WS2_32.dll
0x00007ffa91120000 - 0x00007ffa9116d000 	C:\WINDOWS\SYSTEM32\POWRPROF.dll
0x00007ffa8ecc0000 - 0x00007ffa8ecf4000 	C:\WINDOWS\SYSTEM32\WINMM.dll
0x00007ffa90e50000 - 0x00007ffa90e63000 	C:\WINDOWS\SYSTEM32\UMPDC.dll
0x00007ffa903f0000 - 0x00007ffa90408000 	C:\WINDOWS\SYSTEM32\kernel.appcore.dll
0x00007ffa85850000 - 0x00007ffa8585a000 	C:\Program Files\Ballerina\dependencies\jdk-21.0.5+11-jre\bin\jimage.dll
0x00007ffa8ea20000 - 0x00007ffa8ec52000 	C:\WINDOWS\SYSTEM32\DBGHELP.DLL
0x00007ffa94100000 - 0x00007ffa9448e000 	C:\WINDOWS\System32\combase.dll
0x00007ffa92a10000 - 0x00007ffa92ae7000 	C:\WINDOWS\System32\OLEAUT32.dll
0x00007ffa8ec80000 - 0x00007ffa8ecb2000 	C:\WINDOWS\SYSTEM32\dbgcore.DLL
0x00007ffa92180000 - 0x00007ffa921fb000 	C:\WINDOWS\System32\bcryptPrimitives.dll
0x00007ffa77480000 - 0x00007ffa77520000 	C:\Program Files\SentinelOne\Sentinel Agent 25.1.4.434\SentinelJava64.dll
0x00007ffa930f0000 - 0x00007ffa93295000 	C:\WINDOWS\System32\ole32.dll
0x00007ffa7acb0000 - 0x00007ffa7accf000 	C:\Program Files\Ballerina\dependencies\jdk-21.0.5+11-jre\bin\java.dll
0x00007ffa93380000 - 0x00007ffa93be9000 	C:\WINDOWS\System32\SHELL32.dll
0x00007ffa8f300000 - 0x00007ffa8fbff000 	C:\WINDOWS\SYSTEM32\windows.storage.dll
0x00007ffa8f1c0000 - 0x00007ffa8f2ff000 	C:\WINDOWS\SYSTEM32\wintypes.dll
0x00007ffa92200000 - 0x00007ffa922f9000 	C:\WINDOWS\System32\SHCORE.dll
0x00007ffa929b0000 - 0x00007ffa92a0e000 	C:\WINDOWS\System32\shlwapi.dll
0x00007ffa91710000 - 0x00007ffa91737000 	C:\WINDOWS\SYSTEM32\profapi.dll
0x00007ffa7de80000 - 0x00007ffa7de90000 	C:\Program Files\Ballerina\dependencies\jdk-21.0.5+11-jre\bin\net.dll
0x00007ffa8ddf0000 - 0x00007ffa8df26000 	C:\WINDOWS\SYSTEM32\WINHTTP.dll
0x00007ffa90850000 - 0x00007ffa908b9000 	C:\WINDOWS\system32\mswsock.dll
0x00007ffa7ac90000 - 0x00007ffa7aca6000 	C:\Program Files\Ballerina\dependencies\jdk-21.0.5+11-jre\bin\nio.dll
0x00007ffa7abe0000 - 0x00007ffa7abf8000 	C:\Program Files\Ballerina\dependencies\jdk-21.0.5+11-jre\bin\zip.dll
0x00007ffa90ba0000 - 0x00007ffa90bbb000 	C:\WINDOWS\SYSTEM32\CRYPTSP.dll
0x00007ffa90350000 - 0x00007ffa90385000 	C:\WINDOWS\system32\rsaenh.dll
0x00007ffa908f0000 - 0x00007ffa90918000 	C:\WINDOWS\SYSTEM32\USERENV.dll
0x00007ffa90b80000 - 0x00007ffa90b8c000 	C:\WINDOWS\SYSTEM32\CRYPTBASE.dll
0x00007ffa8fe60000 - 0x00007ffa8fe8d000 	C:\WINDOWS\SYSTEM32\IPHLPAPI.DLL
0x00007ffa92f90000 - 0x00007ffa92f99000 	C:\WINDOWS\System32\NSI.dll

dbghelp: loaded successfully - version: 4.0.5 - missing functions: none
symbol engine: initialized successfully - sym options: 0x614 - pdb path: .;C:\Program Files\Ballerina\dependencies\jdk-21.0.5+11-jre\bin;C:\WINDOWS\SYSTEM32;C:\Program Files\SentinelOne\Sentinel Agent 25.1.4.434;C:\WINDOWS\WinSxS\amd64_microsoft.windows.common-controls_6595b64144ccf1df_6.0.22621.3672_none_2713b9d173822955;C:\Program Files\Ballerina\dependencies\jdk-21.0.5+11-jre\bin\server

VM Arguments:
jvm_args: -Dballerina.home=C:\Program Files\Ballerina\distributions\ballerina-2201.13.1 -agentpath:C:\Program Files\SentinelOne\Sentinel Agent 25.1.4.434\SentinelJava64.dll=extendedCapabilities 
java_command: org.ballerinalang.langserver.launchers.stdio.Main
java_class_path (initial): C:\Program Files\Ballerina\distributions\ballerina-2201.13.1\bre\lib\annotations-2201.13.1.jar;C:\Program Files\Ballerina\distributions\ballerina-2201.13.1\bre\lib\array-2201.13.1.jar;C:\Program Files\Ballerina\distributions\ballerina-2201.13.1\bre\lib\asm-9.7.jar;C:\Program Files\Ballerina\distributions\ballerina-2201.13.1\bre\lib\asm-analysis-9.7.jar;C:\Program Files\Ballerina\distributions\ballerina-2201.13.1\bre\lib\asm-commons-9.7.jar;C:\Program Files\Ballerina\distributions\ballerina-2201.13.1\bre\lib\asm-tree-9.7.jar;C:\Program Files\Ballerina\distributions\ballerina-2201.13.1\bre\lib\asm-util-9.7.jar;C:\Program Files\Ballerina\distributions\ballerina-2201.13.1\bre\lib\atomikos-util-5.0.8.jar;C:\Program Files\Ballerina\distributions\ballerina-2201.13.1\bre\lib\axiom-api-1.4.0.jar;C:\Program Files\Ballerina\distributions\ballerina-2201.13.1\bre\lib\axiom-impl-1.4.0.jar;C:\Program Files\Ballerina\distributions\ballerina-2201.13.1\bre\lib\ballerina-bindgen-2201.13.1.jar;C:\Program Files\Ballerina\distributions\ballerina-2201.13.1\bre\lib\ballerina-cli-2201.13.1.jar;C:\Program Files\Ballerina\distributions\ballerina-2201.13.1\bre\lib\ballerina-io-internal-2201.13.1.jar;C:\Program Files\Ballerina\distributions\ballerina-2201.13.1\bre\lib\ballerina-lang-2201.13.1.jar;C:\Program Files\Ballerina\distributions\ballerina-2201.13.1\bre\lib\ballerina-linter-2201.13.1.jar;C:\Program Files\Ballerina\distributions\ballerina-2201.13.1\bre\lib\ballerina-metrics-extension-2201.13.1.jar;C:\Program Files\Ballerina\distributions\ballerina-2201.13.1\bre\lib\ballerina-parser-2201.13.1.jar;C:\Program Files\Ballerina\distributions\ballerina-2201.13.1\bre\lib\ballerina-profiler-1.0.jar;C:\Program Files\Ballerina\distributions\ballerina-2201.13.1\bre\lib\ballerina-rt-2201.13.1.jar;C:\Program Files\Ballerina\distributions\ballerina-2201.13.1\bre\lib\ballerina-tools-api-2201.13.1.jar;C:\Program Files\Ballerina\distributions\ballerina-2201.13.1\bre\lib\bool-2201.13.1.jar;C:\Program Files\Ballerina\distributions\ballerina-2201.13.1\bre\lib\central-client-2201.13.1.jar;C:\Program Files\Ballerina\distributions\ballerina-2201.13.1\bre\lib\commons-beanutils-1.11.0.jar;C:\Program Files\Ballerina\distributions\ballerina-2201.13.1\bre\lib\commons-codec-1.14.jar;C:\Program Files\Ballerina\distributions\ballerina-2201.13.1\bre\lib\commons-collections-3.2.2.jar;C:\Program Files\Ballerina\distributions\ballerina-2201.13.1\bre\lib\commons-compress-1.26.2.jar;C:\Program Files\Ballerina\distributions\ballerina-2201.13.1\bre\lib\commons-text-1.10.0.jar;C:\Program Files\Ballerina\distributions\ballerina-2201.13.1\bre\lib\compiler-0.8.9.jar;C:\Program Files\Ballerina\distributions\ballerina-2201.13.1\bre\lib\configurable-schema-generator-2201.13.1.jar;C:\Program Files\Ballerina\distributions\ballerina-2201.13.1\bre\lib\decimal-2201.13.1.jar;C:\Program Files\Ballerina\distributions\ballerina-2201.13.1\bre\lib\docerina-2201.13.1.jar;C:\Program Files\Ballerina\distributions\ballerina-2201.13.1\bre\lib\error-2201.13.1.jar;C:\Program Files\Ballerina\distributions\ballerina-2201.13.1\bre\lib\floatingpoint-2201.13.1.jar;C:\Program Files\Ballerina\distributions\ballerina-2201.13.1\bre\lib\formatter-cli-2201.13.1.jar;C:\Program Files\Ballerina\distributions\ballerina-2201.13.1\bre\lib\formatter-core-2201.13.1.jar;C:\Program Files\Ballerina\distributions\ballerina-2201.13.1\bre\lib\function-2201.13.1.jar;C:\Program Files\Ballerina\distributions\ballerina-2201.13.1\bre\lib\future-2201.13.1.jar;C:\Program Files\Ballerina\distributions\ballerina-2201.13.1\bre\lib\geronimo-stax-api_1.0_spec-1.0.1.jar;C:\Program Files\Ballerina\distributions\ballerina-2201.13.1\bre\lib\gson-2.10.1.jar;C:\Program Files\Ballerina\distributions\ballerina-2201.13.1\bre\lib\identifier-util-2201.13.1.jar;C:\Program Files\Ballerina\distributions\ballerina-2201.13.1\bre\lib\integer-2201.13.1.jar;C:\Program Files\Ballerina\distributions\ballerina-2201.13.1\bre\lib\internal-2201.13.1.jar;C:\Program Files\Ballerina\distributions\ballerina-2201.13.1\bre\lib\jackson-annotations-2.15.3.jar;C:\Program Files\Ballerina\distributions\ballerina-2201.13.1\bre\lib\jackson-core-2.15.3.jar;C:\Program Files\Ballerina\distributions\ballerina-2201.13.1\bre\lib\jackson-databind-2.15.3.jar;C:\Program Files\Ballerina\distributions\ballerina-2201.13.1\bre\lib\jackson-dataformat-yaml-2.15.3.jar;C:\Program Files\Ballerina\distributions\ballerina-2201.13.1\bre\lib\jackson-datatype-jsr310-2.15.3.jar;C:\Program Files\Ballerina\distributions\ballerina-2201.13.1\bre\lib\jacocoagent.jar;C:\Program Files\Ballerina\distributions\ballerina-2201.13.1\bre\lib\jaeger-core-0.31.0.jar;C:\Program Files\Ballerina\distributions\ballerina-2201.13.1\bre\lib\jaeger-thrift-0.31.0.jar;C:\Program Files\Ballerina\distributions\ballerina-2201.13.1\bre\lib\java-diff-utils-4.5.jar;C:\Program Files\Ballerina\distributions\ballerina-2201.13.1\bre\lib\javax.mail-1.6.2.jar;C:\Program Files\Ballerina\distributions\ballerina-2201.13.1\bre\lib\javax.transaction-api-1.3.jar;C:\Program Files\Ballerina\distributions\ballerina-2201.13.1\bre\lib\jballerina.java-2201.13.1.jar;C:\Program Files\Ballerina\distributions\ballerina-2201.13.1\bre\lib\jline-3.25.0.jar;C:\Program Files\Ballerina\distributions\ballerina-2201.13.1\bre\lib\kotlin-stdlib-1.6.0.jar;C:\Program Files\Ballerina\distributions\ballerina-2201.13.1\bre\lib\kotlin-stdlib-common-1.6.0.jar;C:\Program Files\Ballerina\distributions\ballerina-2201.13.1\bre\lib\map-2201.13.1.jar;C:\Program Files\Ballerina\distributions\ballerina-2201.13.1\bre\lib\maven-resolver-2201.13.1.jar;C:\Program Files\Ballerina\distributions\ballerina-2201.13.1\bre\lib\natural-2201.13.1.jar;C:\Program Files\Ballerina\distributions\ballerina-2201.13.1\bre\lib\netty-buffer-4.1.118.Final.jar;C:\Program Files\Ballerina\distributions\ballerina-2201.13.1\bre\lib\netty-common-4.1.118.Final.jar;C:\Program Files\Ballerina\distributions\ballerina-2201.13.1\bre\lib\netty-resolver-4.1.118.Final.jar;C:\Program Files\Ballerina\distributions\ballerina-2201.13.1\bre\lib\netty-transport-4.1.118.Final.jar;C:\Program Files\Ballerina\distributions\ballerina-2201.13.1\bre\lib\netty-transport-native-epoll-4.1.118.Final.jar;C:\Program Files\Ballerina\distributions\ballerina-2201.13.1\bre\lib\netty-transport-native-kqueue-4.1.118.Final.jar;C:\Program Files\Ballerina\distributions\ballerina-2201.13.1\bre\lib\object-2201.13.1.jar;C:\Program Files\Ballerina\distributions\ballerina-2201.13.1\bre\lib\okhttp-3.14.0.jar;C:\Program Files\Ballerina\distributions\ballerina-2201.13.1\bre\lib\okio-jvm-3.4.0.jar;C:\Program Files\Ballerina\distributions\ballerina-2201.13.1\bre\lib\org.jacoco.core-0.8.12.jar;C:\Program Files\Ballerina\distributions\ballerina-2201.13.1\bre\lib\org.jacoco.report-0.8.12.jar;C:\Program Files\Ballerina\distributions\ballerina-2201.13.1\bre\lib\org.wso2.carbon.core-5.1.0.jar;C:\Program Files\Ballerina\distributions\ballerina-2201.13.1\bre\lib\org.wso2.carbon.messaging-2.3.7.jar;C:\Program Files\Ballerina\distributions\ballerina-2201.13.1\bre\lib\org.wso2.carbon.metrics.core-2.3.7.jar;C:\Program Files\Ballerina\distributions\ballerina-2201.13.1\bre\lib\org.wso2.securevault-1.0.0-wso2v2.jar;C:\Program Files\Ballerina\distributions\ballerina-2201.13.1\bre\lib\org.wso2.transport.http.netty-6.3.11.jar;C:\Program Files\Ballerina\distributions\ballerina-2201.13.1\bre\lib\org.wso2.transport.local-file-system-6.0.55.jar;C:\Program Files\Ballerina\distributions\ballerina-2201.13.1\bre\lib\package-semantic-analyzer-1.0.0.jar;C:\Program Files\Ballerina\distributions\ballerina-2201.13.1\bre\lib\picocli-4.0.1.jar;C:\Program Files\Ballerina\distributions\ballerina-2201.13.1\bre\lib\progressbar-0.7.4.jar;C:\Program Files\Ballerina\distributions\ballerina-2201.13.1\bre\lib\query-2201.13.1.jar;C:\Program Files\Ballerina\distributions\ballerina-2201.13.1\bre\lib\regexp-2201.13.1.jar;C:\Program Files\Ballerina\distributions\ballerina-2201.13.1\bre\lib\runtime-2201.13.1.jar;C:\Program Files\Ballerina\distributions\ballerina-2201.13.1\bre\lib\semver-checker-cli-2201.13.1.jar;C:\Program Files\Ballerina\distributions\ballerina-2201.13.1\bre\lib\semver-checker-core-2201.13.1.jar;C:\Program Files\Ballerina\distributions\ballerina-2201.13.1\bre\lib\shell-cli-2201.13.1.jar;C:\Program Files\Ballerina\distributions\ballerina-2201.13.1\bre\lib\shell-core-2201.13.1.jar;C:\Program Files\Ballerina\distributions\ballerina-2201.13.1\bre\lib\snakeyaml-2.0.jar;C:\Program Files\Ballerina\distributions\ballerina-2201.13.1\bre\lib\stax2-api-4.2.1.jar;C:\Program Files\Ballerina\distributions\ballerina-2201.13.1\bre\lib\staxon-core-1.2.0.wso2v2.jar;C:\Program Files\Ballerina\distributions\ballerina-2201.13.1\bre\lib\stream-2201.13.1.jar;C:\Program Files\Ballerina\distributions\ballerina-2201.13.1\bre\lib\string-2201.13.1.jar;C:\Program Files\Ballerina\distributions\ballerina-2201.13.1\bre\lib\syntax-api-calls-gen-2201.13.1.jar;C:\Program Files\Ballerina\distributions\ballerina-2201.13.1\bre\lib\table-2201.13.1.jar;C:\Program Files\Ballerina\distributions\ballerina-2201.13.1\bre\lib\testerina-core-2201.13.1.jar;C:\Program Files\Ballerina\distributions\ballerina-2201.13.1\bre\lib\testerina-runtime-2201.13.1.jar;C:\Program Files\Ballerina\distributions\ballerina-2201.13.1\bre\lib\toml-parser-2201.13.1.jar;C:\Program Files\Ballerina\distributions\ballerina-2201.13.1\bre\lib\transaction-2201.13.1.jar;C:\Program Files\Ballerina\distributions\ballerina-2201.13.1\bre\lib\transactions-5.0.8.jar;C:\Program Files\Ballerina\distributions\ballerina-2201.13.1\bre\lib\transactions-api-5.0.8.jar;C:\Program Files\Ballerina\distributions\ballerina-2201.13.1\bre\lib\transactions-jta-5.0.8.jar;C:\Program Files\Ballerina\distributions\ballerina-2201.13.1\bre\lib\typedesc-2201.13.1.jar;C:\Program Files\Ballerina\distributions\ballerina-2201.13.1\bre\lib\value-2201.13.1.jar;C:\Program Files\Ballerina\distributions\ballerina-2201.13.1\bre\lib\woodstox-core-6.5.0.jar;C:\Program Files\Ballerina\distributions\ballerina-2201.13.1\bre\lib\xml-2201.13.1.jar;C:\Program Files\Ballerina\distributions\ballerina-2201.13.1\lib\tools\lang-server\lib\ballerinalang-data-mapper-2201.13.1.jar;C:\Program Files\Ballerina\distributions\ballerina-2201.13.1\lib\tools\lang-server\lib\cloud-tooling-4.0.0-20250915-120000-41c6c17.jar;C:\Program Files\Ballerina\distributions\ballerina-2201.13.1\lib\tools\lang-server\lib\commons-io-2.15.1.jar;C:\Program Files\Ballerina\distributions\ballerina-2201.13.1\lib\tools\lang-server\lib\guava-32.0.1-jre.jar;C:\Program Files\Ballerina\distributions\ballerina-2201.13.1\lib\tools\lang-server\lib\json-to-record-converter-2201.13.1.jar;C:\Program Files\Ballerina\distributions\ballerina-2201.13.1\lib\tools\lang-server\lib\partial-parser-2201.13.1.jar;C:\Program Files\Ballerina\distributions\ballerina-2201.13.1\lib\tools\lang-server\lib\performance-analyzer-services-2201.13.1.jar;C:\Program Files\Ballerina\distributions\ballerina-2201.13.1\lib\tools\lang-server\lib\trigger-service-2201.13.1.jar;C:\Program Files\Ballerina\distributions\ballerina-2201.13.1\lib\tools\lang-server\lib\xml-to-record-converter-2201.13.1.jar;C:\Program Files\Ballerina\distributions\ballerina-2201.13.1\lib\tools\debug-adapter\lib\commons-io-2.15.1.jar;C:\Program Files\Ballerina\distributions\ballerina-2201.13.1\lib\tools\debug-adapter\lib\debug-adapter-cli-2201.13.1.jar;C:\Program Files\Ballerina\distributions\ballerina-2201.13.1\lib\tools\debug-adapter\lib\debug-adapter-core-2201.13.1.jar;C:\Program Files\Ballerina\distributions\ballerina-2201.13.1\lib\tools\debug-adapter\lib\java-semver-0.9.0.jar;c:\Users\Savinu Anusara\.vscode\extensions\wso2.ballerina-5.7.4\ls\ballerina-language-server-1.5.1.jar
Launcher Type: SUN_STANDARD

[Global flags]
     intx CICompilerCount                          = 4                                         {product} {ergonomic}
     uint ConcGCThreads                            = 2                                         {product} {ergonomic}
     uint G1ConcRefinementThreads                  = 8                                         {product} {ergonomic}
   size_t G1HeapRegionSize                         = 2097152                                   {product} {ergonomic}
    uintx GCDrainStackTargetSize                   = 64                                        {product} {ergonomic}
   size_t InitialHeapSize                          = 262144000                                 {product} {ergonomic}
   size_t MarkStackSize                            = 4194304                                   {product} {ergonomic}
   size_t MaxHeapSize                              = 4190109696                                {product} {ergonomic}
   size_t MaxNewSize                               = 2512388096                                {product} {ergonomic}
   size_t MinHeapDeltaBytes                        = 2097152                                   {product} {ergonomic}
   size_t MinHeapSize                              = 8388608                                   {product} {ergonomic}
    uintx NonNMethodCodeHeapSize                   = 5839372                                {pd product} {ergonomic}
    uintx NonProfiledCodeHeapSize                  = 122909434                              {pd product} {ergonomic}
    uintx ProfiledCodeHeapSize                     = 122909434                              {pd product} {ergonomic}
    uintx ReservedCodeCacheSize                    = 251658240                              {pd product} {ergonomic}
     bool SegmentedCodeCache                       = true                                      {product} {ergonomic}
   size_t SoftMaxHeapSize                          = 4190109696                             {manageable} {ergonomic}
     bool UseCompressedOops                        = true                           {product lp64_product} {ergonomic}
     bool UseG1GC                                  = true                                      {product} {ergonomic}
     bool UseLargePagesIndividualAllocation        = false                                  {pd product} {ergonomic}

Logging:
Log output configuration:
 #0: stdout all=warning uptime,level,tags foldmultilines=false
 #1: stderr all=off uptime,level,tags foldmultilines=false

Environment Variables:
JAVA_HOME=C:\Program Files\Eclipse Adoptium\jdk-21.0.10.7-hotspot
PATH=C:\Users\Savinu Anusara\AppData\Local\Programs\Microsoft VS Code;C:\Program Files\Eclipse Adoptium\jdk-21.0.10.7-hotspot\bin;C:\WINDOWS\system32;C:\WINDOWS;C:\WINDOWS\System32\Wbem;C:\WINDOWS\System32\WindowsPowerShell\v1.0\;C:\WINDOWS\System32\OpenSSH\;C:\Program Files\Git\cmd;C:\Program Files\Ballerina\\bin;C:\Program Files\nodejs\;C:\Program Files\Rancher Desktop\resources\resources\win32\bin\;C:\Program Files\Rancher Desktop\resources\resources\win32\docker-cli-plugins\;C:\Program Files\Rancher Desktop\resources\resources\linux\bin\;C:\Program Files\Rancher Desktop\resources\resources\linux\docker-cli-plugins\;C:\Users\Savinu Anusara\AppData\Local\Programs\Eclipse Adoptium\jdk-17.0.17.10-hotspot\bin;C:\Users\Savinu Anusara\AppData\Local\Programs\Python\Python314\Scripts\;C:\Users\Savinu Anusara\AppData\Local\Programs\Python\Python314\;C:\Users\SAVINU~1\scoop\apps\nvm\current;C:\Users\SAVINU~1\scoop\apps\nvm\current\nodejs\nodejs;C:\Users\SAVINU~1\scoop\shims;C:\nvm;C:\Users\Savinu Anusara\AppData\Roaming\npm;C:\Users\Savinu Anusara\AppData\Local\Programs\Microsoft VS Code\bin;C:\Program Files\apache-maven-3.9.12\bin;C:\Program Files\Eclipse Adoptium\jdk-21.0.10.7-hotspot\bin;
USERNAME=Savinu Anusara
OS=Windows_NT
PROCESSOR_IDENTIFIER=Intel64 Family 6 Model 142 Stepping 12, GenuineIntel
TMP=C:\Users\SAVINU~1\AppData\Local\Temp
TEMP=C:\Users\SAVINU~1\AppData\Local\Temp




Periodic native trim disabled

---------------  S Y S T E M  ---------------

OS:
 Windows 11 , 64 bit Build 22621 (10.0.22621.3958)
OS uptime: 5 days 4:53 hours
Hyper-V role detected

CPU: total 8 (initial active 8) (4 cores per cpu, 2 threads per core) family 6 model 142 stepping 12 microcode 0xea, cx8, cmov, fxsr, ht, mmx, 3dnowpref, sse, sse2, sse3, ssse3, sse4.1, sse4.2, popcnt, lzcnt, tsc, tscinvbit, avx, avx2, aes, erms, clmul, bmi1, bmi2, adx, fma, vzeroupper, clflush, clflushopt, hv, rdtscp, f16c
Processor Information for all 8 processors :
  Max Mhz: 2101, Current Mhz: 2101, Mhz Limit: 2101

Memory: 4k page, system-wide physical 15977M (347M free)
TotalPageFile size 54246M (AvailPageFile size 7M)
current process WorkingSet (physical memory assigned to process): 684M, peak: 764M
current process commit charge ("private bytes"): 1218M, peak: 1221M

vm_info: OpenJDK 64-Bit Server VM (21.0.5+11-LTS) for windows-amd64 JRE (21.0.5+11-LTS), built on 2024-10-15T00:00:00Z by "admin" with MS VC++ 17.7 (VS2022)

END.
