version 2
JvmtiExport can_access_local_variables 1
JvmtiExport can_hotswap_or_post_breakpoint 1
JvmtiExport can_post_on_exceptions 0
# 765 ciObject found
instanceKlass io/ballerina/projects/internal/repositories/FileSystemRepository
ciInstanceKlass java/util/concurrent/ConcurrentHashMap$ForwardingNode 1 1 71 100 1 10 7 12 1 1 1 9 7 12 1 1 1 10 12 1 1 9 12 1 1 9 12 1 1 10 100 12 1 1 1 10 12 1 1 9 12 1 1 1 1 1 1 1 1 1 1 1 1 1 1 1 1 1 1 1 1 1 1 1 100 1 1 1 1 1 1 1 1
ciInstanceKlass java/lang/Void 1 1 31 10 100 12 1 1 1 8 1 10 7 12 1 1 1 9 7 12 1 1 1 1 1 1 1 1 1 1 1 1 1
staticfield java/lang/Void TYPE Ljava/lang/Class; java/lang/Class
ciInstanceKlass jdk/internal/util/StrongReferenceKey 1 1 82 10 7 12 1 1 1 9 7 12 1 1 1 7 1 11 12 1 1 10 10 7 12 1 1 1 10 12 1 1 100 1 10 10 12 1 1 10 100 12 1 1 1 10 12 1 1 8 1 10 100 12 1 1 1 10 12 1 10 12 1 1 1 1 1 1 1 1 1 1 1 1 1 1 1 1 1 1 1 1 1 1
ciInstanceKlass jdk/internal/util/WeakReferenceKey 1 1 92 10 7 12 1 1 1 10 7 12 1 1 1 9 7 12 1 1 1 10 12 1 1 7 1 11 12 1 1 10 10 12 1 1 100 1 10 12 10 100 12 1 1 1 10 100 12 1 1 1 10 12 1 1 8 1 10 100 12 1 1 10 12 1 10 12 1 1 1 1 1 1 1 1 1 1 1 1 1 1 1 1 1 1 1 1 1 1 1 1 1 1
instanceKlass org/apache/commons/compress/archivers/zip/ZipArchiveEntry
instanceKlass java/util/jar/JarEntry
ciInstanceKlass java/util/zip/ZipEntry 1 1 327 100 1 7 1 10 7 12 1 1 1 5 0 9 7 12 1 1 1 9 12 1 9 12 1 9 12 1 9 12 1 1 9 12 1 1 9 12 1 9 12 1 8 1 10 7 12 1 1 1 10 7 12 1 1 1 3 100 1 8 1 10 12 1 9 12 1 8 1 9 12 1 1 9 12 1 9 12 1 9 12 1 1 9 12 1 10 12 1 1 5 0 5 0 10 12 1 1 10 100 12 1 1 9 100 12 1 1 1 10 100 12 1 1 1 10 12 1 1 10 12 1 10 12 1 10 12 1 10 12 1 10 12 1 10 12 1 5 0 10 12 1 3 10 100 12 1 1 1 10 100 12 1 1 1 10 12 1 1 10 12 1 10 10 12 1 1 5 0 5 0 5 0 5 0 5 0 5 0 10 12 1 8 1 10 12 1 1 10 12 1 8 1 8 1 8 1 8 1 8 1 10 12 1 1 8 1 10 12 1 1 10 12 1 1 5 0 10 12 1 1 10 7 12 1 1 1 10 12 1 10 12 1 8 1 10 12 1 1 10 12 1 1 10 12 1 10 12 1 1 10 100 100 1 100 1 10 12 1 100 1 100 1 1 1 3 1 3 1 1 1 1 1 1 1 1 1 1 1 1 1 1 1 1 1 1 1 1 1 1 1 1 1 1 1 1 1 1 1 1 1 1 1 1 1 1 1 1 1 1 1 1 1 1 1 1 1 1 1 1 1 1 1 1 1 1 1
instanceKlass sun/net/www/protocol/jar/URLJarFile$URLJarFileEntry
instanceKlass java/util/jar/JarFile$JarFileEntry
ciInstanceKlass java/util/jar/JarEntry 1 1 60 10 7 12 1 1 1 10 12 1 10 7 1 9 12 1 1 9 12 1 1 9 12 1 1 10 100 12 1 1 10 100 10 12 1 1 1 1 1 1 1 1 1 1 1 1 1 1 1 1 100 1 1 1 1 1 1 1 1 1
ciInstanceKlass java/util/zip/ZipFile$ZipFileInputStream 1 1 180 100 1 100 1 9 7 12 1 1 1 10 7 12 1 1 1 10 7 12 1 1 1 9 12 1 1 10 12 1 9 12 1 10 12 1 9 12 1 5 0 10 12 1 1 9 7 12 1 1 1 9 7 12 1 1 1 9 7 12 1 1 10 12 1 1 10 12 1 10 12 1 10 12 1 10 12 1 1 100 1 8 1 10 12 1 10 12 1 1 5 0 8 1 10 12 1 1 10 12 1 9 12 1 10 12 1 10 12 1 1 10 12 1 10 12 1 10 12 1 1 100 1 5 0 3 9 12 1 1 9 12 1 1 11 7 12 1 1 1 1 1 1 1 1 1 1 1 1 1 1 100 1 1 1 1 1 1 1 1 100 1 1 100 1 100 1 1 1 1 1 1 1 1 1 1 1 1 1 1
instanceKlass java/util/zip/ZipFile$ZipFileInflaterInputStream
ciInstanceKlass java/util/zip/InflaterInputStream 1 1 180 9 7 12 1 1 1 100 1 8 1 10 12 1 1 10 7 12 1 1 9 12 1 9 12 1 9 12 1 1 100 1 10 12 1 100 1 8 1 10 9 12 1 1 9 12 1 10 12 1 7 1 10 10 12 1 10 12 1 10 12 1 1 10 100 12 1 1 1 10 7 12 1 1 1 10 12 1 1 10 12 1 10 12 1 10 12 1 10 12 1 10 12 1 100 1 10 12 1 1 100 1 8 1 10 8 1 100 1 5 0 10 100 12 1 1 1 10 12 1 10 12 1 9 12 1 1 10 7 12 1 1 10 9 12 1 1 100 1 8 1 10 10 12 1 1 8 1 1 1 1 1 1 1 1 1 1 1 1 1 1 1 1 1 100 100 1 1 1 1 1 1 1 1 1 1 1 1 1 1
ciInstanceKlass java/util/zip/ZipFile$ZipFileInflaterInputStream 1 1 155 10 7 12 1 1 1 10 7 12 1 1 1 9 12 1 1 10 7 12 1 1 9 12 1 1 10 7 12 1 1 1 7 1 10 12 1 10 7 12 1 1 1 9 12 1 1 9 12 1 10 12 1 1 9 7 12 1 1 1 9 12 1 1 11 7 12 1 1 1 11 7 12 1 1 100 1 8 1 10 12 1 9 12 1 1 9 12 1 1 10 7 12 1 1 1 9 12 1 1 9 12 1 1 10 7 12 1 1 1 7 1 10 12 1 1 10 12 1 100 1 5 0 3 1 1 1 1 1 1 1 1 1 1 100 1 100 1 1 100 1 1 1 1 1 1 1 1 1 1 1 1 1 1 1
ciInstanceKlass java/util/zip/Inflater 1 1 280 10 7 12 1 1 1 9 7 12 1 1 1 9 7 12 1 1 7 1 10 12 1 1 10 12 1 9 12 1 1 10 12 1 9 7 12 1 1 1 10 12 1 1 9 12 1 1 9 12 1 1 9 12 1 10 12 1 1 10 100 12 1 1 1 10 12 1 10 12 1 1 10 12 1 1 9 12 1 1 10 12 10 7 12 1 1 1 10 12 1 10 100 12 1 1 1 10 12 1 1 9 12 1 1 11 100 12 1 1 1 100 1 11 10 12 1 1 11 12 1 10 12 1 1 10 12 1 1 10 12 1 10 12 1 10 12 1 9 12 1 10 12 1 1 100 1 9 12 1 10 12 1 1 9 12 1 1 9 12 1 9 12 1 5 0 9 12 1 10 12 1 1 10 12 1 100 1 10 10 12 1 1 10 12 1 1 10 12 1 1 10 12 1 10 12 1 10 12 1 1 10 12 1 9 12 1 10 100 12 1 1 1 100 1 10 100 1 8 1 10 12 1 10 7 12 1 1 10 12 1 10 12 1 1 1 1 1 1 1 1 1 1 100 100 1 1 1 1 1 1 1 1 1 1 1 1 1 1 1 1 1 1 1 1 1 1 1 1 1 1 1 1 1 1 1 1 1 1 1
staticfield java/util/zip/Inflater $assertionsDisabled Z 1
ciInstanceKlass jdk/internal/module/Resources 1 1 173 10 100 12 1 1 1 10 7 12 1 1 1 8 1 10 12 1 1 10 100 12 1 1 1 10 100 12 1 1 10 12 1 1 8 1 10 12 1 1 10 12 1 1 11 100 12 1 1 1 11 12 1 1 9 100 12 1 1 1 10 12 1 1 100 1 10 100 12 1 1 1 100 1 10 10 12 1 1 8 1 10 11 12 1 1 10 12 1 1 11 12 1 100 1 10 12 1 1 11 12 100 1 10 12 1 1 10 12 1 1 9 12 1 1 10 12 1 1 10 100 12 1 1 1 100 1 11 12 1 1 10 12 1 1 1 1 1 1 1 1 1 1 1 1 1 1 1 1 1 1 1 1 1 1 1 1 1 1 1 100 1 1 1 1 1 1 1 1 1 1 1 1
ciInstanceKlass java/nio/file/FileSystems 1 1 166 10 100 12 1 1 1 10 7 12 1 1 1 9 7 12 1 1 1 10 100 12 1 1 1 10 100 12 1 1 1 100 1 10 12 1 10 12 1 10 100 12 1 1 1 11 100 12 1 1 1 11 100 12 1 1 11 12 1 1 10 10 100 12 1 1 1 10 12 1 1 100 1 100 1 10 8 1 10 12 1 1 8 1 10 10 10 100 12 1 1 1 10 12 1 100 1 10 100 12 1 1 1 10 11 100 12 1 1 1 10 12 1 100 1 10 10 12 1 8 1 1 1 1 1 1 1 1 1 1 1 1 1 1 1 1 1 1 1 100 1 1 1 1 1 1 1 1 100 1 1 1 1 1 1 1 100 1 1 1 1 1 100 1 1 1
ciInstanceKlass java/nio/file/FileSystems$DefaultFileSystemHolder 1 1 138 10 100 12 1 1 1 7 1 10 10 7 12 1 1 1 7 1 8 1 10 7 12 1 1 1 10 12 1 1 10 7 12 1 1 1 8 1 10 7 12 1 1 1 8 1 10 100 12 1 1 1 10 100 12 1 1 1 10 100 12 1 1 1 10 12 1 1 10 100 12 1 1 1 10 12 1 1 8 1 10 12 1 1 100 1 8 1 10 12 1 100 1 10 12 1 10 7 12 1 1 1 9 12 1 1 1 1 1 1 1 1 1 1 1 1 1 1 1 1 1 1 1 1 1 1 1 1 100 1 1 1 1 1 7 1 1 1
staticfield java/nio/file/FileSystems$DefaultFileSystemHolder defaultFileSystem Ljava/nio/file/FileSystem; sun/nio/fs/WindowsFileSystem
instanceKlass jdk/internal/module/ModuleReferenceImpl
ciInstanceKlass java/lang/module/ModuleReference 1 1 48 10 7 12 1 1 1 10 7 12 1 1 1 7 1 9 7 12 1 1 1 9 12 1 1 10 7 12 1 1 1 1 1 1 1 1 1 1 1 1 1 1 1 1 100 1 1 1
ciInstanceKlass java/util/Optional 1 1 187 9 7 12 1 1 1 10 7 12 1 1 1 9 12 1 1 10 7 12 1 1 1 10 12 1 100 1 8 1 10 12 1 11 7 12 1 1 11 100 12 1 1 10 12 1 1 11 7 12 1 1 1 10 12 1 1 11 7 12 1 1 10 12 1 1 10 12 1 11 7 12 1 1 1 11 7 12 1 1 11 12 1 1 100 1 10 12 1 1 10 12 1 1 100 1 10 8 1 10 12 1 1 10 12 1 8 1 10 12 1 1 8 1 1 1 1 1 1 1 1 1 1 1 1 1 1 1 1 1 1 1 1 1 1 1 1 1 1 1 1 1 1 1 1 1 1 1 1 1 1 1 1 1 1 1 1 1 1 1 1 1 1 1 1 1 1 1 1 1 1 1 1 1 1 1 1 1 1 100 1 1 1 1 1 1 1
staticfield java/util/Optional EMPTY Ljava/util/Optional; java/util/Optional
ciInstanceKlass jdk/internal/loader/BootLoader 1 1 258 10 100 12 1 1 1 9 7 12 1 1 1 10 7 12 1 1 1 10 7 12 1 1 1 9 12 1 1 9 12 1 1 10 7 12 1 1 1 10 12 1 1 9 12 1 1 11 7 12 1 1 1 10 12 1 10 7 12 1 1 1 10 7 12 1 1 1 10 12 1 1 10 7 12 1 1 1 100 1 10 12 1 10 100 12 1 1 1 10 12 1 1 10 12 1 1 10 12 1 10 12 1 1 10 12 1 1 10 12 1 1 10 10 100 12 1 1 1 10 12 1 1 10 12 1 10 100 12 1 1 1 10 12 1 1 10 100 12 1 1 1 18 12 1 1 11 100 12 1 1 1 10 7 12 1 1 1 10 7 12 1 1 9 12 1 1 11 12 1 1 11 12 1 1 10 12 1 1 7 1 10 10 12 1 1 1 1 1 1 1 1 1 1 1 1 1 1 1 1 1 1 1 1 1 1 1 1 1 1 1 1 1 100 1 1 1 1 1 1 1 1 100 1 1 1 1 1 1 1 1 1 1 100 1 100 1 1 16 1 15 10 12 16 15 10 100 12 1 1 1 1 1 100 1 100 1 1
staticfield jdk/internal/loader/BootLoader JLA Ljdk/internal/access/JavaLangAccess; java/lang/System$2
staticfield jdk/internal/loader/BootLoader UNNAMED_MODULE Ljava/lang/Module; java/lang/Module
staticfield jdk/internal/loader/BootLoader JAVA_HOME Ljava/lang/String; "C:\Program Files\Ballerina\dependencies\jdk-21.0.5+11-jre"
staticfield jdk/internal/loader/BootLoader CLASS_LOADER_VALUE_MAP Ljava/util/concurrent/ConcurrentHashMap; java/util/concurrent/ConcurrentHashMap
staticfield jdk/internal/loader/BootLoader NATIVE_LIBS Ljdk/internal/loader/NativeLibraries; jdk/internal/loader/NativeLibraries
ciInstanceKlass jdk/internal/loader/ClassLoaders$BootClassLoader 1 1 42 10 7 12 1 1 1 9 7 12 1 1 1 11 7 12 1 1 1 100 1 1 1 1 1 1 1 1 1 1 1 1 1 1 1 1 1 1 1 1 1 1
ciInstanceKlass java/util/Collections$SetFromMap 1 1 182 10 7 12 1 1 1 9 7 12 1 1 1 11 7 12 1 1 1 9 12 1 1 11 12 1 11 12 1 1 11 12 1 1 11 12 1 1 11 12 1 1 9 7 12 1 1 1 11 12 1 1 11 7 12 1 1 1 11 12 1 1 11 12 1 11 12 1 1 11 12 1 11 12 1 11 12 1 1 11 12 1 11 12 1 11 12 1 1 11 12 1 1 11 12 1 1 11 12 1 1 11 12 1 10 100 12 1 1 100 1 8 1 10 12 1 100 1 1 1 1 1 1 1 5 0 1 1 1 1 1 1 1 1 1 1 1 1 1 1 1 1 1 1 1 1 1 1 1 1 1 1 1 1 1 1 1 1 1 1 1 1 1 1 1 1 1 100 1 100 1 1 100 1 1 1 1 1 100 1 1 1
ciInstanceKlass java/io/File$PathStatus 1 1 56 7 1 9 12 1 1 9 12 1 9 12 1 1 10 100 12 1 1 10 7 12 1 1 1 10 12 1 1 8 10 8 10 12 1 1 1 1 1 1 1 1 1 1 1 1 1 1 1 1 1 1 100 1 1 1
staticfield java/io/File$PathStatus INVALID Ljava/io/File$PathStatus; java/io/File$PathStatus
staticfield java/io/File$PathStatus CHECKED Ljava/io/File$PathStatus; java/io/File$PathStatus
staticfield java/io/File$PathStatus $VALUES [Ljava/io/File$PathStatus; 2 [Ljava/io/File$PathStatus;
ciInstanceKlass sun/net/www/ParseUtil 1 1 517 7 1 10 100 12 1 1 1 10 12 1 1 9 7 12 1 1 1 10 12 1 10 12 1 1 10 7 12 1 1 1 10 12 1 1 5 0 5 0 10 12 1 1 10 12 1 1 10 100 12 1 1 1 10 12 1 1 7 1 3 10 12 1 10 7 12 1 1 1 10 12 1 1 10 12 1 1 7 1 10 12 1 10 7 12 1 1 1 10 7 12 1 1 9 7 12 1 1 1 10 12 1 1 9 7 12 1 1 1 10 7 12 1 1 1 10 12 1 9 12 1 1 100 1 10 10 12 1 1 10 12 1 1 100 1 10 8 1 10 12 1 10 12 1 1 10 12 1 10 12 1 1 10 12 1 1 100 1 100 1 10 12 1 10 12 1 10 12 1 10 12 1 1 10 7 12 1 1 1 8 1 10 12 1 1 10 12 10 10 12 1 10 12 1 8 1 10 12 1 1 10 12 1 10 12 1 7 1 8 1 8 1 10 12 1 10 12 1 10 12 1 10 12 1 10 12 1 10 12 1 8 1 10 12 1 1 10 12 1 1 100 1 10 12 1 10 12 1 100 1 10 10 12 1 1 10 12 1 1 8 1 10 12 1 5 0 5 0 10 12 1 1 10 12 1 1 5 0 5 0 8 1 5 0 5 0 8 1 8 1 10 12 1 10 12 1 1 10 12 1 10 12 1 1 10 12 1 1 10 12 1 10 12 1 1 10 12 1 1 5 0 5 0 10 12 1 1 10 100 12 1 1 1 100 1 10 12 1 10 12 1 1 9 12 1 1 10 7 12 1 1 1 10 12 1 8 1 10 12 1 10 7 12 1 1 10 12 1 1 10 12 1 1 1 1 1 5 0 1 1 1 1 5 0 1 1 5 0 1 1 5 0 1 1 1 5 0 1 5 0 1 5 0 1 1 5 0 1 5 0 1 5 0 1 1 1 1 5 0 1 1 1 1 5 0 1 1 1 1 1 1 1 1 1 1 1 1 1 1 1 1 1 1 1 1 1 1 1 1 1 1 1 1 1 1 100 1 1 1 1 1 1 1 1 1 1 1 1 1 1 1 1 100 1 1 1 1 1 1 1 100 1 1 1 1 1 1 1 1 1 1 1 1 1 1 1 1 1 1 1 1 1 1 1 1 1 1 1 1 1 1 1 1 1 1 1
staticfield sun/net/www/ParseUtil HEX_UPPERCASE Ljava/util/HexFormat; java/util/HexFormat
staticfield sun/net/www/ParseUtil $assertionsDisabled Z 1
instanceKlass sun/net/www/protocol/jrt/Handler
instanceKlass sun/net/www/protocol/jar/Handler
instanceKlass sun/net/www/protocol/file/Handler
ciInstanceKlass java/net/URLStreamHandler 1 1 300 10 7 12 1 1 1 100 1 7 1 10 8 1 10 12 1 1 8 1 8 1 10 12 1 1 10 12 1 100 1 8 1 10 10 7 12 1 1 10 12 1 10 12 1 10 12 1 10 12 1 1 10 12 1 10 12 1 10 12 1 10 7 12 1 1 1 10 12 1 1 10 12 1 1 10 12 1 10 12 1 10 12 1 10 12 1 10 7 12 1 1 1 8 1 10 100 12 1 1 1 8 1 8 1 8 1 10 12 1 10 12 1 1 8 1 10 12 1 1 8 1 10 12 1 8 1 10 12 1 10 12 8 1 10 12 1 8 1 10 12 1 8 1 10 7 12 1 1 1 10 100 12 1 1 1 10 12 1 1 10 12 1 10 12 1 1 10 100 1 9 100 12 1 1 1 10 12 1 1 10 12 1 10 12 1 10 12 1 10 12 1 9 12 1 1 10 12 1 10 12 1 10 10 12 1 8 1 100 1 8 1 10 10 12 1 10 12 1 1 10 12 1 10 12 1 10 12 1 10 12 1 1 8 1 1 1 1 1 1 1 1 100 1 1 1 1 1 1 1 100 1 1 1 1 1 1 1 1 1 1 1 1 1 1 1 1 1 1 1 1 1 1 1 1 1 1 1 1 1 1 1 1 1 1 1 1 1 1 1 1 1 1 1 1 1 1 1 1 1
ciInstanceKlass sun/net/www/protocol/file/Handler 1 1 161 10 7 12 1 1 1 9 7 12 1 1 1 10 7 12 1 1 1 10 12 1 1 10 7 12 1 1 1 10 7 12 1 1 1 10 12 1 10 7 12 1 1 1 10 12 1 1 8 1 10 12 1 1 8 1 10 12 1 1 10 12 1 10 12 1 1 100 1 10 8 1 10 12 1 1 10 12 1 10 12 1 100 1 10 12 1 8 1 10 12 1 8 1 8 1 10 12 1 10 12 1 10 12 1 100 1 8 1 10 12 1 10 7 1 10 12 1 10 12 1 1 1 1 1 1 1 1 1 1 1 1 1 1 1 1 1 1 1 1 1 1 1 1 1 1 1 1 1 1 1 100 1 100 1 1 1 1 1 1 1
ciInstanceKlass sun/net/www/protocol/jar/Handler 1 1 227 10 7 12 1 1 1 7 1 10 12 1 10 7 12 1 1 1 10 12 1 1 10 12 1 1 10 7 12 1 1 1 8 1 10 12 1 1 10 12 1 7 1 8 1 10 12 1 1 10 12 1 1 10 12 1 1 10 12 1 10 12 1 1 100 1 10 12 1 10 8 1 10 12 1 1 8 1 10 12 10 12 1 1 100 1 10 12 1 10 12 1 10 12 1 1 10 12 1 10 12 1 1 8 1 10 12 1 1 8 1 7 1 10 8 1 10 12 1 1 8 1 10 12 1 8 1 10 12 1 8 1 10 12 1 1 8 1 8 1 10 12 1 8 1 10 12 1 10 12 1 8 1 8 1 8 1 10 12 1 8 1 10 1 1 1 1 1 1 1 1 1 1 1 1 1 100 1 1 1 1 1 1 1 1 1 1 1 1 1 1 1 1 1 1 1 1 1 1 1 1 1 1 1 1 1 1 1 1 1 1 1 1 1 1 1 1 1 1 1 1 1 1 1 1 1 1
ciInstanceKlass jdk/internal/loader/ClassLoaderValue 1 1 44 10 7 12 1 1 1 10 100 12 1 1 1 10 100 12 1 1 1 10 100 12 1 1 1 1 1 1 1 1 1 1 1 1 1 1 1 1 1 1 1 1 1 1
ciInstanceKlass jdk/internal/loader/BuiltinClassLoader$LoadedModule 1 1 95 10 7 12 1 1 1 10 7 12 1 1 1 10 7 12 1 1 1 7 1 9 7 12 1 1 1 8 1 10 12 1 1 10 7 12 1 1 1 10 12 1 1 9 12 1 1 9 12 1 1 9 12 1 1 10 12 1 1 10 7 12 1 1 10 12 1 1 100 1 100 1 1 1 1 1 1 1 1 1 1 1 100 1 100 1 1 1 100 1 1 1 1 1 1
instanceKlass sun/util/PropertyResourceBundleCharset$PropertiesFileDecoder
instanceKlass sun/nio/cs/UTF_8$Decoder
instanceKlass sun/nio/cs/SingleByte$Decoder
ciInstanceKlass java/nio/charset/CharsetDecoder 1 1 301 10 7 12 1 1 1 9 7 12 1 1 1 9 7 12 1 1 9 12 1 9 12 1 1 9 12 1 1 100 1 8 1 10 12 1 8 1 8 1 9 12 1 1 9 12 1 1 9 12 1 10 12 1 1 8 1 10 12 1 8 1 10 7 12 1 1 1 8 1 8 1 10 12 1 8 1 10 12 1 1 10 12 1 10 12 1 1 10 12 1 1 100 1 100 1 10 12 1 10 7 12 1 1 1 10 12 1 10 7 12 1 1 10 12 1 10 12 1 1 10 12 1 10 12 1 9 12 1 1 100 1 10 12 1 1 10 12 1 9 12 1 10 100 1 9 12 1 1 10 12 1 1 9 12 1 10 12 1 10 10 12 1 10 10 12 1 1 9 12 1 10 12 1 10 12 1 100 1 3 10 100 12 1 1 1 10 12 1 1 10 12 1 1 10 12 1 1 10 12 1 10 12 1 1 10 12 1 1 10 12 1 10 12 1 100 1 10 100 1 100 1 10 8 1 10 12 1 1 9 12 1 1 8 1 10 10 10 7 12 1 1 8 1 8 1 8 1 8 1 1 1 3 1 3 1 3 1 3 1 1 1 1 1 1 1 100 1 1 1 1 1 1 1 1 1 1 1 1 1 1 1 1 1 1 1 1 1 1 1 1 100 1 1 1 1 1 1 1 1 1
staticfield java/nio/charset/CharsetDecoder $assertionsDisabled Z 1
ciInstanceKlass java/util/zip/ZipConstants 1 0 78 100 1 100 1 1 1 1 5 0 1 5 0 1 5 0 1 5 0 1 1 3 1 3 1 3 1 3 1 3 1 3 1 3 1 3 1 3 1 3 1 1 3 1 3 1 1 1 3 1 1 1 1 1 1 1 3 1 3 1 1 1 3 1 3 1 3 1 3 1 3 1 1 1 1 1 1 1
instanceKlass java/util/jar/JarFile
ciInstanceKlass java/util/zip/ZipFile 1 1 551 7 1 7 1 7 1 10 12 1 1 7 1 10 12 1 9 7 12 1 1 1 10 12 1 10 7 12 1 1 100 1 100 1 10 8 1 10 12 1 1 10 100 12 1 1 1 10 12 1 1 10 10 12 1 10 7 12 1 1 1 10 100 12 1 1 10 12 1 8 1 10 7 12 1 1 1 9 12 1 1 10 12 1 1 7 1 10 7 12 1 1 1 10 12 1 9 12 1 1 10 7 12 1 1 1 10 12 1 1 10 12 1 10 12 1 10 12 1 9 12 1 1 9 7 12 1 1 1 9 12 1 1 10 12 1 8 10 12 1 1 10 12 1 1 8 1 9 12 1 1 9 12 1 9 10 12 1 1 9 12 1 1 7 1 9 12 1 10 12 1 10 12 1 1 11 7 12 1 1 1 10 12 1 1 5 0 5 0 5 0 5 0 7 1 10 12 1 100 1 8 1 10 100 1 9 12 1 10 12 1 100 1 18 12 1 1 10 12 1 10 100 12 1 1 1 10 12 1 10 12 1 1 100 1 10 12 1 18 18 10 12 1 10 12 1 10 7 12 1 1 1 10 12 1 1 8 1 10 12 1 1 10 12 1 7 1 9 12 1 1 11 7 12 1 1 1 10 10 12 1 9 12 1 10 12 1 9 12 1 1 10 12 1 9 12 1 9 12 1 10 12 1 9 12 1 9 12 1 10 12 1 10 12 1 3 9 12 1 10 7 12 1 1 1 10 12 1 1 9 12 9 12 1 1 10 12 1 100 1 10 12 1 1 100 1 8 1 10 8 1 8 1 9 12 1 1 9 12 1 100 1 10 10 12 1 11 100 1 11 12 1 1 9 12 1 9 12 1 8 1 10 7 12 1 1 1 8 1 10 12 1 100 1 10 12 1 9 12 1 7 1 10 10 7 12 1 1 1 100 1 1 1 1 1 3 1 3 1 3 1 3 1 1 1 1 1 1 100 1 1 1 1 1 1 1 1 1 1 100 1 1 1 1 100 1 1 1 1 1 1 1 1 1 1 1 1 1 100 1 1 1 1 1 1 1 1 1 1 1 1 1 1 1 1 1 1 1 100 1 1 1 1 1 1 1 1 1 1 1 100 1 1 1 1 1 1 1 1 1 1 1 1 1 1 1 1 1 100 1 100 1 100 1 100 1 1 16 1 15 10 12 16 15 16 15 10 12 16 15 10 100 12 1 1 1 1 1 1 1 1 1 1 1 1 1 100 1 100 1 1
staticfield java/util/zip/ZipFile DISABLE_ZIP64_EXTRA_VALIDATION Z 0
instanceKlass sun/net/www/protocol/jar/URLJarFile
ciInstanceKlass java/util/jar/JarFile 1 1 695 7 1 9 12 1 1 9 12 1 100 1 10 12 1 1 7 1 10 12 1 10 12 1 10 12 1 9 12 1 1 10 7 12 1 1 1 9 12 1 10 7 12 1 1 1 9 12 1 9 12 1 1 10 7 12 1 1 1 10 12 1 1 9 12 1 10 12 1 1 9 12 9 12 1 10 12 1 1 100 1 10 12 1 1 9 12 1 1 10 7 12 1 1 1 7 1 10 12 1 1 10 12 1 1 9 12 1 9 12 1 1 11 7 12 1 1 1 100 1 10 7 12 1 1 1 10 12 1 9 12 1 1 9 12 1 1 8 1 10 100 12 1 1 7 1 10 12 1 10 10 12 1 10 12 1 1 10 12 1 10 7 12 1 1 100 1 10 12 1 1 10 12 1 10 12 1 1 10 12 1 1 10 11 12 1 1 11 12 1 1 11 12 1 18 12 1 1 11 100 12 1 1 1 18 12 1 1 11 12 1 1 11 12 1 1 18 18 10 12 7 1 10 12 1 8 1 10 7 12 1 1 1 10 12 1 10 12 1 1 10 12 1 1 100 1 10 12 1 8 1 11 12 1 1 7 1 10 12 10 12 1 1 10 12 1 8 1 10 12 10 12 1 1 10 12 1 11 12 1 1 10 12 1 11 12 1 1 11 100 12 1 1 1 11 100 12 1 1 11 12 1 10 12 1 1 100 1 8 1 10 100 1 9 12 1 1 10 12 1 8 1 10 12 1 9 12 1 1 10 12 1 1 10 12 1 1 100 1 8 1 10 100 12 1 1 10 12 1 8 1 10 12 1 8 1 10 7 12 1 1 1 9 7 12 1 1 8 1 10 12 1 8 1 10 8 1 8 1 10 3 10 12 1 1 10 12 1 1 100 1 8 1 8 1 10 8 1 10 12 1 10 12 1 10 12 1 10 12 1 1 100 1 10 12 1 10 12 1 1 9 12 1 1 9 12 1 10 7 12 1 1 9 12 1 9 12 1 9 12 1 9 12 1 10 12 1 1 9 12 1 9 12 1 9 12 1 7 1 10 7 1 10 12 1 10 12 1 1 9 7 12 1 1 1 10 12 1 1 10 7 12 1 1 9 100 12 1 1 1 10 100 12 1 1 10 12 1 100 1 10 12 10 12 1 10 12 1 10 100 12 1 1 1 10 12 1 1 7 1 10 10 7 12 1 1 1 10 12 1 1 8 1 10 7 12 1 1 1 10 7 12 1 1 10 12 1 8 1 8 1 10 12 1 10 12 1 8 1 10 12 1 1 8 1 1 1 1 1 1 1 1 8 1 1 1 1 1 1 1 1 1 1 1 1 1 1 1 1 1 1 1 1 1 1 1 1 1 100 1 1 1 1 1 1 1 1 1 1 1 1 1 1 1 1 1 100 1 1 1 1 1 1 1 1 1 1 1 1 1 1 1 1 1 100 1 1 1 1 1 1 1 1 1 1 1 1 100 1 1 1 1 1 1 1 1 1 1 1 1 1 16 15 10 12 16 16 15 10 12 1 16 15 16 16 1 15 10 100 12 1 1 1 1 1 1 1 1 1 1 100 1 100 1 1
staticfield java/util/jar/JarFile BASE_VERSION Ljava/lang/Runtime$Version; java/lang/Runtime$Version
staticfield java/util/jar/JarFile BASE_VERSION_FEATURE I 8
staticfield java/util/jar/JarFile RUNTIME_VERSION Ljava/lang/Runtime$Version; java/lang/Runtime$Version
staticfield java/util/jar/JarFile MULTI_RELEASE_ENABLED Z 1
staticfield java/util/jar/JarFile MULTI_RELEASE_FORCED Z 0
staticfield java/util/jar/JarFile JUZFA Ljdk/internal/access/JavaUtilZipFileAccess; java/util/zip/ZipFile$1
staticfield java/util/jar/JarFile CLASSPATH_CHARS [B 12
staticfield java/util/jar/JarFile CLASSPATH_LASTOCC [B 65
staticfield java/util/jar/JarFile CLASSPATH_OPTOSFT [B 12
staticfield java/util/jar/JarFile MULTIRELEASE_CHARS [B 19
staticfield java/util/jar/JarFile MULTIRELEASE_LASTOCC [B 65
staticfield java/util/jar/JarFile MULTIRELEASE_OPTOSFT [B 19
ciInstanceKlass java/util/zip/ZipFile$CleanableResource 1 1 167 100 1 10 7 12 1 1 1 10 7 12 1 1 1 10 7 12 1 1 1 9 7 12 1 1 1 7 1 10 10 7 12 1 1 1 9 12 1 1 7 1 10 9 12 1 1 10 7 12 1 1 1 9 12 1 1 11 7 12 1 1 11 7 12 1 1 1 7 1 10 12 1 10 12 1 11 12 1 1 10 12 1 11 7 12 1 1 1 100 1 11 12 1 1 100 1 11 12 1 10 12 1 100 1 10 12 1 1 10 12 1 1 100 1 10 12 1 100 1 1 1 1 1 1 1 1 1 1 1 1 1 1 1 1 1 1 1 100 1 100 1 1 1 1 1 1 100 1 1 1 1 1 1 1 1 1 1 1 1 1 1 1 1 1 1 1
ciInstanceKlass java/lang/ref/Cleaner$Cleanable 1 0 14 100 1 100 1 1 1 1 1 1 100 1 1 1
ciInstanceKlass jdk/internal/ref/CleanerImpl$PhantomCleanableRef 1 1 51 10 7 12 1 1 1 9 7 12 1 1 1 10 12 1 11 7 12 1 1 100 1 8 1 10 12 1 8 1 1 1 1 1 1 1 1 1 1 1 1 1 1 1 1 1 1 100 1 1 1
ciInstanceKlass sun/nio/fs/DefaultFileSystemProvider 1 1 31 10 100 12 1 1 1 9 7 12 1 1 1 10 7 12 1 1 1 10 1 1 1 1 1 1 1 1 1 1 1
staticfield sun/nio/fs/DefaultFileSystemProvider INSTANCE Lsun/nio/fs/WindowsFileSystemProvider; sun/nio/fs/WindowsFileSystemProvider
instanceKlass sun/nio/fs/AbstractFileSystemProvider
ciInstanceKlass java/nio/file/spi/FileSystemProvider 1 1 386 10 7 12 1 1 1 100 1 8 1 10 12 1 1 10 100 12 1 1 1 10 7 12 1 1 10 7 12 1 1 10 12 1 100 1 10 10 100 12 1 1 1 10 100 12 1 1 1 10 12 1 1 11 100 12 1 1 1 11 12 1 1 10 12 1 1 8 1 10 100 12 1 1 1 11 100 1 11 12 1 1 9 12 1 1 10 100 12 1 1 1 10 100 12 1 1 1 9 12 1 1 9 12 1 1 100 1 8 1 10 100 1 10 10 100 12 1 1 1 11 12 1 10 100 12 1 1 1 100 1 10 9 7 12 1 1 1 9 12 1 100 1 10 8 1 10 12 1 1 10 12 1 8 1 10 12 1 10 10 7 12 1 1 1 7 1 10 12 1 10 7 12 1 1 1 9 12 1 1 7 1 10 9 12 1 100 1 8 1 10 11 7 1 7 1 10 12 1 10 12 1 1 10 12 1 1 7 1 10 12 1 1 7 1 10 12 1 1 100 1 100 1 9 12 1 1 10 12 1 1 7 1 100 1 10 100 1 8 1 10 12 1 9 12 1 9 12 1 11 12 1 1 1 1 1 1 1 1 1 1 1 1 1 1 1 1 1 1 1 1 1 1 1 1 1 1 1 1 100 1 1 1 1 1 1 1 1 1 1 1 1 1 1 1 1 1 1 1 1 1 1 1 100 100 1 100 1 1 1 1 1 1 1 100 1 100 1 1 1 1 1 1 1 1 1 1 1 1 1 1 1 1 1 1 1 1 1 1 1 1 1 1 1 1 1 1 1 1 1 1 1 1 1 1 1 1 1 1 1 1 1 1 1 1 1 1 1 1 1 1 1 1 1 1 100 1 1 1 1 1 100 1 100 1 1
staticfield java/nio/file/spi/FileSystemProvider lock Ljava/lang/Object; java/lang/Object
staticfield java/nio/file/spi/FileSystemProvider DEFAULT_OPEN_OPTIONS Ljava/util/Set; java/util/ImmutableCollections$SetN
ciInstanceKlass sun/nio/fs/WindowsFileSystemProvider 1 1 649 100 1 10 7 12 1 1 1 7 1 10 7 12 1 1 1 10 12 1 9 7 12 1 1 1 8 1 10 7 12 1 1 10 10 7 12 1 1 1 100 1 8 1 10 12 1 10 12 1 8 1 10 12 1 8 1 8 1 10 12 1 1 8 1 10 12 1 8 1 10 12 1 8 1 10 12 1 1 100 1 10 10 7 12 1 1 1 100 1 10 7 1 100 1 10 10 7 12 1 1 1 10 12 1 10 12 1 10 12 1 1 10 7 12 1 1 1 10 12 1 7 1 10 12 1 1 10 100 12 1 1 1 10 12 1 1 10 12 1 1 10 7 12 1 1 1 7 1 10 7 12 1 1 1 100 1 10 12 1 1 100 1 100 1 10 12 1 100 1 100 1 10 12 1 100 1 100 1 10 100 1 7 1 100 1 100 1 10 10 12 1 1 11 12 1 1 8 1 8 1 8 1 8 1 8 1 10 12 1 10 7 12 1 1 1 10 12 1 1 10 12 1 10 7 12 1 1 10 12 1 10 12 1 1 100 1 10 12 1 10 10 100 12 1 1 1 10 12 1 10 100 12 1 1 1 10 12 1 1 10 100 1 3 3 3 3 10 100 12 1 1 1 10 12 1 100 1 10 12 1 1 10 100 12 1 1 1 10 100 1 10 12 1 1 7 1 10 12 1 10 100 1 10 12 9 100 12 1 1 1 10 100 12 1 1 100 1 8 1 10 12 1 10 12 1 10 12 1 10 12 1 10 100 12 1 1 1 10 100 12 1 1 10 12 1 1 100 1 8 1 10 12 1 10 12 1 8 1 10 100 12 1 1 1 10 8 1 10 10 12 1 1 10 12 1 10 12 1 1 10 12 1 1 10 12 1 100 1 8 1 10 10 12 1 1 10 12 1 1 100 1 10 12 1 10 8 1 10 100 1 8 1 10 10 12 1 1 9 100 12 1 1 1 8 1 10 9 12 1 10 12 1 1 10 12 1 10 12 1 1 10 12 1 1 10 12 1 8 1 10 12 1 1 10 12 1 1 100 1 100 1 8 1 10 12 10 12 1 1 10 12 1 1 10 12 1 9 12 1 1 9 100 12 1 1 1 10 12 1 1 1 1 1 1 1 1 1 1 1 1 1 1 1 1 1 1 1 1 1 1 1 1 1 1 1 1 1 1 1 1 1 1 1 1 100 1 100 1 100 1 1 1 1 1 1 100 1 100 1 1 1 1 1 1 1 1 1 1 1 1 100 1 1 1 1 1 1 1 1 1 1 1 1 1 1 1 1 1 1 1 1 1 1 1 1 1 1 1 1 1 1 1 1 1 1 1 1 1 1 100 1 1 1 1 1 1 1 1 1 1 1 1 1 1 1 1 1 1 1 1 1 1 1 1 1 1 1 1 1 1 1 1 1 1 1 1 1 1 1 1 1 100 1 1 1 1 1 100 1 1 100 1 1 100 1 100 1 1
staticfield sun/nio/fs/WindowsFileSystemProvider EMPTY_PATH [B 0
ciInstanceKlass java/nio/file/OpenOption 1 0 7 100 1 100 1 1 1
instanceKlass sun/nio/fs/WindowsFileSystem
ciInstanceKlass java/nio/file/FileSystem 1 1 46 10 7 12 1 1 1 100 1 100 1 1 1 1 1 1 1 1 1 1 100 1 1 1 1 1 1 1 1 1 1 1 1 1 1 1 1 1 1 1 1 1 1 1 1 1
ciInstanceKlass sun/nio/fs/WindowsFileSystem 1 1 309 10 7 12 1 1 1 9 7 12 1 1 1 10 7 12 1 1 1 10 7 12 1 1 1 9 7 12 1 1 1 9 12 1 100 1 8 1 10 12 1 10 12 1 1 9 12 1 1 10 12 1 9 12 1 8 1 100 1 10 10 100 12 1 1 1 100 1 10 12 1 100 1 10 10 100 12 1 1 1 7 1 10 12 1 10 12 1 1 8 1 10 12 1 10 12 1 10 100 12 1 1 1 100 1 10 7 12 1 1 1 10 12 1 1 10 100 12 1 1 1 100 1 8 1 10 12 10 12 1 1 10 12 1 1 100 1 10 12 1 9 12 1 1 10 7 12 1 1 1 10 10 7 12 1 1 1 10 12 1 10 12 9 100 12 1 1 1 10 12 1 1 100 1 10 10 12 1 1 10 12 1 8 1 10 12 1 1 10 7 12 1 1 1 8 1 8 1 8 1 10 7 1 10 12 1 1 7 1 10 12 1 100 1 10 8 1 8 1 8 1 8 1 8 1 11 7 12 1 1 1 1 1 1 1 1 1 1 1 1 1 1 1 1 1 1 100 1 1 1 1 1 1 1 100 1 1 1 1 1 1 1 1 1 1 1 1 1 1 1 1 1 1 1 1 1 1 1 1 1 1 1 1 100 1 1 1 1 1 1 1 1 1 1 1 1 1 1 1 1 1 100 1 100 1 1 1 1 1
staticfield sun/nio/fs/WindowsFileSystem supportedFileAttributeViews Ljava/util/Set; java/util/ImmutableCollections$SetN
ciInstanceKlass sun/nio/fs/WindowsPathType 1 1 63 7 1 9 12 1 1 9 12 1 9 12 1 9 12 1 9 12 1 9 12 1 1 10 7 12 1 1 10 7 12 1 1 1 10 12 1 1 8 10 8 8 8 8 10 12 1 1 1 1 1 1 1 1 1 1 1 1 1 1 1 1 1
staticfield sun/nio/fs/WindowsPathType ABSOLUTE Lsun/nio/fs/WindowsPathType; sun/nio/fs/WindowsPathType
staticfield sun/nio/fs/WindowsPathType UNC Lsun/nio/fs/WindowsPathType; sun/nio/fs/WindowsPathType
staticfield sun/nio/fs/WindowsPathType RELATIVE Lsun/nio/fs/WindowsPathType; sun/nio/fs/WindowsPathType
staticfield sun/nio/fs/WindowsPathType DIRECTORY_RELATIVE Lsun/nio/fs/WindowsPathType; sun/nio/fs/WindowsPathType
staticfield sun/nio/fs/WindowsPathType DRIVE_RELATIVE Lsun/nio/fs/WindowsPathType; sun/nio/fs/WindowsPathType
staticfield sun/nio/fs/WindowsPathType $VALUES [Lsun/nio/fs/WindowsPathType; 5 [Lsun/nio/fs/WindowsPathType;
ciInstanceKlass java/nio/file/Watchable 1 0 25 100 1 100 1 1 1 1 100 1 1 1 1 1 1 1 1 100 1 100 1 1 100 1 1
ciInstanceKlass java/nio/file/Path 1 1 208 10 7 12 1 1 1 10 7 12 1 1 1 10 7 12 1 1 1 100 1 8 1 10 12 1 1 8 1 10 7 12 1 1 1 10 12 1 1 10 7 12 1 1 10 12 1 1 11 100 12 1 1 1 11 100 12 1 1 1 11 12 1 1 10 100 1 100 1 10 12 1 8 1 10 12 1 1 8 1 10 12 1 10 11 7 12 1 1 11 12 1 1 11 12 1 11 12 1 1 100 1 10 11 12 1 1 11 12 1 7 1 11 10 100 1 8 1 10 100 1 11 12 1 1 100 1 10 12 1 11 12 1 1 100 1 100 1 100 1 100 1 1 1 1 1 1 1 1 1 1 1 1 1 1 1 1 1 1 1 1 1 1 1 1 1 1 1 1 1 1 1 1 1 1 1 1 100 1 1 1 1 1 1 1 1 1 1 1 1 1 1 1 1 1 1 1 1 1 1 1 1 100 1 1 100 1 1
instanceKlass sun/nio/fs/WindowsPath$WindowsPathWithAttributes
ciInstanceKlass sun/nio/fs/WindowsPath 1 1 626 100 1 10 7 12 1 1 1 9 7 12 1 1 1 9 12 1 1 9 12 1 1 9 12 1 10 7 12 1 1 1 10 7 12 1 1 10 12 1 10 12 10 12 1 10 12 1 7 1 10 12 1 100 1 100 1 10 12 1 10 12 1 10 12 1 1 10 12 1 1 10 12 1 1 10 7 12 1 1 1 9 12 1 1 10 100 12 1 1 1 10 12 1 100 1 8 1 10 12 1 10 100 12 1 1 1 10 12 1 9 7 12 1 1 10 9 12 1 10 12 1 1 10 100 12 1 1 10 12 1 8 1 10 12 1 1 7 1 10 10 12 1 1 10 12 1 10 12 1 10 12 1 9 12 1 10 12 1 10 12 1 1 10 12 1 1 10 10 12 1 1 8 1 8 1 8 1 10 12 1 1 10 7 12 1 1 1 8 1 8 1 10 12 1 8 1 10 12 1 8 1 10 12 1 1 10 12 1 1 9 12 1 9 12 1 100 1 10 100 1 10 10 12 1 10 12 1 10 12 1 1 10 12 1 1 10 12 1 100 1 8 1 10 10 12 1 8 1 10 12 1 10 12 1 10 7 12 1 1 1 10 12 1 1 10 12 1 1 8 1 10 12 1 8 1 8 1 10 10 10 12 1 10 12 1 9 7 12 1 1 1 10 12 1 10 9 12 1 1 7 1 10 10 7 12 1 1 1 10 12 1 10 12 1 10 12 1 1 7 10 12 1 10 12 1 10 7 1 10 12 1 10 12 1 10 10 7 12 1 1 1 10 12 1 1 9 12 1 1 3 3 10 12 1 1 10 12 1 10 12 1 1 10 12 10 12 1 1 3 10 100 12 1 1 1 10 12 1 8 1 10 12 1 1 10 7 12 1 1 1 10 12 1 10 100 12 1 1 10 12 1 10 12 1 10 7 12 1 1 1 8 1 10 12 1 100 1 100 1 10 10 10 12 1 10 12 10 100 12 1 1 1 10 100 12 1 1 1 100 1 10 100 12 1 1 1 100 1 9 100 12 1 1 1 10 100 12 1 1 8 1 10 12 1 1 10 12 1 1 10 12 1 10 12 1 10 12 1 10 12 1 100 1 1 1 3 1 3 1 1 1 1 1 1 1 1 1 1 1 1 1 1 100 1 1 1 1 1 1 1 1 1 1 100 1 1 1 1 1 1 1 1 1 1 1 1 1 1 1 1 1 1 1 1 1 1 1 1 1 1 1 1 1 1 1 1 1 1 1 1 100 1 1 1 1 1 1 1 1 1 1 1 1 1 1 1 1 1 1 1 1 1 1 1 1 1 1 1 1 1 1 1 1 1 1 1 1 1 1 1 1 1 1 1 1 1 1 1 1 100 1 100 1 1 1 1 1 1 1 1 1 1 1 1 1 1 100 1 100 1 1 1 100 1 1
ciInstanceKlass java/nio/file/attribute/BasicFileAttributes 1 0 20 100 1 100 1 1 1 1 1 1 1 1 1 1 1 1 1 1 1 1
ciInstanceKlass java/nio/file/CopyOption 1 0 7 100 1 100 1 1 1
ciInstanceKlass java/nio/file/LinkOption 1 1 51 7 1 9 12 1 1 9 12 1 1 10 100 12 1 1 10 7 12 1 1 1 10 12 1 1 8 10 10 12 1 1 100 1 100 1 1 1 1 1 1 1 1 1 1 1 1 1 1 1 1
staticfield java/nio/file/LinkOption NOFOLLOW_LINKS Ljava/nio/file/LinkOption; java/nio/file/LinkOption
staticfield java/nio/file/LinkOption $VALUES [Ljava/nio/file/LinkOption; 1 [Ljava/nio/file/LinkOption;
ciInstanceKlass java/nio/file/Files 1 1 1155 10 7 12 1 1 1 11 7 12 1 1 1 10 7 12 1 1 1 18 12 1 1 10 7 12 1 1 10 7 12 1 1 1 10 12 1 1 10 12 1 1 10 7 12 1 1 1 100 1 10 10 12 1 1 7 1 10 9 7 12 1 1 1 10 12 1 1 8 1 10 7 12 1 1 1 10 12 1 100 1 10 8 1 10 12 1 1 10 12 1 1 10 12 1 1 100 1 10 12 1 9 12 1 1 11 7 12 1 1 10 12 1 1 10 12 1 7 1 100 1 11 12 1 1 100 1 11 12 1 7 1 10 12 1 1 7 1 100 1 11 8 1 10 12 1 11 12 1 1 11 12 1 1 11 100 12 1 1 1 11 12 1 1 11 12 1 10 12 1 7 1 10 12 1 1 10 7 12 1 1 1 10 7 12 1 1 1 10 12 1 1 10 12 1 1 10 12 1 1 10 12 1 1 10 12 1 1 10 12 1 1 10 100 12 1 1 10 12 1 10 12 1 10 12 1 10 12 1 1 10 12 1 1 10 5 0 7 1 10 10 7 12 1 1 1 10 100 12 1 1 1 10 100 1 10 12 1 1 10 12 1 9 100 12 1 1 1 11 100 1 100 1 10 12 1 1 9 12 1 1 10 12 1 1 10 12 1 1 10 12 1 1 10 12 1 1 100 1 10 12 1 10 12 1 9 12 1 1 11 100 12 1 1 1 100 1 10 10 12 1 8 1 10 12 1 1 11 12 1 10 100 1 10 11 12 1 100 1 10 100 1 10 11 12 1 1 100 1 11 12 1 1 11 12 1 1 7 1 9 12 1 1 11 12 1 10 12 1 11 12 11 12 1 11 12 1 1 100 1 100 1 11 12 1 1 11 12 1 100 1 10 8 1 10 12 1 10 12 1 10 12 1 1 9 12 1 1 10 12 1 1 9 12 1 9 12 1 100 1 10 12 1 10 12 1 1 9 100 12 1 1 1 10 7 12 1 1 1 10 100 12 1 1 10 12 1 1 10 12 1 1 10 12 1 11 100 12 1 1 1 11 12 1 1 11 12 1 9 100 12 1 1 1 9 12 1 10 12 1 11 12 1 9 12 1 9 12 1 10 12 1 10 12 1 10 100 1 10 100 12 1 1 1 100 1 3 10 12 1 1 10 7 12 1 1 1 7 1 10 12 1 7 1 10 12 1 9 7 12 1 1 1 10 12 1 1 10 12 1 1 100 1 10 10 12 1 100 1 10 12 1 10 12 1 1 9 100 12 1 1 1 8 1 10 10 12 1 8 1 10 10 9 7 12 1 1 1 9 12 10 12 1 1 10 7 1 10 12 1 10 12 10 100 12 1 1 1 10 7 12 1 1 1 10 12 1 1 10 12 1 10 7 12 1 1 7 1 10 12 1 11 5 0 100 1 8 1 10 10 12 1 10 12 1 1 10 12 1 1 11 12 1 1 10 7 12 1 1 1 10 100 12 1 1 9 12 1 1 11 7 12 1 1 1 100 1 10 10 12 1 11 12 1 10 10 12 1 1 10 12 1 10 12 1 1 11 100 1 100 1 10 12 1 10 12 1 10 10 12 1 10 12 1 1 10 12 1 1 11 12 1 1 11 10 12 1 11 7 1 7 1 10 12 1 100 1 10 7 12 1 1 1 10 7 12 1 1 1 10 12 1 11 7 12 1 1 1 100 1 100 1 11 7 1 10 12 1 18 12 1 18 12 1 1 11 12 1 1 10 10 12 1 18 12 1 1 11 12 1 1 18 10 100 12 1 1 9 100 12 1 1 11 7 12 1 1 9 12 10 100 12 1 1 1 10 12 1 1 10 10 12 1 1 10 10 12 1 18 12 1 10 12 1 1 10 12 1 10 11 100 12 1 1 11 7 1 100 1 10 12 1 10 12 1 11 12 1 1 10 7 12 1 1 1 1 1 1 3 1 1 1 1 1 1 1 1 1 1 1 1 1 1 1 1 1 1 1 1 1 1 1 1 1 1 1 1 1 1 1 1 1 1 1 1 1 1 1 1 1 1 1 1 1 1 1 100 1 1 1 1 1 1 1 1 1 1 1 1 1 1 1 1 1 1 1 1 1 1 1 1 1 1 1 1 1 1 1 1 1 1 1 1 1 1 1 1 1 1 1 1 1 1 1 1 100 1 1 1 1 1 1 1 1 1 1 1 1 1 1 1 1 1 1 1 1 1 1 1 1 1 1 1 1 1 1 1 1 1 1 1 1 1 1 1 1 1 1 1 1 1 1 1 1 1 1 1 1 1 1 1 1 1 1 1 1 1 1 1 1 1 1 1 100 100 1 1 1 1 1 1 1 1 1 1 1 1 1 1 1 1 1 1 1 100 1 1 1 1 100 1 1 1 1 1 1 1 1 1 1 1 1 1 1 1 1 1 1 1 1 1 1 1 1 100 1 1 1 1 1 1 1 1 1 1 1 1 1 1 1 1 1 1 1 1 1 1 1 1 1 1 1 1 1 1 1 1 1 100 1 100 1 1 16 15 10 12 15 16 15 10 12 16 16 15 10 12 16 1 15 10 12 15 10 12 15 10 7 12 1 1 1 1 1 100 1 1 1 1 1 100 1 100 1 1
staticfield java/nio/file/Files DEFAULT_CREATE_OPTIONS Ljava/util/Set; java/util/ImmutableCollections$Set12
staticfield java/nio/file/Files JLA Ljdk/internal/access/JavaLangAccess; java/lang/System$2
staticfield java/nio/file/Files $assertionsDisabled Z 1
ciInstanceKlass java/nio/file/attribute/FileAttributeView 1 0 9 100 1 100 1 100 1 1 1
ciInstanceKlass java/nio/file/attribute/BasicFileAttributeView 1 0 18 100 1 100 1 100 1 1 1 1 1 1 100 1 1 1 1 1
ciInstanceKlass sun/nio/fs/WindowsFileAttributeViews$Basic 1 1 142 100 1 10 7 12 1 1 1 9 7 12 1 1 1 9 12 1 1 10 7 12 1 1 10 7 12 1 1 1 7 1 10 12 1 1 5 0 5 0 3 3 10 12 1 1 10 100 12 1 1 1 10 12 1 1 10 12 1 1 10 12 1 1 10 100 12 1 1 1 10 12 1 8 1 10 100 12 1 1 1 10 12 1 1 100 1 100 1 10 12 1 10 12 1 1 10 12 1 1 10 12 1 1 1 1 1 1 1 1 1 1 1 1 1 1 1 1 1 1 1 1 1 100 1 100 1 1 1 1 1 1 1 1 1 1 1 1 100 1 1 1
ciInstanceKlass sun/nio/fs/WindowsFileAttributes 1 1 347 100 1 7 1 5 0 10 7 12 1 1 1 5 0 10 12 1 9 7 12 1 1 1 10 7 12 1 1 1 100 1 5 0 5 0 9 12 1 10 12 1 1 10 7 12 1 1 1 9 12 1 1 9 12 1 1 9 12 1 9 12 1 9 12 1 9 12 1 9 12 1 9 12 1 9 12 1 9 12 1 1 10 7 12 1 1 1 5 0 10 12 1 1 5 0 5 0 5 0 5 0 5 0 5 0 5 0 5 0 10 12 1 10 7 12 1 1 1 10 12 1 1 10 7 12 1 1 1 10 7 12 1 1 1 10 12 1 1 10 12 1 7 1 10 12 1 1 10 12 1 1 9 12 1 1 10 7 12 1 1 1 10 12 1 1 10 12 1 7 1 10 12 1 1 10 7 12 1 1 10 12 1 1 10 12 1 1 10 12 1 1 10 12 1 1 10 12 1 1 10 12 1 10 12 1 1 10 12 1 10 12 1 10 12 1 1 10 12 1 3 3 10 12 1 10 12 1 10 12 1 1 8 1 8 1 10 7 12 1 1 1 10 12 1 10 7 12 1 1 1 100 1 1 1 1 3 1 3 1 3 1 3 1 3 1 3 1 3 1 3 1 3 1 3 1 1 1 1 1 1 1 1 3 1 1 1 1 1 1 1 1 1 1 1 1 1 1 1 1 1 1 1 1 1 1 1 1 1 1 1 1 1 1 1 1 1 1 1 1 1 1 1 1 1 1 1 1 1 1 1 1 1 1 1 1 1 1 1 1 1 1 1 1 1 1 1
staticfield sun/nio/fs/WindowsFileAttributes unsafe Ljdk/internal/misc/Unsafe; jdk/internal/misc/Unsafe
staticfield sun/nio/fs/WindowsFileAttributes ensureAccurateMetadata Z 0
# instanceKlass java/lang/invoke/LambdaForm$MH+0x0000000800403400
instanceKlass io/ballerina/projects/Module$Modifier
instanceKlass io/ballerina/projects/Document$Modifier
instanceKlass java/util/IdentityHashMap$IdentityHashMapIterator
instanceKlass io/ballerina/flowmodelgenerator/core/OpenAPIClientGenerator
instanceKlass  @bci io/ballerina/flowmodelgenerator/extension/OpenAPIService getModules (Lio/ballerina/flowmodelgenerator/extension/request/OpenAPIGeneratedModulesRequest;)Ljava/util/concurrent/CompletableFuture; 1 <appendix> member <vmtarget> ; # io/ballerina/flowmodelgenerator/extension/OpenAPIService$$Lambda+0x00000008003ff860
# instanceKlass java/lang/invoke/LambdaForm$MH+0x0000000800403000
# instanceKlass java/lang/invoke/LambdaForm$MH+0x0000000800402c00
# instanceKlass java/lang/invoke/LambdaForm$MH+0x0000000800402800
# instanceKlass java/lang/invoke/LambdaForm$MH+0x0000000800402400
# instanceKlass java/lang/invoke/LambdaForm$MH+0x0000000800402000
# instanceKlass java/lang/invoke/LambdaForm$MH+0x0000000800401c00
# instanceKlass java/lang/invoke/LambdaForm$MH+0x0000000800401800
# instanceKlass java/lang/invoke/LambdaForm$MH+0x0000000800401400
# instanceKlass java/lang/invoke/LambdaForm$MH+0x0000000800401000
# instanceKlass java/lang/invoke/LambdaForm$MH+0x0000000800400c00
# instanceKlass java/lang/invoke/LambdaForm$MH+0x0000000800400800
# instanceKlass java/lang/invoke/LambdaForm$MH+0x0000000800400400
# instanceKlass java/lang/invoke/LambdaForm$MH+0x0000000800400000
# instanceKlass java/lang/invoke/LambdaForm$MH+0x00000008003fbc00
# instanceKlass java/lang/invoke/LambdaForm$MH+0x00000008003fb800
instanceKlass  @bci io/ballerina/designmodelgenerator/extension/DesignModelGeneratorService lambda$artifacts$2 (Lio/ballerina/designmodelgenerator/extension/request/ArtifactsRequest;)Lio/ballerina/designmodelgenerator/extension/response/ArtifactResponse; 79 <appendix> argL0 ; # io/ballerina/designmodelgenerator/extension/DesignModelGeneratorService$$Lambda+0x00000008003ff630
instanceKlass  @bci io/ballerina/artifactsgenerator/ArtifactsGenerator lambda$artifacts$4 (Ljava/util/Map;Ljava/util/Map;Lio/ballerina/artifactsgenerator/Artifact;)V 40 <appendix> argL0 ; # io/ballerina/artifactsgenerator/ArtifactsGenerator$$Lambda+0x00000008003ff400
instanceKlass  @bci io/ballerina/artifactsgenerator/ArtifactsGenerator lambda$artifacts$4 (Ljava/util/Map;Ljava/util/Map;Lio/ballerina/artifactsgenerator/Artifact;)V 16 <appendix> argL0 ; # io/ballerina/artifactsgenerator/ArtifactsGenerator$$Lambda+0x00000008003ff1d0
instanceKlass  @bci io/ballerina/artifactsgenerator/ArtifactsGenerator lambda$artifacts$5 (Lio/ballerina/projects/Module;Lio/ballerina/projects/Project;Lio/ballerina/compiler/api/SemanticModel;Ljava/util/Map;Ljava/util/concurrent/ConcurrentMap;Lio/ballerina/projects/DocumentId;)V 55 <appendix> member <vmtarget> ; # io/ballerina/artifactsgenerator/ArtifactsGenerator$$Lambda+0x00000008003fefa8
instanceKlass  @bci io/ballerina/artifactsgenerator/ModuleNodeTransformer lambda$transform$0 (Lio/ballerina/artifactsgenerator/Artifact$Builder;Lio/ballerina/compiler/syntax/tree/Node;)V 14 <appendix> member <vmtarget> ; # io/ballerina/artifactsgenerator/ModuleNodeTransformer$$Lambda+0x00000008003fed80
instanceKlass  @bci java/util/stream/Collectors joining ()Ljava/util/stream/Collector; 19 <appendix> argL0 ; # java/util/stream/Collectors$$Lambda+0x000000080036da30
instanceKlass  @bci java/util/stream/Collectors joining ()Ljava/util/stream/Collector; 14 <appendix> argL0 ; # java/util/stream/Collectors$$Lambda+0x000000080036d7f8
instanceKlass  @bci java/util/stream/Collectors joining ()Ljava/util/stream/Collector; 9 <appendix> argL0 ; # java/util/stream/Collectors$$Lambda+0x000000080036d5d8
instanceKlass  @bci java/util/stream/Collectors joining ()Ljava/util/stream/Collector; 4 <appendix> argL0 ; # java/util/stream/Collectors$$Lambda+0x000000080036d3c8
instanceKlass  @bci io/ballerina/artifactsgenerator/ModuleNodeTransformer getPathString (Lio/ballerina/compiler/syntax/tree/NodeList;)Ljava/lang/String; 4 <appendix> argL0 ; # io/ballerina/artifactsgenerator/ModuleNodeTransformer$$Lambda+0x00000008003feb50
instanceKlass  @bci io/ballerina/artifactsgenerator/ModuleNodeTransformer transform (Lio/ballerina/compiler/syntax/tree/ServiceDeclarationNode;)Ljava/util/Optional; 160 <appendix> member <vmtarget> ; # io/ballerina/artifactsgenerator/ModuleNodeTransformer$$Lambda+0x00000008003fe928
instanceKlass  @bci io/ballerina/artifactsgenerator/ModuleNodeTransformer transform (Lio/ballerina/compiler/syntax/tree/ListenerDeclarationNode;)Ljava/util/Optional; 52 <appendix> member <vmtarget> ; # io/ballerina/artifactsgenerator/ModuleNodeTransformer$$Lambda+0x00000008003fdd88
instanceKlass  @bci io/ballerina/artifactsgenerator/ModuleNodeTransformer transform (Lio/ballerina/compiler/syntax/tree/ListenerDeclarationNode;)Ljava/util/Optional; 38 <appendix> member <vmtarget> ; # io/ballerina/artifactsgenerator/ModuleNodeTransformer$$Lambda+0x00000008003fdb50
instanceKlass  @bci io/ballerina/compiler/api/impl/BallerinaModuleID moduleName ()Ljava/lang/String; 12 <appendix> argL0 ; # io/ballerina/compiler/api/impl/BallerinaModuleID$$Lambda+0x00000008003fd920
instanceKlass io/ballerina/designmodelgenerator/core/CommonUtils
instanceKlass  @bci io/ballerina/modelgenerator/commons/CommonUtils hasAiTypeInclusion (Lio/ballerina/compiler/api/symbols/ClassSymbol;Ljava/lang/String;)Z 72 <appendix> argL0 ; # io/ballerina/modelgenerator/commons/CommonUtils$$Lambda+0x00000008003fd0c8
instanceKlass  @bci io/ballerina/modelgenerator/commons/CommonUtils hasAiTypeInclusion (Lio/ballerina/compiler/api/symbols/ClassSymbol;Ljava/lang/String;)Z 62 <appendix> argL0 ; # io/ballerina/modelgenerator/commons/CommonUtils$$Lambda+0x00000008003fce98
instanceKlass  @bci io/ballerina/modelgenerator/commons/CommonUtils hasAiTypeInclusion (Lio/ballerina/compiler/api/symbols/ClassSymbol;Ljava/lang/String;)Z 52 <appendix> argL0 ; # io/ballerina/modelgenerator/commons/CommonUtils$$Lambda+0x00000008003fcc58
instanceKlass  @bci io/ballerina/modelgenerator/commons/CommonUtils hasAiTypeInclusion (Lio/ballerina/compiler/api/symbols/ClassSymbol;Ljava/lang/String;)Z 42 <appendix> argL0 ; # io/ballerina/modelgenerator/commons/CommonUtils$$Lambda+0x00000008003fca28
instanceKlass  @bci io/ballerina/modelgenerator/commons/CommonUtils hasAiTypeInclusion (Lio/ballerina/compiler/api/symbols/ClassSymbol;Ljava/lang/String;)Z 32 <appendix> member <vmtarget> ; # io/ballerina/modelgenerator/commons/CommonUtils$$Lambda+0x00000008003fc7e0
instanceKlass  @bci io/ballerina/modelgenerator/commons/CommonUtils hasAiTypeInclusion (Lio/ballerina/compiler/api/symbols/ClassSymbol;Ljava/lang/String;)Z 21 <appendix> argL0 ; # io/ballerina/modelgenerator/commons/CommonUtils$$Lambda+0x00000008003fc5b0
instanceKlass  @bci io/ballerina/modelgenerator/commons/CommonUtils hasAiTypeInclusion (Lio/ballerina/compiler/api/symbols/ClassSymbol;Ljava/lang/String;)Z 11 <appendix> argL0 ; # io/ballerina/modelgenerator/commons/CommonUtils$$Lambda+0x00000008003fc370
instanceKlass io/ballerina/compiler/api/symbols/VariableSymbol
instanceKlass  @bci io/ballerina/artifactsgenerator/ModuleNodeTransformer hasQualifier (Lio/ballerina/compiler/syntax/tree/NodeList;Lio/ballerina/compiler/syntax/tree/SyntaxKind;)Z 5 <appendix> member <vmtarget> ; # io/ballerina/artifactsgenerator/ModuleNodeTransformer$$Lambda+0x00000008003f7890
instanceKlass  @bci java/util/regex/Pattern ALL ()Ljava/util/regex/Pattern$CharPredicate; 0 <appendix> argL0 ; # java/util/regex/Pattern$$Lambda+0x000000080036d178
instanceKlass io/ballerina/modelgenerator/commons/CommonUtils
instanceKlass io/ballerina/runtime/api/utils/IdentifierUtils
instanceKlass io/ballerina/artifactsgenerator/Artifact$Builder
instanceKlass  @bci io/ballerina/artifactsgenerator/ArtifactsGenerator collectArtifactsFromSyntaxTree (Ljava/lang/String;Lio/ballerina/compiler/syntax/tree/SyntaxTree;Lio/ballerina/compiler/api/SemanticModel;)Ljava/util/List; 73 <appendix> member <vmtarget> ; # io/ballerina/artifactsgenerator/ArtifactsGenerator$$Lambda+0x00000008003f67c8
instanceKlass  @bci io/ballerina/artifactsgenerator/ArtifactsGenerator collectArtifactsFromSyntaxTree (Ljava/lang/String;Lio/ballerina/compiler/syntax/tree/SyntaxTree;Lio/ballerina/compiler/api/SemanticModel;)Ljava/util/List; 57 <appendix> argL0 ; # io/ballerina/artifactsgenerator/ArtifactsGenerator$$Lambda+0x00000008003f6398
instanceKlass  @bci io/ballerina/artifactsgenerator/ArtifactsGenerator collectArtifactsFromSyntaxTree (Ljava/lang/String;Lio/ballerina/compiler/syntax/tree/SyntaxTree;Lio/ballerina/compiler/api/SemanticModel;)Ljava/util/List; 47 <appendix> member <vmtarget> ; # io/ballerina/artifactsgenerator/ArtifactsGenerator$$Lambda+0x00000008003f6160
instanceKlass  @bci io/ballerina/artifactsgenerator/ArtifactsGenerator artifacts (Lio/ballerina/projects/Project;)Ljava/util/Map; 64 <appendix> member <vmtarget> ; # io/ballerina/artifactsgenerator/ArtifactsGenerator$$Lambda+0x00000008003f5f38
instanceKlass  @cpi io/ballerina/artifactsgenerator/ArtifactsGenerator 424 form vmentry <vmtarget> ; # java/lang/invoke/LambdaForm$DMH+0x00000008003fb400
instanceKlass  @bci io/ballerina/modelgenerator/commons/PackageUtil getCompilation (Lio/ballerina/projects/Package;)Lio/ballerina/projects/PackageCompilation; 12 <appendix> argL0 ; # io/ballerina/modelgenerator/commons/PackageUtil$$Lambda+0x00000008003f5d08
instanceKlass sun/nio/fs/WindowsChannelFactory$2
instanceKlass java/nio/file/TempFileHelper
instanceKlass io/ballerina/centralconnector/CentralAPI
instanceKlass io/ballerina/modelgenerator/commons/PackageUtil
instanceKlass io/ballerina/artifactsgenerator/ArtifactsGenerator
instanceKlass  @bci io/ballerina/designmodelgenerator/extension/DesignModelGeneratorService artifacts (Lio/ballerina/designmodelgenerator/extension/request/ArtifactsRequest;)Ljava/util/concurrent/CompletableFuture; 2 <appendix> member <vmtarget> ; # io/ballerina/designmodelgenerator/extension/DesignModelGeneratorService$$Lambda+0x00000008003f4b70
instanceKlass  @bci org/ballerinalang/langserver/diagnostic/DiagnosticsHelper sendDiagnostics (Lorg/ballerinalang/langserver/commons/client/ExtendedLanguageClient;Ljava/util/Map;Ljava/util/List;Ljava/util/Map;)V 125 <appendix> member <vmtarget> ; # org/ballerinalang/langserver/diagnostic/DiagnosticsHelper$$Lambda+0x00000008003f4948
# instanceKlass java/lang/invoke/LambdaForm$MH+0x00000008003fb000
# instanceKlass java/lang/invoke/LambdaForm$MH+0x00000008003fac00
# instanceKlass java/lang/invoke/LambdaForm$MH+0x00000008003fa800
# instanceKlass java/lang/invoke/LambdaForm$MH+0x00000008003fa400
# instanceKlass java/lang/invoke/LambdaForm$MH+0x00000008003fa000
# instanceKlass java/lang/invoke/LambdaForm$MH+0x00000008003f9c00
# instanceKlass java/lang/invoke/LambdaForm$MH+0x00000008003f9800
# instanceKlass java/lang/invoke/LambdaForm$MH+0x00000008003f9400
# instanceKlass java/lang/invoke/LambdaForm$MH+0x00000008003f9000
# instanceKlass java/lang/invoke/LambdaForm$MH+0x00000008003f8c00
# instanceKlass java/lang/invoke/LambdaForm$MH+0x00000008003f8800
# instanceKlass java/lang/invoke/LambdaForm$MH+0x00000008003f8400
# instanceKlass java/lang/invoke/LambdaForm$MH+0x00000008003f8000
instanceKlass org/eclipse/lsp4j/DiagnosticRelatedInformation
instanceKlass org/eclipse/lsp4j/DiagnosticCodeDescription
instanceKlass  @bci org/ballerinalang/langserver/diagnostic/DiagnosticsHelper sendDiagnostics (Lorg/ballerinalang/langserver/commons/client/ExtendedLanguageClient;Ljava/util/Map;Ljava/util/List;Ljava/util/Map;)V 78 <appendix> member <vmtarget> ; # org/ballerinalang/langserver/diagnostic/DiagnosticsHelper$$Lambda+0x00000008003f42f0
instanceKlass  @bci org/ballerinalang/langserver/diagnostic/DiagnosticsHelper sendDiagnostics (Lorg/ballerinalang/langserver/commons/client/ExtendedLanguageClient;Ljava/util/Map;Ljava/util/List;Ljava/util/Map;)V 63 <appendix> member <vmtarget> ; # org/ballerinalang/langserver/diagnostic/DiagnosticsHelper$$Lambda+0x00000008003f40c8
instanceKlass io/ballerina/testmanagerservice/extension/ModuleTestDetailsHolder
instanceKlass  @bci io/ballerina/testmanagerservice/extension/TestManagerService discoverInProject (Lio/ballerina/testmanagerservice/extension/request/TestsDiscoveryRequest;)Ljava/util/concurrent/CompletableFuture; 2 <appendix> member <vmtarget> ; # io/ballerina/testmanagerservice/extension/TestManagerService$$Lambda+0x00000008003f3698
instanceKlass  @bci io/ballerina/designmodelgenerator/extension/ProjectInfoBuilder formatNameToTitle (Ljava/lang/String;)Ljava/lang/String; 74 <appendix> argL0 ; # io/ballerina/designmodelgenerator/extension/ProjectInfoBuilder$$Lambda+0x00000008003f3468
instanceKlass  @bci io/ballerina/designmodelgenerator/extension/ProjectInfoBuilder extractTitleFromToml (Lio/ballerina/projects/TomlDocument;Ljava/lang/String;)Ljava/util/Optional; 24 <appendix> argL0 ; # io/ballerina/designmodelgenerator/extension/ProjectInfoBuilder$$Lambda+0x00000008003f3238
instanceKlass  @bci io/ballerina/designmodelgenerator/extension/ProjectInfoBuilder extractTitleFromToml (Lio/ballerina/projects/TomlDocument;Ljava/lang/String;)Ljava/util/Optional; 16 <appendix> argL0 ; # io/ballerina/designmodelgenerator/extension/ProjectInfoBuilder$$Lambda+0x00000008003f2ff8
instanceKlass  @bci io/ballerina/designmodelgenerator/extension/ProjectInfoBuilder extractTitleFromToml (Lio/ballerina/projects/TomlDocument;Ljava/lang/String;)Ljava/util/Optional; 8 <appendix> argL0 ; # io/ballerina/designmodelgenerator/extension/ProjectInfoBuilder$$Lambda+0x00000008003f2dc8
instanceKlass  @bci io/ballerina/designmodelgenerator/extension/ProjectInfoBuilder populate ()V 234 <appendix> member <vmtarget> ; # io/ballerina/designmodelgenerator/extension/ProjectInfoBuilder$$Lambda+0x00000008003f2b90
instanceKlass  @bci io/ballerina/designmodelgenerator/extension/ProjectInfoBuilder populate ()V 225 <appendix> argL0 ; # io/ballerina/designmodelgenerator/extension/ProjectInfoBuilder$$Lambda+0x00000008003f2960
instanceKlass io/ballerina/designmodelgenerator/extension/ProjectInfoBuilder
instanceKlass  @bci org/ballerinalang/langserver/diagnostic/DiagnosticsHelper toDiagnosticsMap (Ljava/util/Collection;Ljava/nio/file/Path;Lorg/ballerinalang/langserver/commons/workspace/WorkspaceManager;)Lorg/ballerinalang/langserver/diagnostic/DiagnosticsHelper$PackageDiagnostics; 156 <appendix> argL0 ; # org/ballerinalang/langserver/diagnostic/DiagnosticsHelper$$Lambda+0x00000008003f22f8
instanceKlass  @bci io/ballerina/designmodelgenerator/extension/DesignModelGeneratorService projectInfo (Lio/ballerina/designmodelgenerator/extension/request/ProjectInfoRequest;)Ljava/util/concurrent/CompletableFuture; 2 <appendix> member <vmtarget> ; # io/ballerina/designmodelgenerator/extension/DesignModelGeneratorService$$Lambda+0x00000008003f20e0
instanceKlass com/google/common/collect/LinkedListMultimap$ValueForKeyIterator
instanceKlass org/ballerinalang/langserver/diagnostic/DiagnosticsHelper$1
instanceKlass org/eclipse/lsp4j/Diagnostic
instanceKlass org/eclipse/lsp4j/Position
instanceKlass  @bci io/ballerina/projects/Diagnostics excludeInternal (Ljava/util/Collection;)Ljava/util/Collection; 1 <appendix> argL0 ; # io/ballerina/projects/Diagnostics$$Lambda+0x00000008003f0b00
instanceKlass  @bci org/ballerinalang/langserver/diagnostic/DiagnosticsHelper getLatestDiagnosticsWithPackages (Lorg/ballerinalang/langserver/commons/DocumentServiceContext;)Lorg/ballerinalang/langserver/diagnostic/DiagnosticsHelper$DiagnosticsResponse; 400 <appendix> member <vmtarget> ; # org/ballerinalang/langserver/diagnostic/DiagnosticsHelper$$Lambda+0x00000008003f08d8
# instanceKlass org/ballerinalang/langserver/contexts/AbstractDocumentServiceContext$$Lambda+0x00000008003f06b0
instanceKlass  @bci org/ballerinalang/langserver/contexts/AbstractDocumentServiceContext currentSemanticModel ()Ljava/util/Optional; 51 <appendix> member <vmtarget> ; # org/ballerinalang/langserver/contexts/AbstractDocumentServiceContext$$Lambda+0x00000008003f0488
instanceKlass  @bci org/ballerinalang/langserver/workspace/BallerinaWorkspaceManager waitAndGetPackageCompilation (Ljava/nio/file/Path;Z)Ljava/util/Optional; 105 <appendix> argL0 ; # org/ballerinalang/langserver/workspace/BallerinaWorkspaceManager$$Lambda+0x00000008003f0248
instanceKlass io/ballerina/projects/CodeAnalyzerManager$CompilationAnalysisContextIml
instanceKlass io/ballerina/compiler/api/symbols/TypeDefinitionSymbol
instanceKlass io/ballerina/compiler/api/impl/BallerinaModuleID
instanceKlass io/ballerina/compiler/api/impl/symbols/BallerinaDocumentation
instanceKlass io/ballerina/compiler/api/symbols/ClassSymbol
instanceKlass  @bci io/ballerina/stdlib/http/compiler/HttpCompilerPluginUtil getServiceDeclarationNode (Lio/ballerina/compiler/syntax/tree/Node;Lio/ballerina/compiler/api/SemanticModel;)Lio/ballerina/compiler/syntax/tree/ServiceDeclarationNode; 53 <appendix> argL0 ; # io/ballerina/stdlib/http/compiler/HttpCompilerPluginUtil$$Lambda+0x00000008003e88b8
instanceKlass io/ballerina/compiler/api/symbols/Documentation
instanceKlass io/ballerina/compiler/api/impl/symbols/BallerinaAbsResourcePathAttachPoint
instanceKlass io/ballerina/compiler/api/symbols/AbsResourcePathAttachPoint
instanceKlass io/ballerina/compiler/api/symbols/ServiceDeclarationSymbol
instanceKlass io/ballerina/compiler/api/impl/symbols/BallerinaSymbol
instanceKlass io/ballerina/compiler/api/impl/symbols/BallerinaSymbol$SymbolBuilder
instanceKlass io/ballerina/compiler/api/impl/PositionUtil
instanceKlass  @bci io/ballerina/compiler/api/impl/BallerinaSemanticModel getCompilationUnit (Ljava/lang/String;)Ljava/util/Optional; 80 <appendix> member <vmtarget> ; # io/ballerina/compiler/api/impl/BallerinaSemanticModel$$Lambda+0x00000008003e65f0
instanceKlass  @bci io/ballerina/stdlib/http/compiler/HttpCompilerPluginUtil isServiceObjectType (Lio/ballerina/compiler/syntax/tree/ObjectTypeDescriptorNode;)Z 7 <appendix> argL0 ; # io/ballerina/stdlib/http/compiler/HttpCompilerPluginUtil$$Lambda+0x00000008003e8678
instanceKlass  @bci io/ballerina/stdlib/http/compiler/HttpCompilerPluginUtil diagnosticContainsErrors (Lio/ballerina/projects/plugins/SyntaxNodeAnalysisContext;)Z 18 <appendix> argL0 ; # io/ballerina/stdlib/http/compiler/HttpCompilerPluginUtil$$Lambda+0x00000008003e8438
instanceKlass io/ballerina/stdlib/http/compiler/HttpCompilerPluginUtil
instanceKlass io/ballerina/stdlib/sql/compiler/Utils
instanceKlass io/ballerina/stdlib/java/jdbc/compiler/Utils
instanceKlass  @bci io/ballerina/stdlib/http/compiler/HttpInterceptorServiceValidator perform (Lio/ballerina/projects/plugins/SyntaxNodeAnalysisContext;)V 18 <appendix> argL0 ; # io/ballerina/stdlib/http/compiler/HttpInterceptorServiceValidator$$Lambda+0x00000008003e8000
instanceKlass io/ballerina/projects/SyntaxNodeAnalysisContextImpl
instanceKlass io/ballerina/compiler/api/symbols/TypeReferenceTypeSymbol
instanceKlass io/ballerina/compiler/api/symbols/CompilationErrorTypeSymbol
instanceKlass io/ballerina/compiler/api/symbols/ByteTypeSymbol
instanceKlass io/ballerina/compiler/api/symbols/JSONTypeSymbol
instanceKlass io/ballerina/compiler/api/symbols/ReadonlyTypeSymbol
instanceKlass io/ballerina/compiler/api/symbols/NeverTypeSymbol
instanceKlass io/ballerina/compiler/api/symbols/AnydataTypeSymbol
instanceKlass io/ballerina/compiler/api/symbols/AnyTypeSymbol
instanceKlass io/ballerina/compiler/api/symbols/StreamTypeSymbol
instanceKlass io/ballerina/compiler/api/symbols/HandleTypeSymbol
instanceKlass io/ballerina/compiler/api/symbols/TypeDescTypeSymbol
instanceKlass io/ballerina/compiler/api/symbols/FutureTypeSymbol
instanceKlass io/ballerina/compiler/api/symbols/ModuleSymbol
instanceKlass io/ballerina/compiler/api/symbols/ErrorTypeSymbol
instanceKlass io/ballerina/compiler/api/symbols/NilTypeSymbol
instanceKlass io/ballerina/compiler/api/symbols/StringTypeSymbol
instanceKlass io/ballerina/compiler/api/symbols/DecimalTypeSymbol
instanceKlass io/ballerina/compiler/api/symbols/FloatTypeSymbol
instanceKlass io/ballerina/compiler/api/impl/symbols/AbstractTypeSymbol
instanceKlass io/ballerina/compiler/api/symbols/BooleanTypeSymbol
instanceKlass io/ballerina/compiler/api/impl/symbols/TypesFactory$1
instanceKlass io/ballerina/compiler/api/TypeBuilder
instanceKlass io/ballerina/compiler/api/Types
instanceKlass io/ballerina/compiler/api/impl/BallerinaSemanticModel
instanceKlass io/ballerina/projects/plugins/SyntaxNodeAnalysisContext
instanceKlass io/ballerina/projects/SyntaxNodeAnalysisTaskRunner
instanceKlass  @bci io/ballerina/projects/CodeAnalyzerManager populateSyntaxNodeTaskMap (Ljava/util/Map;Lio/ballerina/projects/SyntaxNodeAnalysisTask;)V 33 <appendix> argL0 ; # io/ballerina/projects/CodeAnalyzerManager$$Lambda+0x00000008003dd0f8
instanceKlass io/ballerina/architecturemodelgenerator/plugin/CompilationAnalysisTask
instanceKlass  @bci org/ballerinalang/pkgsemanticanalyzer/PackageSemanticAnalyzerPlugin$PackageSemanticAnalyzer init (Lio/ballerina/projects/plugins/CodeAnalysisContext;)V 1 <appendix> argL0 ; # org/ballerinalang/pkgsemanticanalyzer/PackageSemanticAnalyzerPlugin$PackageSemanticAnalyzer$$Lambda+0x00000008003dccc8
instanceKlass io/ballerina/projects/CodeAnalyzerManager$CompilationAnalysisTask
instanceKlass org/ballerinalang/config/schema/generator/ConfigSchemaGenTask
instanceKlass io/ballerina/stdlib/sql/compiler/analyzer/MethodAnalyzer
instanceKlass io/ballerina/stdlib/sql/compiler/analyzer/ConnectionPoolConfigAnalyzer
instanceKlass io/ballerina/stdlib/http/compiler/HttpInterceptorServiceValidator
instanceKlass io/ballerina/stdlib/http/compiler/HttpServiceValidator
instanceKlass io/ballerina/stdlib/file/compiler/FileServiceValidator
instanceKlass  @bci io/ballerina/projects/CodeAnalyzerManager$CodeAnalyzerTasks addTask (Lio/ballerina/projects/CodeAnalyzerManager$CodeAnalyzerInfo;Ljava/util/Map;Ljava/lang/Object;)V 2 <appendix> argL0 ; # io/ballerina/projects/CodeAnalyzerManager$CodeAnalyzerTasks$$Lambda+0x00000008003dc670
instanceKlass io/ballerina/projects/SyntaxNodeAnalysisTask
instanceKlass io/ballerina/stdlib/java/jdbc/compiler/analyzer/InitializerParamAnalyzer
instanceKlass io/ballerina/projects/CodeAnalyzerManager$CodeAnalysisContextImpl
instanceKlass io/ballerina/projects/CodeAnalyzerManager$CodeAnalyzerTasks
instanceKlass io/ballerina/projects/plugins/CompilationAnalysisContext
instanceKlass io/ballerina/projects/plugins/CodeAnalysisContext
instanceKlass io/ballerina/projects/CodeAnalyzerManager
instanceKlass io/ballerina/compiler/linter/impl/codeactions/LinterCodeAction
instanceKlass  @bci io/ballerina/stdlib/http/compiler/HttpCompilerPlugin init (Lio/ballerina/projects/plugins/CompilerPluginContext;)V 78 <appendix> member <vmtarget> ; # io/ballerina/stdlib/http/compiler/HttpCompilerPlugin$$Lambda+0x00000008003d9720
instanceKlass io/ballerina/stdlib/http/compiler/completion/HttpServiceBodyContextProvider
instanceKlass io/ballerina/projects/plugins/completion/CompletionProvider
instanceKlass sun/invoke/util/VerifyAccess$1
instanceKlass  @bci io/ballerina/stdlib/http/compiler/HttpCompilerPlugin init (Lio/ballerina/projects/plugins/CompilerPluginContext;)V 58 <appendix> member <vmtarget> ; # io/ballerina/stdlib/http/compiler/HttpCompilerPlugin$$Lambda+0x00000008003d92b8
instanceKlass io/ballerina/stdlib/http/compiler/codeaction/ImplementServiceContract
instanceKlass io/ballerina/stdlib/http/compiler/codeaction/AddInterceptorMethodCodeAction
instanceKlass io/ballerina/stdlib/http/compiler/codeaction/AddResponseCacheConfigCodeAction
instanceKlass io/ballerina/stdlib/http/compiler/codeaction/AddResponseContentTypeCodeAction
instanceKlass io/ballerina/stdlib/http/compiler/codeaction/AddResourceParameterCodeAction
instanceKlass io/ballerina/stdlib/http/compiler/codeaction/ChangeReturnTypeWithCallerCodeAction
instanceKlass io/ballerina/stdlib/http/compiler/codeaction/ChangeHeaderParamTypeCodeAction
instanceKlass io/ballerina/projects/CodeModifierManager$CodeModifierInfo
instanceKlass io/ballerina/projects/plugins/ModifierTask
instanceKlass io/ballerina/projects/CodeAnalyzerManager$CodeAnalyzerInfo
instanceKlass io/ballerina/projects/plugins/AnalysisTask
instanceKlass io/ballerina/projects/CompilerPluginContextIml
instanceKlass io/ballerina/projects/plugins/CodeModifier
instanceKlass java/net/URLClassLoader$2
instanceKlass  @bci java/io/FilePermissionCollection add (Ljava/security/Permission;)V 68 <appendix> argL0 ; # java/io/FilePermissionCollection$$Lambda+0x000000080036bbd8
instanceKlass java/io/FilePermission$1
instanceKlass jdk/internal/access/JavaIOFilePermissionAccess
instanceKlass java/net/URLClassLoader$1
instanceKlass  @bci io/ballerina/projects/CompilerPluginManager loadCompilerPlugin (Lio/ballerina/projects/internal/model/CompilerPluginDescriptor;Lio/ballerina/projects/PackageManifest;)Lio/ballerina/projects/CompilerPluginInfo; 17 <appendix> argL0 ; # io/ballerina/projects/CompilerPluginManager$$Lambda+0x00000008003d1988
instanceKlass org/wso2/ballerinalang/compiler/semantics/analyzer/TypeResolver$LocationData
instanceKlass org/wso2/ballerinalang/compiler/semantics/analyzer/SymbolEnter$LocationData
instanceKlass  @bci org/wso2/ballerinalang/compiler/semantics/analyzer/SemanticAnalyzer visit (Lorg/wso2/ballerinalang/compiler/tree/BLangResourceFunction;Lorg/wso2/ballerinalang/compiler/semantics/analyzer/SemanticAnalyzer$AnalyzerData;)V 189 <appendix> member <vmtarget> ; # org/wso2/ballerinalang/compiler/semantics/analyzer/SemanticAnalyzer$$Lambda+0x00000008003d1360
instanceKlass  @bci org/wso2/ballerinalang/compiler/semantics/analyzer/SemanticAnalyzer visit (Lorg/wso2/ballerinalang/compiler/tree/BLangResourceFunction;Lorg/wso2/ballerinalang/compiler/semantics/analyzer/SemanticAnalyzer$AnalyzerData;)V 178 <appendix> member <vmtarget> ; # org/wso2/ballerinalang/compiler/semantics/analyzer/SemanticAnalyzer$$Lambda+0x00000008003d1118
instanceKlass java/util/ArrayList$SubList$2
instanceKlass io/ballerina/types/subtypedata/FutureSubtype
instanceKlass  @bci org/wso2/ballerinalang/compiler/semantics/analyzer/SemanticAnalyzer validateWorkerAnnAttachments (Lorg/wso2/ballerinalang/compiler/tree/expressions/BLangExpression;Lorg/wso2/ballerinalang/compiler/semantics/analyzer/SemanticAnalyzer$AnalyzerData;)V 30 <appendix> member <vmtarget> ; # org/wso2/ballerinalang/compiler/semantics/analyzer/SemanticAnalyzer$$Lambda+0x00000008003d0cf8
instanceKlass org/wso2/ballerinalang/compiler/util/ClosureVarSymbol
instanceKlass  @bci org/wso2/ballerinalang/compiler/semantics/analyzer/TypeChecker checkRecordLiteralKeyExpr (Lorg/wso2/ballerinalang/compiler/tree/expressions/BLangExpression;ZLorg/wso2/ballerinalang/compiler/semantics/model/types/BRecordType;Lorg/wso2/ballerinalang/compiler/semantics/analyzer/TypeChecker$AnalyzerData;)Lorg/wso2/ballerinalang/compiler/semantics/analyzer/TypeChecker$TypeSymbolPair; 71 <appendix> argL0 ; # org/wso2/ballerinalang/compiler/semantics/analyzer/TypeChecker$$Lambda+0x00000008003d08e8
instanceKlass  @bci org/wso2/ballerinalang/compiler/semantics/analyzer/TypeChecker checkRecordLiteralKeyExpr (Lorg/wso2/ballerinalang/compiler/tree/expressions/BLangExpression;ZLorg/wso2/ballerinalang/compiler/semantics/model/types/BRecordType;Lorg/wso2/ballerinalang/compiler/semantics/analyzer/TypeChecker$AnalyzerData;)Lorg/wso2/ballerinalang/compiler/semantics/analyzer/TypeChecker$TypeSymbolPair; 61 <appendix> argL0 ; # org/wso2/ballerinalang/compiler/semantics/analyzer/TypeChecker$$Lambda+0x00000008003d06b8
instanceKlass org/wso2/ballerinalang/compiler/semantics/analyzer/Types$ListenerValidationModel
instanceKlass  @bci org/wso2/ballerinalang/compiler/parser/BLangNodeBuilder transform (Lio/ballerina/compiler/syntax/tree/ServiceDeclarationNode;)Lorg/wso2/ballerinalang/compiler/tree/BLangNode; 273 <appendix> member <vmtarget> ; # org/wso2/ballerinalang/compiler/parser/BLangNodeBuilder$$Lambda+0x00000008003d0288
instanceKlass org/wso2/ballerinalang/compiler/parser/BLangNodeBuilder$SimpleVarBuilder
instanceKlass io/ballerina/projects/internal/PackageDiagnostic$DiagnosticLocation
instanceKlass  @bci org/wso2/ballerinalang/compiler/semantics/analyzer/Types isLaxType (Lio/ballerina/types/SemType;)Z 75 <appendix> member <vmtarget> ; # org/wso2/ballerinalang/compiler/semantics/analyzer/Types$$Lambda+0x00000008003cda28
instanceKlass  @bci org/wso2/ballerinalang/compiler/semantics/analyzer/TypeChecker checkFunctionInvocationExpr (Lorg/wso2/ballerinalang/compiler/tree/expressions/BLangInvocation;Lorg/wso2/ballerinalang/compiler/semantics/analyzer/TypeChecker$AnalyzerData;)V 368 <appendix> member <vmtarget> ; # org/wso2/ballerinalang/compiler/semantics/analyzer/TypeChecker$$Lambda+0x00000008003cd800
instanceKlass org/wso2/ballerinalang/compiler/diagnostic/properties/NonCatProperty
instanceKlass  @bci org/wso2/ballerinalang/compiler/semantics/analyzer/QueryTypeChecker getCompletionType (Ljava/util/List;Lorg/wso2/ballerinalang/compiler/semantics/analyzer/Types$QueryConstructType;Lorg/wso2/ballerinalang/compiler/semantics/analyzer/TypeChecker$AnalyzerData;)Lorg/wso2/ballerinalang/compiler/semantics/model/types/BType; 240 <appendix> member <vmtarget> ; # org/wso2/ballerinalang/compiler/semantics/analyzer/QueryTypeChecker$$Lambda+0x00000008003cfb78
instanceKlass  @bci org/wso2/ballerinalang/compiler/semantics/analyzer/QueryTypeChecker getCompletionType (Ljava/util/List;Lorg/wso2/ballerinalang/compiler/semantics/analyzer/Types$QueryConstructType;Lorg/wso2/ballerinalang/compiler/semantics/analyzer/TypeChecker$AnalyzerData;)Lorg/wso2/ballerinalang/compiler/semantics/model/types/BType; 223 <appendix> member <vmtarget> ; # org/wso2/ballerinalang/compiler/semantics/analyzer/QueryTypeChecker$$Lambda+0x00000008003cf930
instanceKlass  @bci org/wso2/ballerinalang/compiler/semantics/analyzer/QueryTypeChecker checkQueryAction (Lorg/wso2/ballerinalang/compiler/tree/expressions/BLangQueryAction;Lorg/wso2/ballerinalang/compiler/semantics/analyzer/TypeChecker$AnalyzerData;)V 153 <appendix> member <vmtarget> ; # org/wso2/ballerinalang/compiler/semantics/analyzer/QueryTypeChecker$$Lambda+0x00000008003cf708
instanceKlass  @bci org/wso2/ballerinalang/compiler/semantics/analyzer/CompilerPluginRunner visit (Lorg/wso2/ballerinalang/compiler/tree/BLangAnnotation;)V 8 <appendix> member <vmtarget> ; # org/wso2/ballerinalang/compiler/semantics/analyzer/CompilerPluginRunner$$Lambda+0x00000008003cf4e0
instanceKlass org/wso2/ballerinalang/compiler/semantics/analyzer/CompilerPluginRunner$DefinitionID
instanceKlass org/wso2/ballerinalang/compiler/diagnostic/properties/BStringProperty
instanceKlass org/wso2/ballerinalang/compiler/semantics/analyzer/DocumentationAnalyzer$1
instanceKlass  @bci org/wso2/ballerinalang/compiler/semantics/analyzer/DocumentationAnalyzer visit (Lorg/wso2/ballerinalang/compiler/tree/BLangTypeDefinition;Lorg/wso2/ballerinalang/compiler/semantics/analyzer/DocumentationAnalyzer$AnalyzerData;)V 63 <appendix> member <vmtarget> ; # org/wso2/ballerinalang/compiler/semantics/analyzer/DocumentationAnalyzer$$Lambda+0x00000008003ce440
instanceKlass  @bci org/wso2/ballerinalang/compiler/semantics/analyzer/IsolationAnalyzer visit (Lorg/wso2/ballerinalang/compiler/tree/expressions/BLangRegExpTemplateLiteral;)V 17 <appendix> member <vmtarget> ; # org/wso2/ballerinalang/compiler/semantics/analyzer/IsolationAnalyzer$$Lambda+0x00000008003ce218
instanceKlass  @bci org/wso2/ballerinalang/compiler/semantics/analyzer/DataflowAnalyzer checkAssignment (Lorg/wso2/ballerinalang/compiler/tree/expressions/BLangExpression;)V 96 <appendix> member <vmtarget> ; # org/wso2/ballerinalang/compiler/semantics/analyzer/DataflowAnalyzer$$Lambda+0x00000008003cba28
instanceKlass  @bci org/wso2/ballerinalang/compiler/semantics/analyzer/DataflowAnalyzer visitFunctionBodyWithDynamicEnv (Lorg/wso2/ballerinalang/compiler/tree/BLangFunction;Lorg/wso2/ballerinalang/compiler/semantics/model/SymbolEnv;)V 77 <appendix> member <vmtarget> ; # org/wso2/ballerinalang/compiler/semantics/analyzer/DataflowAnalyzer$$Lambda+0x00000008003cb7e0
instanceKlass  @bci org/wso2/ballerinalang/compiler/semantics/analyzer/DataflowAnalyzer visit (Lorg/wso2/ballerinalang/compiler/tree/expressions/BLangLambdaFunction;)V 27 <appendix> member <vmtarget> ; # org/wso2/ballerinalang/compiler/semantics/analyzer/DataflowAnalyzer$$Lambda+0x00000008003cb5b8
instanceKlass  @bci org/wso2/ballerinalang/compiler/semantics/analyzer/DataflowAnalyzer visit (Lorg/wso2/ballerinalang/compiler/tree/expressions/BLangTableConstructorExpr;)V 5 <appendix> member <vmtarget> ; # org/wso2/ballerinalang/compiler/semantics/analyzer/DataflowAnalyzer$$Lambda+0x00000008003cb390
instanceKlass  @bci org/wso2/ballerinalang/compiler/semantics/analyzer/DataflowAnalyzer visit (Lorg/wso2/ballerinalang/compiler/tree/expressions/BLangRegExpTemplateLiteral;)V 17 <appendix> member <vmtarget> ; # org/wso2/ballerinalang/compiler/semantics/analyzer/DataflowAnalyzer$$Lambda+0x00000008003cb168
instanceKlass  @bci org/wso2/ballerinalang/compiler/semantics/analyzer/CodeAnalyzer checkForExportableType (Lorg/wso2/ballerinalang/compiler/semantics/model/symbols/BTypeSymbol;Lio/ballerina/tools/diagnostics/Location;Ljava/util/HashSet;)V 247 <appendix> member <vmtarget> ; # org/wso2/ballerinalang/compiler/semantics/analyzer/CodeAnalyzer$$Lambda+0x00000008003caf40
instanceKlass  @bci org/wso2/ballerinalang/compiler/semantics/analyzer/CodeAnalyzer visit (Lorg/wso2/ballerinalang/compiler/tree/BLangAnnotation;Lorg/wso2/ballerinalang/compiler/semantics/analyzer/CodeAnalyzer$AnalyzerData;)V 6 <appendix> member <vmtarget> ; # org/wso2/ballerinalang/compiler/semantics/analyzer/CodeAnalyzer$$Lambda+0x00000008003cad18
instanceKlass  @bci org/wso2/ballerinalang/compiler/semantics/analyzer/CodeAnalyzer checkForExportableType (Lorg/wso2/ballerinalang/compiler/semantics/model/symbols/BTypeSymbol;Lio/ballerina/tools/diagnostics/Location;Ljava/util/HashSet;)V 165 <appendix> member <vmtarget> ; # org/wso2/ballerinalang/compiler/semantics/analyzer/CodeAnalyzer$$Lambda+0x00000008003caaf0
instanceKlass  @bci org/wso2/ballerinalang/compiler/semantics/analyzer/CodeAnalyzer visit (Lorg/wso2/ballerinalang/compiler/tree/expressions/BLangRegExpTemplateLiteral;Lorg/wso2/ballerinalang/compiler/semantics/analyzer/CodeAnalyzer$AnalyzerData;)V 18 <appendix> member <vmtarget> ; # org/wso2/ballerinalang/compiler/semantics/analyzer/CodeAnalyzer$$Lambda+0x00000008003ca8c8
instanceKlass  @bci org/wso2/ballerinalang/compiler/semantics/analyzer/CodeAnalyzer visit (Lorg/wso2/ballerinalang/compiler/tree/types/BLangObjectTypeNode;Lorg/wso2/ballerinalang/compiler/semantics/analyzer/CodeAnalyzer$AnalyzerData;)V 90 <appendix> argL0 ; # org/wso2/ballerinalang/compiler/semantics/analyzer/CodeAnalyzer$$Lambda+0x00000008003ca6b8
instanceKlass  @bci io/ballerina/types/Core combineRanges ([Lio/ballerina/types/subtypedata/Range;[Lio/ballerina/types/subtypedata/Range;)[Lio/ballerina/types/CombinedRange; 276 <appendix> argL0 ; # io/ballerina/types/Core$$Lambda+0x00000008003ca4a8
instanceKlass  @bci io/ballerina/types/Core bddListAllRanges (Lio/ballerina/types/Context;Lio/ballerina/types/Bdd;[Lio/ballerina/types/subtypedata/Range;)[Lio/ballerina/types/subtypedata/Range; 63 <appendix> argL0 ; # io/ballerina/types/Core$$Lambda+0x00000008003c9eb0
instanceKlass  @bci org/wso2/ballerinalang/compiler/semantics/analyzer/SemanticAnalyzer isSupportedConfigType (Lorg/wso2/ballerinalang/compiler/semantics/model/types/BType;Ljava/util/List;Ljava/lang/String;Ljava/util/Set;Z)Z 183 <adapter> ; # java/lang/invoke/LambdaForm$MH+0x00000008003cd400
# instanceKlass java/lang/invoke/LambdaForm$DMH+0x00000008003cd000
instanceKlass  @bci org/wso2/ballerinalang/compiler/semantics/analyzer/SemanticAnalyzer isSupportedConfigType (Lorg/wso2/ballerinalang/compiler/semantics/model/types/BType;Ljava/util/List;Ljava/lang/String;Ljava/util/Set;Z)Z 183 <appendix> form vmentry <vmtarget> ; # java/lang/invoke/LambdaForm$DMH+0x00000008003ccc00
instanceKlass  @bci org/wso2/ballerinalang/compiler/semantics/analyzer/SemanticAnalyzer isSupportedConfigType (Lorg/wso2/ballerinalang/compiler/semantics/model/types/BType;Ljava/util/List;Ljava/lang/String;Ljava/util/Set;Z)Z 183 <appendix> member <vmtarget> ; # org/wso2/ballerinalang/compiler/semantics/analyzer/SemanticAnalyzer$$Lambda+0x00000008003c9c88
instanceKlass  @cpi org/wso2/ballerinalang/compiler/semantics/analyzer/SemanticAnalyzer 4901 form vmentry <vmtarget> ; # java/lang/invoke/LambdaForm$DMH+0x00000008003cc800
instanceKlass  @bci org/wso2/ballerinalang/compiler/semantics/analyzer/Types isImplicitlyCastable (Lorg/wso2/ballerinalang/compiler/semantics/model/types/BType;Lorg/wso2/ballerinalang/compiler/semantics/model/types/BType;)Z 125 <appendix> member <vmtarget> ; # org/wso2/ballerinalang/compiler/semantics/analyzer/Types$$Lambda+0x00000008003c9a40
# instanceKlass java/lang/invoke/LambdaForm$MH+0x00000008003cc400
# instanceKlass java/lang/invoke/LambdaForm$MH+0x00000008003cc000
instanceKlass  @bci org/wso2/ballerinalang/compiler/semantics/analyzer/QueryTypeChecker getCompletionType (Ljava/util/List;Lorg/wso2/ballerinalang/compiler/semantics/analyzer/Types$QueryConstructType;Lorg/wso2/ballerinalang/compiler/semantics/analyzer/TypeChecker$AnalyzerData;)Lorg/wso2/ballerinalang/compiler/semantics/model/types/BType; 286 <appendix> member <vmtarget> ; # org/wso2/ballerinalang/compiler/semantics/analyzer/QueryTypeChecker$$Lambda+0x00000008003c9818
instanceKlass  @bci org/wso2/ballerinalang/compiler/semantics/analyzer/QueryTypeChecker getCompletionType (Ljava/util/List;Lorg/wso2/ballerinalang/compiler/semantics/analyzer/Types$QueryConstructType;Lorg/wso2/ballerinalang/compiler/semantics/analyzer/TypeChecker$AnalyzerData;)Lorg/wso2/ballerinalang/compiler/semantics/model/types/BType; 269 <appendix> member <vmtarget> ; # org/wso2/ballerinalang/compiler/semantics/analyzer/QueryTypeChecker$$Lambda+0x00000008003c95d0
instanceKlass  @bci org/wso2/ballerinalang/compiler/semantics/analyzer/QueryTypeChecker getCollectionTypes (Ljava/util/List;)Ljava/util/List; 16 <appendix> argL0 ; # org/wso2/ballerinalang/compiler/semantics/analyzer/QueryTypeChecker$$Lambda+0x00000008003c9168
instanceKlass  @bci org/wso2/ballerinalang/compiler/semantics/analyzer/QueryTypeChecker getCollectionTypes (Ljava/util/List;)Ljava/util/List; 6 <appendix> argL0 ; # org/wso2/ballerinalang/compiler/semantics/analyzer/QueryTypeChecker$$Lambda+0x00000008003c8f28
instanceKlass  @bci org/wso2/ballerinalang/compiler/semantics/analyzer/QueryTypeChecker resolveQueryType (Lorg/wso2/ballerinalang/compiler/semantics/model/SymbolEnv;Lorg/wso2/ballerinalang/compiler/tree/expressions/BLangExpression;Lorg/wso2/ballerinalang/compiler/semantics/model/types/BType;Lorg/wso2/ballerinalang/compiler/tree/expressions/BLangQueryExpr;Ljava/util/List;Lorg/wso2/ballerinalang/compiler/semantics/analyzer/TypeChecker$AnalyzerData;)Lorg/wso2/ballerinalang/compiler/semantics/model/types/BType; 26 <appendix> member <vmtarget> ; # org/wso2/ballerinalang/compiler/semantics/analyzer/QueryTypeChecker$$Lambda+0x00000008003c8ce0
instanceKlass  @bci org/wso2/ballerinalang/compiler/semantics/analyzer/QueryTypeChecker resolveQueryType (Lorg/wso2/ballerinalang/compiler/semantics/model/SymbolEnv;Lorg/wso2/ballerinalang/compiler/tree/expressions/BLangExpression;Lorg/wso2/ballerinalang/compiler/semantics/model/types/BType;Lorg/wso2/ballerinalang/compiler/tree/expressions/BLangQueryExpr;Ljava/util/List;Lorg/wso2/ballerinalang/compiler/semantics/analyzer/TypeChecker$AnalyzerData;)Lorg/wso2/ballerinalang/compiler/semantics/model/types/BType; 15 <appendix> member <vmtarget> ; # org/wso2/ballerinalang/compiler/semantics/analyzer/QueryTypeChecker$$Lambda+0x00000008003c8a98
instanceKlass  @bci org/wso2/ballerinalang/compiler/semantics/analyzer/QueryTypeChecker checkQueryType (Lorg/wso2/ballerinalang/compiler/tree/expressions/BLangQueryExpr;Lorg/wso2/ballerinalang/compiler/semantics/analyzer/TypeChecker$AnalyzerData;)V 172 <appendix> member <vmtarget> ; # org/wso2/ballerinalang/compiler/semantics/analyzer/QueryTypeChecker$$Lambda+0x00000008003c8870
instanceKlass org/wso2/ballerinalang/compiler/semantics/analyzer/TypeChecker$FieldInfo
instanceKlass  @bci org/wso2/ballerinalang/compiler/semantics/model/types/BUnionType addAll (Ljava/util/Set;)V 2 <appendix> member <vmtarget> ; # org/wso2/ballerinalang/compiler/semantics/model/types/BUnionType$$Lambda+0x00000008003c8000
instanceKlass  @bci org/wso2/ballerinalang/compiler/semantics/analyzer/SemanticAnalyzer visit (Lorg/wso2/ballerinalang/compiler/tree/BLangAnnotation;Lorg/wso2/ballerinalang/compiler/semantics/analyzer/SemanticAnalyzer$AnalyzerData;)V 15 <appendix> member <vmtarget> ; # org/wso2/ballerinalang/compiler/semantics/analyzer/SemanticAnalyzer$$Lambda+0x00000008003c4c80
instanceKlass  @bci org/wso2/ballerinalang/compiler/semantics/analyzer/Types checkNextFuncReturnType (Lorg/wso2/ballerinalang/compiler/semantics/model/types/BType;)Z 34 <appendix> argL0 ; # org/wso2/ballerinalang/compiler/semantics/analyzer/Types$$Lambda+0x00000008003c4a40
instanceKlass  @bci org/wso2/ballerinalang/compiler/semantics/analyzer/Types checkNextFuncReturnType (Lorg/wso2/ballerinalang/compiler/semantics/model/types/BType;)Z 22 <appendix> argL0 ; # org/wso2/ballerinalang/compiler/semantics/analyzer/Types$$Lambda+0x00000008003c4800
instanceKlass  @bci org/wso2/ballerinalang/compiler/semantics/analyzer/TypeChecker populateArrowExprReturn (Lorg/wso2/ballerinalang/compiler/tree/expressions/BLangArrowFunction;Lorg/wso2/ballerinalang/compiler/semantics/model/types/BType;Lorg/wso2/ballerinalang/compiler/semantics/analyzer/TypeChecker$AnalyzerData;)Lorg/wso2/ballerinalang/compiler/semantics/model/types/BType; 17 <appendix> member <vmtarget> ; # org/wso2/ballerinalang/compiler/semantics/analyzer/TypeChecker$$Lambda+0x00000008003c5d28
instanceKlass  @bci org/wso2/ballerinalang/compiler/semantics/model/types/BInvokableType isDependentlyTyped (Lorg/wso2/ballerinalang/compiler/semantics/model/types/BType;Ljava/util/Set;)Z 106 <appendix> member <vmtarget> ; # org/wso2/ballerinalang/compiler/semantics/model/types/BInvokableType$$Lambda+0x00000008003c5ae0
instanceKlass  @bci org/wso2/ballerinalang/compiler/semantics/analyzer/TypeParamAnalyzer findTypeParamInTable (Lio/ballerina/tools/diagnostics/Location;Lorg/wso2/ballerinalang/compiler/semantics/model/types/BTableType;Lorg/wso2/ballerinalang/compiler/semantics/model/types/BTableType;Lorg/wso2/ballerinalang/compiler/semantics/model/SymbolEnv;Ljava/util/HashSet;Lorg/wso2/ballerinalang/compiler/semantics/analyzer/TypeParamAnalyzer$FindTypeParamResult;)V 124 <appendix> member <vmtarget> ; # org/wso2/ballerinalang/compiler/semantics/analyzer/TypeParamAnalyzer$$Lambda+0x00000008003c58b8
instanceKlass  @bci org/wso2/ballerinalang/compiler/semantics/analyzer/TypeParamAnalyzer findTypeParamInTable (Lio/ballerina/tools/diagnostics/Location;Lorg/wso2/ballerinalang/compiler/semantics/model/types/BTableType;Lorg/wso2/ballerinalang/compiler/semantics/model/types/BTableType;Lorg/wso2/ballerinalang/compiler/semantics/model/SymbolEnv;Ljava/util/HashSet;Lorg/wso2/ballerinalang/compiler/semantics/analyzer/TypeParamAnalyzer$FindTypeParamResult;)V 107 <appendix> argL0 ; # org/wso2/ballerinalang/compiler/semantics/analyzer/TypeParamAnalyzer$$Lambda+0x00000008003c5688
instanceKlass  @bci org/wso2/ballerinalang/compiler/semantics/analyzer/TypeParamAnalyzer findTypeParamInTable (Lio/ballerina/tools/diagnostics/Location;Lorg/wso2/ballerinalang/compiler/semantics/model/types/BTableType;Lorg/wso2/ballerinalang/compiler/semantics/model/types/BTableType;Lorg/wso2/ballerinalang/compiler/semantics/model/SymbolEnv;Ljava/util/HashSet;Lorg/wso2/ballerinalang/compiler/semantics/analyzer/TypeParamAnalyzer$FindTypeParamResult;)V 97 <appendix> argL0 ; # org/wso2/ballerinalang/compiler/semantics/analyzer/TypeParamAnalyzer$$Lambda+0x00000008003c5448
instanceKlass  @bci org/wso2/ballerinalang/compiler/semantics/analyzer/TypeParamAnalyzer findTypeParamInTable (Lio/ballerina/tools/diagnostics/Location;Lorg/wso2/ballerinalang/compiler/semantics/model/types/BTableType;Lorg/wso2/ballerinalang/compiler/semantics/model/types/BTableType;Lorg/wso2/ballerinalang/compiler/semantics/model/SymbolEnv;Ljava/util/HashSet;Lorg/wso2/ballerinalang/compiler/semantics/analyzer/TypeParamAnalyzer$FindTypeParamResult;)V 87 <appendix> member <vmtarget> ; # org/wso2/ballerinalang/compiler/semantics/analyzer/TypeParamAnalyzer$$Lambda+0x00000008003c5210
instanceKlass  @bci org/wso2/ballerinalang/compiler/semantics/analyzer/TypeParamAnalyzer findTypeParamInMapForRecord (Lio/ballerina/tools/diagnostics/Location;Lorg/wso2/ballerinalang/compiler/semantics/model/types/BMapType;Lorg/wso2/ballerinalang/compiler/semantics/model/types/BRecordType;Lorg/wso2/ballerinalang/compiler/semantics/model/SymbolEnv;Ljava/util/HashSet;Lorg/wso2/ballerinalang/compiler/semantics/analyzer/TypeParamAnalyzer$FindTypeParamResult;)V 22 <appendix> argL0 ; # org/wso2/ballerinalang/compiler/semantics/analyzer/TypeParamAnalyzer$$Lambda+0x00000008003c5000
instanceKlass  @bci org/wso2/ballerinalang/compiler/semantics/analyzer/TypeParamAnalyzer findTypeParamInMapForRecord (Lio/ballerina/tools/diagnostics/Location;Lorg/wso2/ballerinalang/compiler/semantics/model/types/BMapType;Lorg/wso2/ballerinalang/compiler/semantics/model/types/BRecordType;Lorg/wso2/ballerinalang/compiler/semantics/model/SymbolEnv;Ljava/util/HashSet;Lorg/wso2/ballerinalang/compiler/semantics/analyzer/TypeParamAnalyzer$FindTypeParamResult;)V 12 <appendix> argL0 ; # org/wso2/ballerinalang/compiler/semantics/analyzer/TypeParamAnalyzer$$Lambda+0x0000000800358c00
instanceKlass io/ballerina/types/subtypedata/StringSubtype$StringSubtypeListCoverage
instanceKlass java/util/stream/Nodes$IntArrayNode
instanceKlass java/util/stream/Node$Builder$OfInt
instanceKlass  @bci java/util/stream/IntPipeline toArray ()[I 1 <appendix> argL0 ; # java/util/stream/IntPipeline$$Lambda+0x000000080036a0d8
instanceKlass  @bci io/ballerina/types/typeops/StringOps stringSubtypeListCoverage (Lio/ballerina/types/subtypedata/StringSubtype;[Ljava/lang/String;)Lio/ballerina/types/subtypedata/StringSubtype$StringSubtypeListCoverage; 187 <appendix> argL0 ; # io/ballerina/types/typeops/StringOps$$Lambda+0x0000000800359c00
instanceKlass  @bci org/wso2/ballerinalang/compiler/semantics/analyzer/TypeParamAnalyzer findTypeParamInObject (Lio/ballerina/tools/diagnostics/Location;Lorg/wso2/ballerinalang/compiler/semantics/model/types/BObjectType;Lorg/wso2/ballerinalang/compiler/semantics/model/types/BObjectType;Lorg/wso2/ballerinalang/compiler/semantics/model/SymbolEnv;Ljava/util/HashSet;Lorg/wso2/ballerinalang/compiler/semantics/analyzer/TypeParamAnalyzer$FindTypeParamResult;)V 173 <appendix> argL0 ; # org/wso2/ballerinalang/compiler/semantics/analyzer/TypeParamAnalyzer$$Lambda+0x00000008003c7c78
instanceKlass  @bci org/wso2/ballerinalang/compiler/semantics/analyzer/TypeParamAnalyzer findTypeParamInObject (Lio/ballerina/tools/diagnostics/Location;Lorg/wso2/ballerinalang/compiler/semantics/model/types/BObjectType;Lorg/wso2/ballerinalang/compiler/semantics/model/types/BObjectType;Lorg/wso2/ballerinalang/compiler/semantics/model/SymbolEnv;Ljava/util/HashSet;Lorg/wso2/ballerinalang/compiler/semantics/analyzer/TypeParamAnalyzer$FindTypeParamResult;)V 158 <appendix> member <vmtarget> ; # org/wso2/ballerinalang/compiler/semantics/analyzer/TypeParamAnalyzer$$Lambda+0x00000008003c7a30
instanceKlass  @bci org/wso2/ballerinalang/compiler/semantics/analyzer/TypeChecker getInferredTupleType (Lorg/wso2/ballerinalang/compiler/tree/expressions/BLangListConstructorExpr;Lorg/wso2/ballerinalang/compiler/semantics/model/types/BType;Lorg/wso2/ballerinalang/compiler/semantics/analyzer/TypeChecker$AnalyzerData;)Lorg/wso2/ballerinalang/compiler/semantics/model/types/BType; 147 <appendix> member <vmtarget> ; # org/wso2/ballerinalang/compiler/semantics/analyzer/TypeChecker$$Lambda+0x00000008003c7808
instanceKlass org/wso2/ballerinalang/compiler/semantics/analyzer/TypeChecker$InferredTupleDetails
instanceKlass  @bci org/wso2/ballerinalang/compiler/semantics/analyzer/TypeParamAnalyzer findTypeParamInUnion (Lio/ballerina/tools/diagnostics/Location;Lorg/wso2/ballerinalang/compiler/semantics/model/types/BUnionType;Lorg/wso2/ballerinalang/compiler/semantics/model/types/BUnionType;Lorg/wso2/ballerinalang/compiler/semantics/model/SymbolEnv;Ljava/util/HashSet;Lorg/wso2/ballerinalang/compiler/semantics/analyzer/TypeParamAnalyzer$FindTypeParamResult;)V 83 <appendix> member <vmtarget> ; # org/wso2/ballerinalang/compiler/semantics/analyzer/TypeParamAnalyzer$$Lambda+0x00000008003c73c0
instanceKlass  @bci org/wso2/ballerinalang/compiler/semantics/analyzer/TypeParamAnalyzer findTypeParamInUnion (Lio/ballerina/tools/diagnostics/Location;Lorg/wso2/ballerinalang/compiler/semantics/model/types/BUnionType;Lorg/wso2/ballerinalang/compiler/semantics/model/types/BUnionType;Lorg/wso2/ballerinalang/compiler/semantics/model/SymbolEnv;Ljava/util/HashSet;Lorg/wso2/ballerinalang/compiler/semantics/analyzer/TypeParamAnalyzer$FindTypeParamResult;)V 45 <appendix> member <vmtarget> ; # org/wso2/ballerinalang/compiler/semantics/analyzer/TypeParamAnalyzer$$Lambda+0x00000008003c7178
instanceKlass  @bci org/wso2/ballerinalang/compiler/semantics/analyzer/TypeParamAnalyzer findTypeParamInTupleForArray (Lio/ballerina/tools/diagnostics/Location;Lorg/wso2/ballerinalang/compiler/semantics/model/types/BArrayType;Lorg/wso2/ballerinalang/compiler/semantics/model/types/BTupleType;Lorg/wso2/ballerinalang/compiler/semantics/model/SymbolEnv;Ljava/util/HashSet;Lorg/wso2/ballerinalang/compiler/semantics/analyzer/TypeParamAnalyzer$FindTypeParamResult;)V 15 <appendix> member <vmtarget> ; # org/wso2/ballerinalang/compiler/semantics/analyzer/TypeParamAnalyzer$$Lambda+0x00000008003c6f50
instanceKlass  @bci org/wso2/ballerinalang/compiler/semantics/analyzer/TypeChecker visit (Lorg/wso2/ballerinalang/compiler/tree/expressions/BLangRegExpTemplateLiteral;Lorg/wso2/ballerinalang/compiler/semantics/analyzer/TypeChecker$AnalyzerData;)V 30 <appendix> member <vmtarget> ; # org/wso2/ballerinalang/compiler/semantics/analyzer/TypeChecker$$Lambda+0x00000008003c6d28
instanceKlass  @bci org/wso2/ballerinalang/compiler/semantics/analyzer/SemanticAnalyzer visit (Lorg/wso2/ballerinalang/compiler/tree/expressions/BLangReSequence;Lorg/wso2/ballerinalang/compiler/semantics/analyzer/SemanticAnalyzer$AnalyzerData;)V 6 <appendix> member <vmtarget> ; # org/wso2/ballerinalang/compiler/semantics/analyzer/SemanticAnalyzer$$Lambda+0x00000008003c6b00
instanceKlass  @bci org/wso2/ballerinalang/compiler/semantics/analyzer/SemanticAnalyzer visit (Lorg/wso2/ballerinalang/compiler/tree/expressions/BLangReDisjunction;Lorg/wso2/ballerinalang/compiler/semantics/analyzer/SemanticAnalyzer$AnalyzerData;)V 6 <appendix> member <vmtarget> ; # org/wso2/ballerinalang/compiler/semantics/analyzer/SemanticAnalyzer$$Lambda+0x00000008003c68d8
instanceKlass  @bci org/wso2/ballerinalang/compiler/semantics/analyzer/TypeChecker checkRecordIndexBasedAccess (Lorg/wso2/ballerinalang/compiler/tree/expressions/BLangIndexBasedAccess;Lorg/wso2/ballerinalang/compiler/semantics/model/types/BRecordType;Lorg/wso2/ballerinalang/compiler/semantics/model/types/BType;Lorg/wso2/ballerinalang/compiler/semantics/analyzer/TypeChecker$AnalyzerData;)Lorg/wso2/ballerinalang/compiler/semantics/model/types/BType; 294 <appendix> argL0 ; # org/wso2/ballerinalang/compiler/semantics/analyzer/TypeChecker$$Lambda+0x00000008003c6698
instanceKlass  @bci org/wso2/ballerinalang/compiler/semantics/analyzer/SemanticAnalyzer handleDeclaredWithVar (Lorg/wso2/ballerinalang/compiler/tree/BLangVariable;Lorg/wso2/ballerinalang/compiler/semantics/analyzer/SemanticAnalyzer$AnalyzerData;)V 331 <appendix> member <vmtarget> ; # org/wso2/ballerinalang/compiler/semantics/analyzer/SemanticAnalyzer$$Lambda+0x00000008003c6470
instanceKlass  @bci java/util/stream/Collectors toSet ()Ljava/util/stream/Collector; 14 <appendix> argL0 ; # java/util/stream/Collectors$$Lambda+0x00000008003694b8
instanceKlass  @bci java/util/stream/Collectors toSet ()Ljava/util/stream/Collector; 9 <appendix> argL0 ; # java/util/stream/Collectors$$Lambda+0x0000000800369298
instanceKlass  @bci java/util/stream/Collectors toSet ()Ljava/util/stream/Collector; 4 <appendix> argL0 ; # java/util/stream/Collectors$$Lambda+0x0000000800369088
instanceKlass  @bci org/wso2/ballerinalang/compiler/util/Unifier getExpectedTypeForInferredTypedescMember (Lorg/wso2/ballerinalang/compiler/semantics/model/types/BUnionType;Lorg/wso2/ballerinalang/compiler/semantics/model/types/BType;Lorg/wso2/ballerinalang/compiler/semantics/model/types/BType;)Lorg/wso2/ballerinalang/compiler/semantics/model/types/BType; 251 <appendix> member <vmtarget> ; # org/wso2/ballerinalang/compiler/util/Unifier$$Lambda+0x00000008003c6228
# instanceKlass java/lang/invoke/LambdaForm$MH+0x00000008003c4400
instanceKlass  @bci org/wso2/ballerinalang/compiler/semantics/analyzer/SemanticAnalyzer visit (Lorg/wso2/ballerinalang/compiler/tree/types/BLangObjectTypeNode;Lorg/wso2/ballerinalang/compiler/semantics/analyzer/SemanticAnalyzer$AnalyzerData;)V 40 <appendix> member <vmtarget> ; # org/wso2/ballerinalang/compiler/semantics/analyzer/SemanticAnalyzer$$Lambda+0x00000008003c6000
instanceKlass  @bci org/wso2/ballerinalang/compiler/semantics/analyzer/SemanticAnalyzer visit (Lorg/wso2/ballerinalang/compiler/tree/types/BLangObjectTypeNode;Lorg/wso2/ballerinalang/compiler/semantics/analyzer/SemanticAnalyzer$AnalyzerData;)V 23 <appendix> member <vmtarget> ; # org/wso2/ballerinalang/compiler/semantics/analyzer/SemanticAnalyzer$$Lambda+0x00000008003c3d40
instanceKlass  @bci org/wso2/ballerinalang/compiler/semantics/analyzer/SymbolEnter visit (Lorg/wso2/ballerinalang/compiler/tree/BLangAnnotation;)V 251 <appendix> argL0 ; # org/wso2/ballerinalang/compiler/semantics/analyzer/SymbolEnter$$Lambda+0x00000008003c34b8
instanceKlass io/ballerina/types/subtypedata/TypedescSubtype
instanceKlass io/ballerina/types/definition/StreamDefinition
instanceKlass  @bci org/wso2/ballerinalang/compiler/semantics/analyzer/SymbolEnter createResourceFunction (Lorg/wso2/ballerinalang/compiler/tree/BLangFunction;Lorg/wso2/ballerinalang/compiler/semantics/model/symbols/BInvokableSymbol;Lorg/wso2/ballerinalang/compiler/semantics/model/types/BInvokableType;)Lorg/wso2/ballerinalang/compiler/semantics/model/symbols/BAttachedFunction; 45 <appendix> argL0 ; # org/wso2/ballerinalang/compiler/semantics/analyzer/SymbolEnter$$Lambda+0x00000008003c2e78
instanceKlass org/wso2/ballerinalang/compiler/semantics/analyzer/SymbolResolver$ParameterizedTypeInfo
instanceKlass  @bci org/wso2/ballerinalang/compiler/semantics/analyzer/SymbolEnter defineFunctionsOfObjectTypeDef (Lorg/wso2/ballerinalang/compiler/semantics/model/SymbolEnv;Lorg/wso2/ballerinalang/compiler/tree/BLangTypeDefinition;)V 116 <appendix> member <vmtarget> ; # org/wso2/ballerinalang/compiler/semantics/analyzer/SymbolEnter$$Lambda+0x00000008003c2a50
instanceKlass  @bci org/wso2/ballerinalang/compiler/semantics/analyzer/Types getTypeForUnionTypeMembersAssignableToType (Lorg/wso2/ballerinalang/compiler/semantics/model/types/BUnionType;Lorg/wso2/ballerinalang/compiler/semantics/model/types/BType;Lorg/wso2/ballerinalang/compiler/semantics/model/SymbolEnv;Lorg/wso2/ballerinalang/compiler/semantics/analyzer/Types$IntersectionContext;Ljava/util/LinkedHashSet;)Lorg/wso2/ballerinalang/compiler/semantics/model/types/BType; 33 <appendix> member <vmtarget> ; # org/wso2/ballerinalang/compiler/semantics/analyzer/Types$$Lambda+0x00000008003c2828
instanceKlass  @cpi org/ballerinalang/langserver/diagnostic/DiagnosticsHelper 666 form vmentry <vmtarget> ; # java/lang/invoke/LambdaForm$DMH+0x00000008003c4000
instanceKlass  @bci org/wso2/ballerinalang/compiler/parser/BLangNodeBuilder transform (Lio/ballerina/compiler/syntax/tree/QueryExpressionNode;)Lorg/wso2/ballerinalang/compiler/tree/BLangNode; 129 <appendix> member <vmtarget> ; # org/wso2/ballerinalang/compiler/parser/BLangNodeBuilder$$Lambda+0x00000008003c2600
instanceKlass  @bci org/wso2/ballerinalang/compiler/parser/BLangNodeBuilder addReferencesAndReturnDocumentationText (Ljava/util/LinkedList;Lio/ballerina/compiler/syntax/tree/NodeList;)Ljava/lang/String; 144 <appendix> member <vmtarget> ; # org/wso2/ballerinalang/compiler/parser/BLangNodeBuilder$$Lambda+0x00000008003c23d8
instanceKlass  @bci org/wso2/ballerinalang/compiler/parser/BLangNodeBuilder transform (Lio/ballerina/compiler/syntax/tree/ReCharacterClassNode;)Lorg/wso2/ballerinalang/compiler/tree/BLangNode; 42 <appendix> member <vmtarget> ; # org/wso2/ballerinalang/compiler/parser/BLangNodeBuilder$$Lambda+0x00000008003bfb10
instanceKlass org/wso2/ballerinalang/compiler/util/NumericLiteralSupport
instanceKlass  @bci org/wso2/ballerinalang/compiler/parser/BLangNodeBuilder transform (Lio/ballerina/compiler/syntax/tree/ReQuantifierNode;)Lorg/wso2/ballerinalang/compiler/tree/BLangNode; 29 <appendix> member <vmtarget> ; # org/wso2/ballerinalang/compiler/parser/BLangNodeBuilder$$Lambda+0x00000008003bf6f0
instanceKlass  @bci org/wso2/ballerinalang/compiler/parser/BLangNodeBuilder transform (Lio/ballerina/compiler/syntax/tree/ReCapturingGroupsNode;)Lorg/wso2/ballerinalang/compiler/tree/BLangNode; 30 <appendix> member <vmtarget> ; # org/wso2/ballerinalang/compiler/parser/BLangNodeBuilder$$Lambda+0x00000008003bf4c8
instanceKlass  @bci org/wso2/ballerinalang/compiler/parser/BLangNodeBuilder transform (Lio/ballerina/compiler/syntax/tree/ReAtomQuantifierNode;)Lorg/wso2/ballerinalang/compiler/tree/BLangNode; 41 <appendix> member <vmtarget> ; # org/wso2/ballerinalang/compiler/parser/BLangNodeBuilder$$Lambda+0x00000008003bf2a0
instanceKlass  @bci org/wso2/ballerinalang/compiler/parser/BLangNodeBuilder transform (Lio/ballerina/compiler/syntax/tree/WhileStatementNode;)Lorg/wso2/ballerinalang/compiler/tree/BLangNode; 63 <appendix> member <vmtarget> ; # org/wso2/ballerinalang/compiler/parser/BLangNodeBuilder$$Lambda+0x00000008003bf078
instanceKlass io/ballerina/compiler/internal/parser/tree/STNodeTransformer
instanceKlass io/ballerina/compiler/internal/parser/tree/STTreeModifiers
instanceKlass  @bci org/wso2/ballerinalang/compiler/semantics/analyzer/TypeResolver resolveTypeDesc (Lorg/wso2/ballerinalang/compiler/tree/types/BLangErrorType;Lorg/wso2/ballerinalang/compiler/semantics/analyzer/TypeResolver$ResolverData;)Lorg/wso2/ballerinalang/compiler/semantics/model/types/BType; 190 <appendix> member <vmtarget> ; # org/wso2/ballerinalang/compiler/semantics/analyzer/TypeResolver$$Lambda+0x00000008003be2d8
instanceKlass  @bci org/wso2/ballerinalang/compiler/semantics/analyzer/SymbolEnter lambda$resolveIncludedFields$28 (Lorg/wso2/ballerinalang/compiler/semantics/model/SymbolEnv;Ljava/util/Set;Lorg/wso2/ballerinalang/compiler/tree/types/BLangStructureTypeNode;Ljava/util/List;Ljava/util/Map;Lorg/wso2/ballerinalang/compiler/tree/types/BLangType;)Ljava/util/stream/Stream; 563 <appendix> member <vmtarget> ; # org/wso2/ballerinalang/compiler/semantics/analyzer/SymbolEnter$$Lambda+0x00000008003be0a0
instanceKlass  @bci org/wso2/ballerinalang/compiler/semantics/analyzer/SymbolEnter lambda$resolveIncludedFields$28 (Lorg/wso2/ballerinalang/compiler/semantics/model/SymbolEnv;Ljava/util/Set;Lorg/wso2/ballerinalang/compiler/tree/types/BLangStructureTypeNode;Ljava/util/List;Ljava/util/Map;Lorg/wso2/ballerinalang/compiler/tree/types/BLangType;)Ljava/util/stream/Stream; 551 <appendix> member <vmtarget> ; # org/wso2/ballerinalang/compiler/semantics/analyzer/SymbolEnter$$Lambda+0x00000008003bde58
instanceKlass  @bci org/wso2/ballerinalang/compiler/semantics/analyzer/CompilerPluginRunner visit (Lorg/wso2/ballerinalang/compiler/tree/BLangPackage;)V 216 <appendix> member <vmtarget> ; # org/wso2/ballerinalang/compiler/semantics/analyzer/CompilerPluginRunner$$Lambda+0x00000008003bdc30
instanceKlass  @bci org/wso2/ballerinalang/compiler/semantics/analyzer/CompilerPluginRunner visit (Lorg/wso2/ballerinalang/compiler/tree/BLangPackage;)V 164 <appendix> member <vmtarget> ; # org/wso2/ballerinalang/compiler/semantics/analyzer/CompilerPluginRunner$$Lambda+0x00000008003bda08
instanceKlass  @bci org/wso2/ballerinalang/compiler/semantics/analyzer/CompilerPluginRunner visit (Lorg/wso2/ballerinalang/compiler/tree/BLangClassDefinition;)V 16 <appendix> member <vmtarget> ; # org/wso2/ballerinalang/compiler/semantics/analyzer/CompilerPluginRunner$$Lambda+0x00000008003bd7e0
instanceKlass  @bci org/wso2/ballerinalang/compiler/semantics/analyzer/CompilerPluginRunner visit (Lorg/wso2/ballerinalang/compiler/tree/BLangSimpleVariable;)V 8 <appendix> member <vmtarget> ; # org/wso2/ballerinalang/compiler/semantics/analyzer/CompilerPluginRunner$$Lambda+0x00000008003bd5b8
instanceKlass  @bci org/wso2/ballerinalang/compiler/semantics/analyzer/CompilerPluginRunner visit (Lorg/wso2/ballerinalang/compiler/tree/BLangFunction;)V 8 <appendix> member <vmtarget> ; # org/wso2/ballerinalang/compiler/semantics/analyzer/CompilerPluginRunner$$Lambda+0x00000008003bd390
instanceKlass  @bci org/wso2/ballerinalang/compiler/semantics/analyzer/CompilerPluginRunner visit (Lorg/wso2/ballerinalang/compiler/tree/BLangTypeDefinition;)V 8 <appendix> member <vmtarget> ; # org/wso2/ballerinalang/compiler/semantics/analyzer/CompilerPluginRunner$$Lambda+0x00000008003bd168
instanceKlass  @bci org/wso2/ballerinalang/compiler/semantics/analyzer/CompilerPluginRunner visit (Lorg/wso2/ballerinalang/compiler/tree/BLangPackage;)V 108 <appendix> member <vmtarget> ; # org/wso2/ballerinalang/compiler/semantics/analyzer/CompilerPluginRunner$$Lambda+0x00000008003bcf40
instanceKlass  @bci org/wso2/ballerinalang/compiler/semantics/analyzer/CompilerPluginRunner visit (Lorg/wso2/ballerinalang/compiler/tree/BLangPackage;)V 58 <appendix> member <vmtarget> ; # org/wso2/ballerinalang/compiler/semantics/analyzer/CompilerPluginRunner$$Lambda+0x00000008003bcd18
instanceKlass org/ballerinalang/compiler/plugins/SupportedResourceParamTypes
instanceKlass  @bci org/wso2/ballerinalang/compiler/semantics/analyzer/CompilerPluginRunner handleAnnotationProcesses (Lorg/ballerinalang/compiler/plugins/CompilerPlugin;)V 71 <appendix> member <vmtarget> ; # org/wso2/ballerinalang/compiler/semantics/analyzer/CompilerPluginRunner$$Lambda+0x00000008003bc900
instanceKlass org/ballerinalang/compiler/plugins/SupportedAnnotationPackages
instanceKlass  @bci org/wso2/ballerinalang/compiler/semantics/analyzer/CompilerPluginRunner loadPlugins ()V 5 <appendix> member <vmtarget> ; # org/wso2/ballerinalang/compiler/semantics/analyzer/CompilerPluginRunner$$Lambda+0x00000008003bc2a0
instanceKlass  @bci org/wso2/ballerinalang/compiler/semantics/analyzer/DocumentationAnalyzer visit (Lorg/wso2/ballerinalang/compiler/tree/BLangPackage;Lorg/wso2/ballerinalang/compiler/semantics/analyzer/DocumentationAnalyzer$AnalyzerData;)V 69 <appendix> member <vmtarget> ; # org/wso2/ballerinalang/compiler/semantics/analyzer/DocumentationAnalyzer$$Lambda+0x00000008003bc078
instanceKlass  @bci org/wso2/ballerinalang/compiler/semantics/analyzer/DocumentationAnalyzer validateDeprecatedParameters (Lorg/ballerinalang/model/tree/DocumentableNode;Ljava/util/List;Lorg/wso2/ballerinalang/compiler/tree/BLangSimpleVariable;)V 110 <appendix> member <vmtarget> ; # org/wso2/ballerinalang/compiler/semantics/analyzer/DocumentationAnalyzer$$Lambda+0x00000008003bbe50
instanceKlass  @bci org/wso2/ballerinalang/compiler/semantics/analyzer/DocumentationAnalyzer visit (Lorg/wso2/ballerinalang/compiler/tree/BLangClassDefinition;Lorg/wso2/ballerinalang/compiler/semantics/analyzer/DocumentationAnalyzer$AnalyzerData;)V 106 <appendix> member <vmtarget> ; # org/wso2/ballerinalang/compiler/semantics/analyzer/DocumentationAnalyzer$$Lambda+0x00000008003bbc28
instanceKlass  @bci org/wso2/ballerinalang/compiler/tree/BLangMarkdownDocumentation getParameterDocumentations ()Ljava/util/Map; 13 <appendix> member <vmtarget> ; # org/wso2/ballerinalang/compiler/tree/BLangMarkdownDocumentation$$Lambda+0x00000008003bba00
instanceKlass  @bci org/wso2/ballerinalang/compiler/semantics/analyzer/DocumentationAnalyzer validateParameters (Lorg/ballerinalang/model/tree/DocumentableNode;Ljava/util/List;Lorg/wso2/ballerinalang/compiler/tree/BLangSimpleVariable;Lio/ballerina/tools/diagnostics/DiagnosticCode;Lio/ballerina/tools/diagnostics/DiagnosticCode;Lio/ballerina/tools/diagnostics/DiagnosticCode;)V 134 <appendix> member <vmtarget> ; # org/wso2/ballerinalang/compiler/semantics/analyzer/DocumentationAnalyzer$$Lambda+0x00000008003bb7d8
instanceKlass  @bci org/wso2/ballerinalang/compiler/semantics/analyzer/DocumentationAnalyzer validateParameters (Lorg/ballerinalang/model/tree/DocumentableNode;Ljava/util/List;Lorg/wso2/ballerinalang/compiler/tree/BLangSimpleVariable;Lio/ballerina/tools/diagnostics/DiagnosticCode;Lio/ballerina/tools/diagnostics/DiagnosticCode;Lio/ballerina/tools/diagnostics/DiagnosticCode;)V 43 <appendix> member <vmtarget> ; # org/wso2/ballerinalang/compiler/semantics/analyzer/DocumentationAnalyzer$$Lambda+0x00000008003bb5b0
instanceKlass  @bci org/wso2/ballerinalang/compiler/semantics/analyzer/DocumentationAnalyzer visit (Lorg/wso2/ballerinalang/compiler/tree/BLangPackage;Lorg/wso2/ballerinalang/compiler/semantics/analyzer/DocumentationAnalyzer$AnalyzerData;)V 40 <appendix> member <vmtarget> ; # org/wso2/ballerinalang/compiler/semantics/analyzer/DocumentationAnalyzer$$Lambda+0x00000008003baf40
instanceKlass org/wso2/ballerinalang/compiler/semantics/analyzer/DocumentationAnalyzer$AnalyzerData
instanceKlass  @bci org/wso2/ballerinalang/compiler/tree/types/BLangTupleTypeNode getMemberTypeNodes ()Ljava/util/List; 13 <appendix> member <vmtarget> ; # org/wso2/ballerinalang/compiler/tree/types/BLangTupleTypeNode$$Lambda+0x00000008003b9dc8
instanceKlass org/wso2/ballerinalang/compiler/semantics/analyzer/IsolationAnalyzer$3
instanceKlass org/wso2/ballerinalang/compiler/semantics/analyzer/IsolationAnalyzer$LockInfo
instanceKlass org/wso2/ballerinalang/compiler/semantics/analyzer/IsolationAnalyzer$IsolationInferenceInfo
instanceKlass  @bci org/wso2/ballerinalang/compiler/semantics/analyzer/cyclefind/GlobalVariableRefAnalyzer analyzeDependenciesRecursively (Lorg/wso2/ballerinalang/compiler/semantics/analyzer/cyclefind/GlobalVariableRefAnalyzer$NodeInfo;Ljava/util/Set;)Ljava/util/Set; 228 <appendix> argL0 ; # org/wso2/ballerinalang/compiler/semantics/analyzer/cyclefind/GlobalVariableRefAnalyzer$$Lambda+0x00000008003b8f50
instanceKlass  @bci org/wso2/ballerinalang/compiler/semantics/analyzer/cyclefind/GlobalVariableRefAnalyzer analyzeDependenciesRecursively (Lorg/wso2/ballerinalang/compiler/semantics/analyzer/cyclefind/GlobalVariableRefAnalyzer$NodeInfo;Ljava/util/Set;)Ljava/util/Set; 131 <appendix> member <vmtarget> ; # org/wso2/ballerinalang/compiler/semantics/analyzer/cyclefind/GlobalVariableRefAnalyzer$$Lambda+0x00000008003b8d18
instanceKlass  @bci org/wso2/ballerinalang/compiler/semantics/analyzer/cyclefind/GlobalVariableRefAnalyzer populateFunctionDependencies (Ljava/util/Map;Ljava/util/List;)V 82 <appendix> argL0 ; # org/wso2/ballerinalang/compiler/semantics/analyzer/cyclefind/GlobalVariableRefAnalyzer$$Lambda+0x00000008003b8b08
instanceKlass  @bci org/wso2/ballerinalang/compiler/semantics/analyzer/cyclefind/GlobalVariableRefAnalyzer populateFunctionDependencies (Ljava/util/Map;Ljava/util/List;)V 72 <appendix> argL0 ; # org/wso2/ballerinalang/compiler/semantics/analyzer/cyclefind/GlobalVariableRefAnalyzer$$Lambda+0x00000008003b88d8
instanceKlass  @bci org/wso2/ballerinalang/compiler/semantics/analyzer/cyclefind/GlobalVariableRefAnalyzer analyzeDependenciesStartingFrom (Lorg/wso2/ballerinalang/compiler/semantics/model/symbols/BSymbol;)Ljava/util/List; 72 <appendix> argL0 ; # org/wso2/ballerinalang/compiler/semantics/analyzer/cyclefind/GlobalVariableRefAnalyzer$$Lambda+0x00000008003b86a8
instanceKlass  @bci org/wso2/ballerinalang/compiler/semantics/analyzer/cyclefind/GlobalVariableRefAnalyzer doesContainAGlobalVar (Ljava/util/List;)Z 28 <appendix> member <vmtarget> ; # org/wso2/ballerinalang/compiler/semantics/analyzer/cyclefind/GlobalVariableRefAnalyzer$$Lambda+0x00000008003b8460
instanceKlass  @bci org/wso2/ballerinalang/compiler/semantics/analyzer/cyclefind/GlobalVariableRefAnalyzer doesContainAGlobalVar (Ljava/util/List;)Z 12 <appendix> argL0 ; # org/wso2/ballerinalang/compiler/semantics/analyzer/cyclefind/GlobalVariableRefAnalyzer$$Lambda+0x00000008003b8230
instanceKlass  @bci org/wso2/ballerinalang/compiler/semantics/analyzer/cyclefind/GlobalVariableRefAnalyzer handleCyclicReferenceError (Lorg/wso2/ballerinalang/compiler/semantics/analyzer/cyclefind/GlobalVariableRefAnalyzer$NodeInfo;)V 111 <appendix> argL0 ; # org/wso2/ballerinalang/compiler/semantics/analyzer/cyclefind/GlobalVariableRefAnalyzer$$Lambda+0x00000008003b8000
instanceKlass  @bci org/wso2/ballerinalang/compiler/semantics/analyzer/cyclefind/GlobalVariableRefAnalyzer analyzeProvidersRecursively (Lorg/wso2/ballerinalang/compiler/semantics/analyzer/cyclefind/GlobalVariableRefAnalyzer$NodeInfo;)I 118 <appendix> member <vmtarget> ; # org/wso2/ballerinalang/compiler/semantics/analyzer/cyclefind/GlobalVariableRefAnalyzer$$Lambda+0x00000008003b0c00
instanceKlass org/wso2/ballerinalang/compiler/semantics/analyzer/cyclefind/GlobalVariableRefAnalyzer$NodeInfo
instanceKlass org/wso2/ballerinalang/compiler/semantics/analyzer/cyclefind/GlobalVariableRefAnalyzer$1
instanceKlass  @bci org/wso2/ballerinalang/compiler/semantics/analyzer/DataflowAnalyzer visit (Lorg/wso2/ballerinalang/compiler/tree/BLangPackage;)V 198 <appendix> member <vmtarget> ; # org/wso2/ballerinalang/compiler/semantics/analyzer/DataflowAnalyzer$$Lambda+0x00000008003b1ad8
instanceKlass  @bci org/wso2/ballerinalang/compiler/semantics/analyzer/DataflowAnalyzer mergeUninitializedVars (Ljava/util/Map;Ljava/util/Map;)Ljava/util/Map; 68 <appendix> argL0 ; # org/wso2/ballerinalang/compiler/semantics/analyzer/DataflowAnalyzer$$Lambda+0x00000008003b18c8
instanceKlass  @bci org/wso2/ballerinalang/compiler/semantics/analyzer/DataflowAnalyzer mergeUninitializedVars (Ljava/util/Map;Ljava/util/Map;)Ljava/util/Map; 63 <appendix> argL0 ; # org/wso2/ballerinalang/compiler/semantics/analyzer/DataflowAnalyzer$$Lambda+0x00000008003b1690
instanceKlass  @bci org/wso2/ballerinalang/compiler/semantics/analyzer/DataflowAnalyzer mergeUninitializedVars (Ljava/util/Map;Ljava/util/Map;)Ljava/util/Map; 58 <appendix> member <vmtarget> ; # org/wso2/ballerinalang/compiler/semantics/analyzer/DataflowAnalyzer$$Lambda+0x00000008003b1458
instanceKlass  @bci org/wso2/ballerinalang/compiler/semantics/analyzer/DataflowAnalyzer mergeUninitializedVars (Ljava/util/Map;Ljava/util/Map;)Ljava/util/Map; 52 <appendix> argL0 ; # org/wso2/ballerinalang/compiler/semantics/analyzer/DataflowAnalyzer$$Lambda+0x00000008003b1228
instanceKlass  @bci org/wso2/ballerinalang/compiler/semantics/analyzer/DataflowAnalyzer visit (Lorg/wso2/ballerinalang/compiler/tree/expressions/BLangStringTemplateLiteral;)V 5 <appendix> member <vmtarget> ; # org/wso2/ballerinalang/compiler/semantics/analyzer/DataflowAnalyzer$$Lambda+0x00000008003b1000
instanceKlass  @bci org/wso2/ballerinalang/compiler/semantics/analyzer/DataflowAnalyzer visit (Lorg/wso2/ballerinalang/compiler/tree/types/BLangTupleTypeNode;)V 43 <appendix> member <vmtarget> ; # org/wso2/ballerinalang/compiler/semantics/analyzer/DataflowAnalyzer$$Lambda+0x00000008003b3bd8
instanceKlass  @bci org/wso2/ballerinalang/compiler/semantics/analyzer/DataflowAnalyzer visit (Lorg/wso2/ballerinalang/compiler/tree/BLangClassDefinition;)V 472 <appendix> member <vmtarget> ; # org/wso2/ballerinalang/compiler/semantics/analyzer/DataflowAnalyzer$$Lambda+0x00000008003b39b0
instanceKlass  @bci org/wso2/ballerinalang/compiler/semantics/analyzer/DataflowAnalyzer visit (Lorg/wso2/ballerinalang/compiler/tree/BLangClassDefinition;)V 461 <appendix> argL0 ; # org/wso2/ballerinalang/compiler/semantics/analyzer/DataflowAnalyzer$$Lambda+0x00000008003b3770
instanceKlass  @bci org/wso2/ballerinalang/compiler/semantics/analyzer/DataflowAnalyzer visit (Lorg/wso2/ballerinalang/compiler/tree/BLangClassDefinition;)V 451 <appendix> member <vmtarget> ; # org/wso2/ballerinalang/compiler/semantics/analyzer/DataflowAnalyzer$$Lambda+0x00000008003b3538
instanceKlass org/wso2/ballerinalang/compiler/semantics/analyzer/DataflowAnalyzer$BranchResult
instanceKlass  @bci org/wso2/ballerinalang/compiler/semantics/analyzer/DataflowAnalyzer visit (Lorg/wso2/ballerinalang/compiler/tree/statements/BLangBlockStmt;)V 15 <appendix> member <vmtarget> ; # org/wso2/ballerinalang/compiler/semantics/analyzer/DataflowAnalyzer$$Lambda+0x00000008003b3110
instanceKlass  @bci org/wso2/ballerinalang/compiler/semantics/analyzer/DataflowAnalyzer visit (Lorg/wso2/ballerinalang/compiler/tree/expressions/BLangTypeInit;)V 5 <appendix> member <vmtarget> ; # org/wso2/ballerinalang/compiler/semantics/analyzer/DataflowAnalyzer$$Lambda+0x00000008003b2ee8
instanceKlass  @bci org/wso2/ballerinalang/compiler/semantics/analyzer/DataflowAnalyzer visit (Lorg/wso2/ballerinalang/compiler/tree/BLangFunction;)V 66 <appendix> member <vmtarget> ; # org/wso2/ballerinalang/compiler/semantics/analyzer/DataflowAnalyzer$$Lambda+0x00000008003b2cc0
instanceKlass  @bci org/wso2/ballerinalang/compiler/semantics/analyzer/DataflowAnalyzer visit (Lorg/wso2/ballerinalang/compiler/tree/BLangFunction;)V 50 <appendix> member <vmtarget> ; # org/wso2/ballerinalang/compiler/semantics/analyzer/DataflowAnalyzer$$Lambda+0x00000008003b2a98
instanceKlass  @bci org/wso2/ballerinalang/compiler/semantics/analyzer/DataflowAnalyzer visit (Lorg/wso2/ballerinalang/compiler/tree/BLangClassDefinition;)V 188 <appendix> member <vmtarget> ; # org/wso2/ballerinalang/compiler/semantics/analyzer/DataflowAnalyzer$$Lambda+0x00000008003b2870
instanceKlass  @bci org/wso2/ballerinalang/compiler/semantics/analyzer/DataflowAnalyzer visit (Lorg/wso2/ballerinalang/compiler/tree/BLangClassDefinition;)V 173 <appendix> member <vmtarget> ; # org/wso2/ballerinalang/compiler/semantics/analyzer/DataflowAnalyzer$$Lambda+0x00000008003b2228
instanceKlass  @bci org/wso2/ballerinalang/compiler/semantics/analyzer/DataflowAnalyzer visit (Lorg/wso2/ballerinalang/compiler/tree/types/BLangUnionTypeNode;)V 5 <appendix> member <vmtarget> ; # org/wso2/ballerinalang/compiler/semantics/analyzer/DataflowAnalyzer$$Lambda+0x00000008003b2000
instanceKlass  @bci org/wso2/ballerinalang/compiler/semantics/analyzer/DataflowAnalyzer visit (Lorg/wso2/ballerinalang/compiler/tree/types/BLangRecordTypeNode;)V 142 <appendix> member <vmtarget> ; # org/wso2/ballerinalang/compiler/semantics/analyzer/DataflowAnalyzer$$Lambda+0x00000008003b7dd8
instanceKlass  @bci org/wso2/ballerinalang/compiler/semantics/analyzer/DataflowAnalyzer visit (Lorg/wso2/ballerinalang/compiler/tree/BLangTypeDefinition;)V 41 <appendix> member <vmtarget> ; # org/wso2/ballerinalang/compiler/semantics/analyzer/DataflowAnalyzer$$Lambda+0x00000008003b7bb0
instanceKlass  @bci org/wso2/ballerinalang/compiler/semantics/analyzer/DataflowAnalyzer visit (Lorg/wso2/ballerinalang/compiler/tree/expressions/BLangInvocation;)V 173 <appendix> member <vmtarget> ; # org/wso2/ballerinalang/compiler/semantics/analyzer/DataflowAnalyzer$$Lambda+0x00000008003b7988
instanceKlass  @bci org/wso2/ballerinalang/compiler/semantics/analyzer/DataflowAnalyzer visit (Lorg/wso2/ballerinalang/compiler/tree/expressions/BLangInvocation;)V 158 <appendix> member <vmtarget> ; # org/wso2/ballerinalang/compiler/semantics/analyzer/DataflowAnalyzer$$Lambda+0x00000008003b7760
instanceKlass  @bci org/wso2/ballerinalang/compiler/semantics/analyzer/DataflowAnalyzer visit (Lorg/wso2/ballerinalang/compiler/tree/expressions/BLangInvocation;)V 33 <appendix> argL0 ; # org/wso2/ballerinalang/compiler/semantics/analyzer/DataflowAnalyzer$$Lambda+0x00000008003b7530
instanceKlass  @bci org/wso2/ballerinalang/compiler/semantics/analyzer/DataflowAnalyzer analyzeModuleInitFunc (Lorg/wso2/ballerinalang/compiler/tree/BLangFunction;)V 50 <appendix> member <vmtarget> ; # org/wso2/ballerinalang/compiler/semantics/analyzer/DataflowAnalyzer$$Lambda+0x00000008003b7308
instanceKlass  @bci org/wso2/ballerinalang/compiler/semantics/analyzer/DataflowAnalyzer addFunctionToGlobalVarDependency (Lorg/wso2/ballerinalang/compiler/semantics/model/symbols/BSymbol;Lorg/wso2/ballerinalang/compiler/semantics/model/symbols/BSymbol;)V 41 <appendix> argL0 ; # org/wso2/ballerinalang/compiler/semantics/analyzer/DataflowAnalyzer$$Lambda+0x00000008003b70d8
instanceKlass  @bci org/wso2/ballerinalang/compiler/semantics/analyzer/DataflowAnalyzer addDependency (Lorg/wso2/ballerinalang/compiler/semantics/model/symbols/BSymbol;Lorg/wso2/ballerinalang/compiler/semantics/model/symbols/BSymbol;)V 25 <appendix> argL0 ; # org/wso2/ballerinalang/compiler/semantics/analyzer/DataflowAnalyzer$$Lambda+0x00000008003b6ea8
instanceKlass org/wso2/ballerinalang/compiler/semantics/analyzer/DataflowAnalyzer$1
instanceKlass  @bci org/wso2/ballerinalang/compiler/semantics/analyzer/DataflowAnalyzer addNodesToSortedNodeList (Lorg/wso2/ballerinalang/compiler/tree/BLangPackage;Ljava/util/List;)V 5 <appendix> member <vmtarget> ; # org/wso2/ballerinalang/compiler/semantics/analyzer/DataflowAnalyzer$$Lambda+0x00000008003b6a88
instanceKlass  @bci org/wso2/ballerinalang/compiler/semantics/analyzer/CodeAnalyzer visit (Lorg/wso2/ballerinalang/compiler/tree/BLangPackage;Lorg/wso2/ballerinalang/compiler/semantics/analyzer/CodeAnalyzer$AnalyzerData;)V 67 <appendix> member <vmtarget> ; # org/wso2/ballerinalang/compiler/semantics/analyzer/CodeAnalyzer$$Lambda+0x00000008003b6860
instanceKlass  @bci org/wso2/ballerinalang/compiler/semantics/analyzer/CodeAnalyzer getConstValueFromFiniteType (Lorg/wso2/ballerinalang/compiler/semantics/model/types/BFiniteType;)Ljava/lang/Object; 9 <appendix> argL0 ; # org/wso2/ballerinalang/compiler/semantics/analyzer/CodeAnalyzer$$Lambda+0x00000008003b6630
instanceKlass  @bci org/wso2/ballerinalang/compiler/semantics/analyzer/CodeAnalyzer visit (Lorg/wso2/ballerinalang/compiler/tree/expressions/BLangTypeConversionExpr;Lorg/wso2/ballerinalang/compiler/semantics/analyzer/CodeAnalyzer$AnalyzerData;)V 15 <appendix> member <vmtarget> ; # org/wso2/ballerinalang/compiler/semantics/analyzer/CodeAnalyzer$$Lambda+0x00000008003b6408
instanceKlass  @bci org/wso2/ballerinalang/compiler/semantics/analyzer/CodeAnalyzer visit (Lorg/wso2/ballerinalang/compiler/tree/types/BLangTupleTypeNode;Lorg/wso2/ballerinalang/compiler/semantics/analyzer/CodeAnalyzer$AnalyzerData;)V 6 <appendix> member <vmtarget> ; # org/wso2/ballerinalang/compiler/semantics/analyzer/CodeAnalyzer$$Lambda+0x00000008003b61e0
instanceKlass  @bci org/wso2/ballerinalang/compiler/semantics/analyzer/CodeAnalyzer visit (Lorg/wso2/ballerinalang/compiler/tree/statements/BLangLock;Lorg/wso2/ballerinalang/compiler/semantics/analyzer/CodeAnalyzer$AnalyzerData;)V 48 <appendix> member <vmtarget> ; # org/wso2/ballerinalang/compiler/semantics/analyzer/CodeAnalyzer$$Lambda+0x00000008003b5fb8
instanceKlass  @bci org/wso2/ballerinalang/compiler/semantics/analyzer/CodeAnalyzer visit (Lorg/wso2/ballerinalang/compiler/tree/BLangClassDefinition;Lorg/wso2/ballerinalang/compiler/semantics/analyzer/CodeAnalyzer$AnalyzerData;)V 168 <appendix> member <vmtarget> ; # org/wso2/ballerinalang/compiler/semantics/analyzer/CodeAnalyzer$$Lambda+0x00000008003b5d90
instanceKlass  @bci org/wso2/ballerinalang/compiler/semantics/analyzer/CodeAnalyzer visit (Lorg/wso2/ballerinalang/compiler/tree/BLangFunction;Lorg/wso2/ballerinalang/compiler/semantics/analyzer/CodeAnalyzer$AnalyzerData;)V 248 <appendix> member <vmtarget> ; # org/wso2/ballerinalang/compiler/semantics/analyzer/CodeAnalyzer$$Lambda+0x00000008003b5b68
instanceKlass  @bci org/wso2/ballerinalang/compiler/semantics/analyzer/CodeAnalyzer$WorkerActionSystem everyoneDone ()Z 9 <appendix> argL0 ; # org/wso2/ballerinalang/compiler/semantics/analyzer/CodeAnalyzer$WorkerActionSystem$$Lambda+0x00000008003b5928
instanceKlass org/wso2/ballerinalang/compiler/semantics/analyzer/ReachabilityAnalyzer$PotentiallyInvalidAssignmentInfo
instanceKlass org/wso2/ballerinalang/compiler/semantics/analyzer/ReachabilityAnalyzer$1
instanceKlass org/wso2/ballerinalang/compiler/semantics/analyzer/ReachabilityAnalyzer$AnalyzerData
instanceKlass  @bci org/wso2/ballerinalang/compiler/semantics/analyzer/CodeAnalyzer visit (Lorg/wso2/ballerinalang/compiler/tree/statements/BLangBlockStmt;Lorg/wso2/ballerinalang/compiler/semantics/analyzer/CodeAnalyzer$AnalyzerData;)V 54 <appendix> member <vmtarget> ; # org/wso2/ballerinalang/compiler/semantics/analyzer/CodeAnalyzer$$Lambda+0x00000008003b5108
instanceKlass org/wso2/ballerinalang/compiler/semantics/analyzer/CodeAnalyzer$WorkerActionStateMachine
instanceKlass org/wso2/ballerinalang/compiler/semantics/analyzer/CodeAnalyzer$WorkerActionSystem
instanceKlass  @bci org/wso2/ballerinalang/compiler/semantics/analyzer/CodeAnalyzer visit (Lorg/wso2/ballerinalang/compiler/tree/BLangFunction;Lorg/wso2/ballerinalang/compiler/semantics/analyzer/CodeAnalyzer$AnalyzerData;)V 60 <appendix> member <vmtarget> ; # org/wso2/ballerinalang/compiler/semantics/analyzer/CodeAnalyzer$$Lambda+0x00000008003b4a80
instanceKlass  @bci java/util/Comparator comparingInt (Ljava/util/function/ToIntFunction;)Ljava/util/Comparator; 6 <appendix> member <vmtarget> ; # java/util/Comparator$$Lambda+0x0000000800368df8
instanceKlass  @bci org/wso2/ballerinalang/compiler/semantics/analyzer/CodeAnalyzer visit (Lorg/wso2/ballerinalang/compiler/tree/BLangClassDefinition;Lorg/wso2/ballerinalang/compiler/semantics/analyzer/CodeAnalyzer$AnalyzerData;)V 109 <appendix> argL0 ; # org/wso2/ballerinalang/compiler/semantics/analyzer/CodeAnalyzer$$Lambda+0x00000008003b4870
instanceKlass java/util/function/ToIntFunction
instanceKlass  @bci org/wso2/ballerinalang/compiler/semantics/analyzer/CodeAnalyzer visit (Lorg/wso2/ballerinalang/compiler/tree/BLangTypeDefinition;Lorg/wso2/ballerinalang/compiler/semantics/analyzer/CodeAnalyzer$AnalyzerData;)V 15 <appendix> member <vmtarget> ; # org/wso2/ballerinalang/compiler/semantics/analyzer/CodeAnalyzer$$Lambda+0x00000008003b4648
instanceKlass org/wso2/ballerinalang/compiler/semantics/analyzer/CodeAnalyzer$2
instanceKlass  @bci org/wso2/ballerinalang/compiler/semantics/analyzer/CodeAnalyzer visit (Lorg/wso2/ballerinalang/compiler/tree/types/BLangUnionTypeNode;Lorg/wso2/ballerinalang/compiler/semantics/analyzer/CodeAnalyzer$AnalyzerData;)V 6 <appendix> member <vmtarget> ; # org/wso2/ballerinalang/compiler/semantics/analyzer/CodeAnalyzer$$Lambda+0x00000008003b4228
instanceKlass  @bci org/wso2/ballerinalang/compiler/semantics/analyzer/CodeAnalyzer visit (Lorg/wso2/ballerinalang/compiler/tree/BLangSimpleVariable;Lorg/wso2/ballerinalang/compiler/semantics/analyzer/CodeAnalyzer$AnalyzerData;)V 181 <appendix> member <vmtarget> ; # org/wso2/ballerinalang/compiler/semantics/analyzer/CodeAnalyzer$$Lambda+0x00000008003b4000
instanceKlass  @bci org/wso2/ballerinalang/compiler/semantics/analyzer/CodeAnalyzer visit (Lorg/wso2/ballerinalang/compiler/tree/expressions/BLangConstant;Lorg/wso2/ballerinalang/compiler/semantics/analyzer/CodeAnalyzer$AnalyzerData;)V 47 <appendix> member <vmtarget> ; # org/wso2/ballerinalang/compiler/semantics/analyzer/CodeAnalyzer$$Lambda+0x00000008003afcd0
instanceKlass org/wso2/ballerinalang/compiler/semantics/analyzer/CodeAnalyzer$AnalyzerData
instanceKlass  @bci org/wso2/ballerinalang/compiler/semantics/analyzer/SemanticAnalyzer visit (Lorg/wso2/ballerinalang/compiler/tree/BLangPackage;Lorg/wso2/ballerinalang/compiler/semantics/analyzer/SemanticAnalyzer$AnalyzerData;)V 437 <appendix> member <vmtarget> ; # org/wso2/ballerinalang/compiler/semantics/analyzer/SemanticAnalyzer$$Lambda+0x00000008003af488
instanceKlass  @bci org/wso2/ballerinalang/compiler/semantics/analyzer/TypeChecker checkRecordIndexBasedAccess (Lorg/wso2/ballerinalang/compiler/tree/expressions/BLangIndexBasedAccess;Lorg/wso2/ballerinalang/compiler/semantics/model/types/BRecordType;Lorg/wso2/ballerinalang/compiler/semantics/model/types/BType;Lorg/wso2/ballerinalang/compiler/semantics/analyzer/TypeChecker$AnalyzerData;)Lorg/wso2/ballerinalang/compiler/semantics/model/types/BType; 242 <appendix> argL0 ; # org/wso2/ballerinalang/compiler/semantics/analyzer/TypeChecker$$Lambda+0x00000008003af278
instanceKlass  @bci org/wso2/ballerinalang/compiler/semantics/analyzer/TypeChecker checkRecordIndexBasedAccess (Lorg/wso2/ballerinalang/compiler/tree/expressions/BLangIndexBasedAccess;Lorg/wso2/ballerinalang/compiler/semantics/model/types/BRecordType;Lorg/wso2/ballerinalang/compiler/semantics/model/types/BType;Lorg/wso2/ballerinalang/compiler/semantics/analyzer/TypeChecker$AnalyzerData;)Lorg/wso2/ballerinalang/compiler/semantics/model/types/BType; 232 <appendix> argL0 ; # org/wso2/ballerinalang/compiler/semantics/analyzer/TypeChecker$$Lambda+0x00000008003af048
instanceKlass  @bci io/ballerina/types/typeops/XmlOps xmlBddEmpty (Lio/ballerina/types/Context;Lio/ballerina/types/Bdd;)Z 4 <appendix> argL0 ; # io/ballerina/types/typeops/XmlOps$$Lambda+0x00000008003aee38
instanceKlass  @bci io/ballerina/types/typeops/FunctionOps lambda$isEmpty$0 (Lio/ballerina/types/Context;Lio/ballerina/types/Bdd;)Ljava/lang/Boolean; 4 <appendix> argL0 ; # io/ballerina/types/typeops/FunctionOps$$Lambda+0x00000008003aec28
instanceKlass  @bci io/ballerina/types/typeops/FunctionOps isEmpty (Lio/ballerina/types/Context;Lio/ballerina/types/SubtypeData;)Z 5 <appendix> argL0 ; # io/ballerina/types/typeops/FunctionOps$$Lambda+0x00000008003ae9f0
instanceKlass  @bci io/ballerina/types/typeops/ObjectOps objectBddIsEmpty (Lio/ballerina/types/Context;Lio/ballerina/types/Bdd;)Z 4 <appendix> argL0 ; # io/ballerina/types/typeops/ObjectOps$$Lambda+0x00000008003ae7e0
instanceKlass  @bci org/wso2/ballerinalang/compiler/semantics/analyzer/SemanticAnalyzer validateAnnotationAttachmentCount (Ljava/util/List;)V 56 <appendix> argL0 ; # org/wso2/ballerinalang/compiler/semantics/analyzer/SemanticAnalyzer$$Lambda+0x00000008003ae5c0
instanceKlass  @bci org/wso2/ballerinalang/compiler/semantics/analyzer/ConstantValueResolver constructBLangConstantValueWithExactType (Lorg/wso2/ballerinalang/compiler/tree/expressions/BLangExpression;Lorg/wso2/ballerinalang/compiler/semantics/model/symbols/BConstantSymbol;Lorg/wso2/ballerinalang/compiler/semantics/model/SymbolEnv;Ljava/util/Deque;Z)Lorg/wso2/ballerinalang/compiler/tree/BLangConstantValue; 67 <appendix> argL0 ; # org/wso2/ballerinalang/compiler/semantics/analyzer/ConstantValueResolver$$Lambda+0x00000008003ae3a0
instanceKlass org/wso2/ballerinalang/compiler/semantics/analyzer/ConstantValueResolver$1
instanceKlass  @bci org/wso2/ballerinalang/compiler/semantics/analyzer/SemanticAnalyzer checkAnnotConstantExpression (Lorg/wso2/ballerinalang/compiler/tree/expressions/BLangExpression;)V 125 <appendix> member <vmtarget> ; # org/wso2/ballerinalang/compiler/semantics/analyzer/SemanticAnalyzer$$Lambda+0x00000008003adf80
instanceKlass  @bci org/wso2/ballerinalang/compiler/semantics/analyzer/SemanticAnalyzer visit (Lorg/wso2/ballerinalang/compiler/tree/BLangSimpleVariable;Lorg/wso2/ballerinalang/compiler/semantics/analyzer/SemanticAnalyzer$AnalyzerData;)V 323 <adapter> ; # java/lang/invoke/LambdaForm$MH+0x00000008003b0800
instanceKlass  @bci org/wso2/ballerinalang/compiler/semantics/analyzer/SemanticAnalyzer visit (Lorg/wso2/ballerinalang/compiler/tree/BLangSimpleVariable;Lorg/wso2/ballerinalang/compiler/semantics/analyzer/SemanticAnalyzer$AnalyzerData;)V 323 <appendix> member <vmtarget> ; # org/wso2/ballerinalang/compiler/semantics/analyzer/SemanticAnalyzer$$Lambda+0x00000008003add58
instanceKlass  @cpi org/wso2/ballerinalang/compiler/semantics/analyzer/SemanticAnalyzer 4881 form vmentry <vmtarget> ; # java/lang/invoke/LambdaForm$DMH+0x00000008003b0400
instanceKlass java/util/stream/Sink$ChainedInt
instanceKlass java/util/stream/Sink$OfInt
instanceKlass java/util/function/IntConsumer
instanceKlass  @bci io/ballerina/types/typeops/ListOps listIntersectWith (Lio/ballerina/types/Env;Lio/ballerina/types/FixedLengthArray;Lio/ballerina/types/CellSemType;Lio/ballerina/types/FixedLengthArray;Lio/ballerina/types/CellSemType;)Lio/ballerina/types/typeops/TwoTuple; 38 <appendix> member <vmtarget> ; # io/ballerina/types/typeops/ListOps$$Lambda+0x00000008003adb40
instanceKlass  @cpi io/ballerina/types/typeops/ListOps 480 form vmentry <vmtarget> ; # java/lang/invoke/LambdaForm$DMH+0x00000008003b0000
instanceKlass java/util/stream/Streams$RangeIntSpliterator
instanceKlass  @bci org/wso2/ballerinalang/compiler/semantics/model/types/BObjectType$DistinctIdSupplier lambda$get$1 (Ljava/util/Map;Lorg/wso2/ballerinalang/compiler/semantics/model/types/BTypeIdSet$BTypeId;)Ljava/lang/Integer; 3 <appendix> member <vmtarget> ; # org/wso2/ballerinalang/compiler/semantics/model/types/BObjectType$DistinctIdSupplier$$Lambda+0x00000008003ad908
instanceKlass  @bci org/wso2/ballerinalang/compiler/semantics/model/types/BInvokableType isDependentlyTyped (Lorg/wso2/ballerinalang/compiler/semantics/model/types/BType;Ljava/util/Set;)Z 49 <appendix> member <vmtarget> ; # org/wso2/ballerinalang/compiler/semantics/model/types/BInvokableType$$Lambda+0x00000008003ad6c0
instanceKlass  @bci org/wso2/ballerinalang/compiler/semantics/analyzer/SemanticAnalyzer recursivelySetFinalFlag (Lorg/wso2/ballerinalang/compiler/tree/BLangVariable;)V 88 <appendix> member <vmtarget> ; # org/wso2/ballerinalang/compiler/semantics/analyzer/SemanticAnalyzer$$Lambda+0x00000008003ad498
instanceKlass org/wso2/ballerinalang/compiler/semantics/analyzer/SymbolResolver$1
instanceKlass  @bci org/wso2/ballerinalang/compiler/semantics/analyzer/Types getRemainingType (Lorg/wso2/ballerinalang/compiler/semantics/model/types/BFiniteType;Ljava/util/List;)Lorg/wso2/ballerinalang/compiler/semantics/model/types/BType; 201 <appendix> argL0 ; # org/wso2/ballerinalang/compiler/semantics/analyzer/Types$$Lambda+0x00000008003ad090
instanceKlass io/ballerina/types/subtypedata/RangeUnion
instanceKlass  @bci org/wso2/ballerinalang/compiler/semantics/model/types/BTupleType toString ()Ljava/lang/String; 55 <appendix> argL0 ; # org/wso2/ballerinalang/compiler/semantics/model/types/BTupleType$$Lambda+0x00000008003acc60
instanceKlass  @bci org/wso2/ballerinalang/compiler/semantics/analyzer/SemanticAnalyzer visit (Lorg/wso2/ballerinalang/compiler/tree/BLangTupleVariable;Lorg/wso2/ballerinalang/compiler/semantics/analyzer/SemanticAnalyzer$AnalyzerData;)V 175 <appendix> member <vmtarget> ; # org/wso2/ballerinalang/compiler/semantics/analyzer/SemanticAnalyzer$$Lambda+0x00000008003aca38
instanceKlass  @bci org/wso2/ballerinalang/compiler/semantics/analyzer/TypeChecker setLiteralValueAndGetType (Lorg/wso2/ballerinalang/compiler/tree/expressions/BLangLiteral;Lorg/wso2/ballerinalang/compiler/semantics/model/types/BType;Lorg/wso2/ballerinalang/compiler/semantics/analyzer/TypeChecker$AnalyzerData;)Lorg/wso2/ballerinalang/compiler/semantics/model/types/BType; 477 <appendix> member <vmtarget> ; # org/wso2/ballerinalang/compiler/semantics/analyzer/TypeChecker$$Lambda+0x00000008003ac7f0
instanceKlass java/text/AttributedCharacterIterator$Attribute
instanceKlass org/wso2/ballerinalang/compiler/semantics/analyzer/TypeChecker$TypeSymbolPair
instanceKlass org/wso2/ballerinalang/compiler/semantics/analyzer/ConditionResolver$1
instanceKlass org/wso2/ballerinalang/compiler/semantics/analyzer/ConditionResolver
instanceKlass org/wso2/ballerinalang/compiler/semantics/model/SymbolEnv$TypeParamEntry
instanceKlass org/wso2/ballerinalang/compiler/semantics/analyzer/TypeParamAnalyzer$FindTypeParamResult
instanceKlass  @bci io/ballerina/types/typeops/ListOps listFormulaIsEmpty (Lio/ballerina/types/Context;Lio/ballerina/types/Conjunction;Lio/ballerina/types/Conjunction;)Z 204 <appendix> argL0 ; # io/ballerina/types/typeops/ListOps$$Lambda+0x00000008003ab5d8
instanceKlass io/ballerina/types/typeops/TwoTuple
instanceKlass java/util/ComparableTimSort
instanceKlass  @bci io/ballerina/types/typeops/ListOps lambda$listSubtypeIsEmpty$0 (Lio/ballerina/types/Context;Lio/ballerina/types/Bdd;)Ljava/lang/Boolean; 4 <appendix> argL0 ; # io/ballerina/types/typeops/ListOps$$Lambda+0x00000008003ab1c8
instanceKlass  @bci io/ballerina/types/typeops/ListOps listSubtypeIsEmpty (Lio/ballerina/types/Context;Lio/ballerina/types/SubtypeData;)Z 5 <appendix> argL0 ; # io/ballerina/types/typeops/ListOps$$Lambda+0x00000008003aaf90
instanceKlass java/util/stream/IntStream
instanceKlass java/lang/StringLatin1$CharsSpliterator
instanceKlass org/wso2/ballerinalang/compiler/semantics/model/types/BType$NarrowedTypes
instanceKlass io/ballerina/types/typeops/MappingPairIterator
instanceKlass io/ballerina/types/typeops/FieldPairs
instanceKlass  @bci io/ballerina/types/typeops/ErrorOps errorBddIsEmpty (Lio/ballerina/types/Context;Lio/ballerina/types/Bdd;)Z 4 <appendix> argL0 ; # io/ballerina/types/typeops/ErrorOps$$Lambda+0x00000008003aa4d8
instanceKlass  @bci org/wso2/ballerinalang/compiler/semantics/analyzer/Types getRemainingType (Lorg/wso2/ballerinalang/compiler/semantics/model/types/BUnionType;Ljava/util/List;)Lorg/wso2/ballerinalang/compiler/semantics/model/types/BType; 44 <appendix> member <vmtarget> ; # org/wso2/ballerinalang/compiler/semantics/analyzer/Types$$Lambda+0x00000008003aa290
instanceKlass org/wso2/ballerinalang/compiler/semantics/analyzer/TypeNarrower$1
instanceKlass  @bci io/ballerina/types/typeops/ErrorOps errorSubtypeIsEmpty (Lio/ballerina/types/Context;Lio/ballerina/types/SubtypeData;)Z 29 <appendix> argL0 ; # io/ballerina/types/typeops/ErrorOps$$Lambda+0x00000008003a9e60
instanceKlass  @bci org/wso2/ballerinalang/compiler/semantics/model/types/BErrorType distinctIdWrapper (Lio/ballerina/types/SemType;)Lio/ballerina/types/SemType; 23 <appendix> argL0 ; # org/wso2/ballerinalang/compiler/semantics/model/types/BErrorType$$Lambda+0x00000008003a9c28
instanceKlass  @bci org/wso2/ballerinalang/compiler/semantics/model/types/BErrorType distinctIdWrapper (Lio/ballerina/types/SemType;)Lio/ballerina/types/SemType; 12 <appendix> argL0 ; # org/wso2/ballerinalang/compiler/semantics/model/types/BErrorType$$Lambda+0x00000008003a99f8
instanceKlass  @bci org/wso2/ballerinalang/compiler/semantics/model/types/BErrorType$DistinctIdSupplier lambda$get$1 (Ljava/util/Map;Lorg/wso2/ballerinalang/compiler/semantics/model/types/BTypeIdSet$BTypeId;)Ljava/lang/Integer; 3 <appendix> member <vmtarget> ; # org/wso2/ballerinalang/compiler/semantics/model/types/BErrorType$DistinctIdSupplier$$Lambda+0x00000008003a97c0
instanceKlass  @bci org/wso2/ballerinalang/compiler/semantics/model/types/BErrorType$DistinctIdSupplier get ()Ljava/util/List; 46 <appendix> member <vmtarget> ; # org/wso2/ballerinalang/compiler/semantics/model/types/BErrorType$DistinctIdSupplier$$Lambda+0x00000008003a9588
instanceKlass io/ballerina/types/Error
instanceKlass  @bci io/ballerina/types/typeops/ObjectOps objectSubTypeIsEmpty (Lio/ballerina/types/Context;Lio/ballerina/types/SubtypeData;)Z 5 <appendix> argL0 ; # io/ballerina/types/typeops/ObjectOps$$Lambda+0x00000008003a9158
instanceKlass  @bci org/wso2/ballerinalang/compiler/semantics/model/types/BObjectType distinctIdWrapper (Lio/ballerina/types/SemType;)Lio/ballerina/types/SemType; 23 <appendix> argL0 ; # org/wso2/ballerinalang/compiler/semantics/model/types/BObjectType$$Lambda+0x00000008003a8f20
instanceKlass  @bci org/wso2/ballerinalang/compiler/semantics/model/types/BObjectType distinctIdWrapper (Lio/ballerina/types/SemType;)Lio/ballerina/types/SemType; 12 <appendix> argL0 ; # org/wso2/ballerinalang/compiler/semantics/model/types/BObjectType$$Lambda+0x00000008003a8cf0
instanceKlass  @bci org/wso2/ballerinalang/compiler/semantics/model/types/BObjectType$DistinctIdSupplier get ()Ljava/util/List; 46 <appendix> member <vmtarget> ; # org/wso2/ballerinalang/compiler/semantics/model/types/BObjectType$DistinctIdSupplier$$Lambda+0x00000008003a8ab8
instanceKlass  @bci io/ballerina/types/definition/ObjectDefinition define (Lio/ballerina/types/Env;Lio/ballerina/types/definition/ObjectQualifiers;Ljava/util/Collection;)Lio/ballerina/types/SemType; 48 <appendix> member <vmtarget> ; # io/ballerina/types/definition/ObjectDefinition$$Lambda+0x00000008003a8880
instanceKlass  @bci org/wso2/ballerinalang/compiler/semantics/model/types/BObjectType semTypeInner ()Lio/ballerina/types/SemType; 207 <appendix> member <vmtarget> ; # org/wso2/ballerinalang/compiler/semantics/model/types/BObjectType$$Lambda+0x00000008003a8658
instanceKlass  @bci org/wso2/ballerinalang/compiler/semantics/analyzer/Types containsTypeParams (Lorg/wso2/ballerinalang/compiler/semantics/model/types/BInvokableType;)Z 9 <appendix> argL0 ; # org/wso2/ballerinalang/compiler/semantics/analyzer/Types$$Lambda+0x00000008003a8000
instanceKlass  @bci org/wso2/ballerinalang/compiler/semantics/model/types/BInvokableType semType ()Lio/ballerina/types/SemType; 130 <appendix> argL0 ; # org/wso2/ballerinalang/compiler/semantics/model/types/BInvokableType$$Lambda+0x00000008003a5c40
instanceKlass io/ballerina/types/definition/FunctionDefinition
instanceKlass  @bci org/wso2/ballerinalang/compiler/semantics/model/types/BObjectType semTypeInner ()Lio/ballerina/types/SemType; 137 <appendix> member <vmtarget> ; # org/wso2/ballerinalang/compiler/semantics/model/types/BObjectType$$Lambda+0x00000008003a5800
instanceKlass io/ballerina/types/definition/Member$MemberTag
instanceKlass io/ballerina/types/definition/ObjectDefinition
instanceKlass org/wso2/ballerinalang/compiler/semantics/analyzer/TypeChecker$12
instanceKlass  @bci org/wso2/ballerinalang/compiler/semantics/analyzer/SemanticAnalyzer visit (Lorg/wso2/ballerinalang/compiler/tree/BLangFunction;Lorg/wso2/ballerinalang/compiler/semantics/analyzer/SemanticAnalyzer$AnalyzerData;)V 157 <appendix> member <vmtarget> ; # org/wso2/ballerinalang/compiler/semantics/analyzer/SemanticAnalyzer$$Lambda+0x00000008003a6448
instanceKlass  @bci org/wso2/ballerinalang/compiler/semantics/analyzer/SemanticAnalyzer visit (Lorg/wso2/ballerinalang/compiler/tree/BLangFunction;Lorg/wso2/ballerinalang/compiler/semantics/analyzer/SemanticAnalyzer$AnalyzerData;)V 87 <appendix> member <vmtarget> ; # org/wso2/ballerinalang/compiler/semantics/analyzer/SemanticAnalyzer$$Lambda+0x00000008003a6220
instanceKlass  @bci org/wso2/ballerinalang/compiler/semantics/analyzer/SemanticAnalyzer visit (Lorg/wso2/ballerinalang/compiler/tree/BLangFunction;Lorg/wso2/ballerinalang/compiler/semantics/analyzer/SemanticAnalyzer$AnalyzerData;)V 26 <appendix> argL0 ; # org/wso2/ballerinalang/compiler/semantics/analyzer/SemanticAnalyzer$$Lambda+0x00000008003a6000
instanceKlass  @bci org/wso2/ballerinalang/compiler/semantics/analyzer/SemanticAnalyzer visit (Lorg/wso2/ballerinalang/compiler/tree/BLangClassDefinition;Lorg/wso2/ballerinalang/compiler/semantics/analyzer/SemanticAnalyzer$AnalyzerData;)V 61 <appendix> member <vmtarget> ; # org/wso2/ballerinalang/compiler/semantics/analyzer/SemanticAnalyzer$$Lambda+0x00000008003a3c88
instanceKlass io/ballerina/types/Common$1
instanceKlass  @bci org/wso2/ballerinalang/compiler/semantics/analyzer/SemanticAnalyzer visit (Lorg/wso2/ballerinalang/compiler/tree/BLangTypeDefinition;Lorg/wso2/ballerinalang/compiler/semantics/analyzer/SemanticAnalyzer$AnalyzerData;)V 25 <appendix> member <vmtarget> ; # org/wso2/ballerinalang/compiler/semantics/analyzer/SemanticAnalyzer$$Lambda+0x00000008003a3868
instanceKlass io/ballerina/types/typeops/CellOps$1
instanceKlass  @bci io/ballerina/types/typeops/CellOps cellFormulaIsEmpty (Lio/ballerina/types/Context;Lio/ballerina/types/SubtypeData;)Z 7 <appendix> argL0 ; # io/ballerina/types/typeops/CellOps$$Lambda+0x00000008003a3460
# instanceKlass java/lang/invoke/LambdaForm$MH+0x00000008003a5400
# instanceKlass java/lang/invoke/LambdaForm$MH+0x00000008003a5000
# instanceKlass java/lang/invoke/LambdaForm$MH+0x00000008003a4c00
# instanceKlass java/lang/invoke/LambdaForm$MH+0x00000008003a4800
# instanceKlass java/lang/invoke/LambdaForm$MH+0x00000008003a4400
instanceKlass  @bci java/lang/invoke/BootstrapMethodInvoker invoke (Ljava/lang/Class;Ljava/lang/invoke/MethodHandle;Ljava/lang/String;Ljava/lang/Object;Ljava/lang/Object;Ljava/lang/Class;)Ljava/lang/Object; 930 <adapter> ; # java/lang/invoke/LambdaForm$MH+0x00000008003a4000
instanceKlass java/lang/invoke/MethodHandleImpl$CountingWrapper$1
instanceKlass  @bci org/wso2/ballerinalang/compiler/semantics/analyzer/TypeChecker visit (Lorg/wso2/ballerinalang/compiler/tree/expressions/BLangSimpleVarRef;Lorg/wso2/ballerinalang/compiler/semantics/analyzer/TypeChecker$AnalyzerData;)V 646 <appendix> member <vmtarget> ; # org/wso2/ballerinalang/compiler/semantics/analyzer/TypeChecker$$Lambda+0x00000008003a3018
instanceKlass  @bci org/wso2/ballerinalang/compiler/semantics/analyzer/Types getAllTypes (Lorg/wso2/ballerinalang/compiler/semantics/model/types/BType;Z)Ljava/util/List; 90 <appendix> member <vmtarget> ; # org/wso2/ballerinalang/compiler/semantics/analyzer/Types$$Lambda+0x00000008003a2df0
instanceKlass  @bci io/ballerina/types/typeops/MappingOps lambda$mappingSubtypeIsEmpty$0 (Lio/ballerina/types/Context;Lio/ballerina/types/Bdd;)Ljava/lang/Boolean; 4 <appendix> argL0 ; # io/ballerina/types/typeops/MappingOps$$Lambda+0x00000008003a2be0
instanceKlass io/ballerina/types/Conjunction
instanceKlass io/ballerina/types/Common$BddPredicate
instanceKlass io/ballerina/types/BddMemo
instanceKlass  @bci io/ballerina/types/typeops/MappingOps mappingSubtypeIsEmpty (Lio/ballerina/types/Context;Lio/ballerina/types/SubtypeData;)Z 5 <appendix> argL0 ; # io/ballerina/types/typeops/MappingOps$$Lambda+0x00000008003a1f88
instanceKlass io/ballerina/types/Common$BddIsEmptyPredicate
instanceKlass org/wso2/ballerinalang/compiler/semantics/analyzer/SemanticAnalyzer$3
instanceKlass org/wso2/ballerinalang/compiler/semantics/analyzer/QueryTypeChecker$AnalyzerData
instanceKlass org/wso2/ballerinalang/compiler/semantics/analyzer/TypeChecker$AnalyzerData
instanceKlass  @bci org/wso2/ballerinalang/compiler/semantics/analyzer/SemanticAnalyzer validateAnnotationAttachmentCount (Ljava/util/List;)V 73 <appendix> member <vmtarget> ; # org/wso2/ballerinalang/compiler/semantics/analyzer/SemanticAnalyzer$$Lambda+0x00000008003a1578
instanceKlass org/wso2/ballerinalang/compiler/semantics/analyzer/ConstantAnalyzer$1
instanceKlass  @bci org/wso2/ballerinalang/compiler/semantics/analyzer/SemanticAnalyzer visit (Lorg/wso2/ballerinalang/compiler/tree/expressions/BLangConstant;Lorg/wso2/ballerinalang/compiler/semantics/analyzer/SemanticAnalyzer$AnalyzerData;)V 147 <appendix> member <vmtarget> ; # org/wso2/ballerinalang/compiler/semantics/analyzer/SemanticAnalyzer$$Lambda+0x00000008003a1158
instanceKlass org/wso2/ballerinalang/compiler/semantics/analyzer/SemanticAnalyzer$AnalyzerData
instanceKlass  @bci org/wso2/ballerinalang/compiler/semantics/analyzer/SymbolEnter visit (Lorg/wso2/ballerinalang/compiler/tree/BLangPackage;)V 195 <appendix> member <vmtarget> ; # org/wso2/ballerinalang/compiler/semantics/analyzer/SymbolEnter$$Lambda+0x00000008003a0f30
instanceKlass  @bci org/wso2/ballerinalang/compiler/semantics/analyzer/SymbolEnter defineConstructs (Lorg/wso2/ballerinalang/compiler/tree/BLangPackage;Lorg/wso2/ballerinalang/compiler/semantics/model/SymbolEnv;)V 577 <appendix> member <vmtarget> ; # org/wso2/ballerinalang/compiler/semantics/analyzer/SymbolEnter$$Lambda+0x00000008003a0d08
instanceKlass  @bci org/wso2/ballerinalang/compiler/semantics/analyzer/SymbolResolver transform (Lorg/wso2/ballerinalang/compiler/tree/types/BLangErrorType;Lorg/wso2/ballerinalang/compiler/semantics/analyzer/SymbolResolver$AnalyzerData;)Lorg/wso2/ballerinalang/compiler/semantics/model/types/BType; 9 <appendix> member <vmtarget> ; # org/wso2/ballerinalang/compiler/semantics/analyzer/SymbolResolver$$Lambda+0x00000008003a0ad0
instanceKlass  @bci org/wso2/ballerinalang/compiler/semantics/model/types/BTupleType getTupleTypes ()Ljava/util/List; 32 <appendix> member <vmtarget> ; # org/wso2/ballerinalang/compiler/semantics/model/types/BTupleType$$Lambda+0x00000008003a08a8
instanceKlass  @bci org/wso2/ballerinalang/compiler/semantics/analyzer/SymbolResolver transform (Lorg/wso2/ballerinalang/compiler/tree/types/BLangTupleTypeNode;Lorg/wso2/ballerinalang/compiler/semantics/analyzer/SymbolResolver$AnalyzerData;)Lorg/wso2/ballerinalang/compiler/semantics/model/types/BType; 233 <appendix> member <vmtarget> ; # org/wso2/ballerinalang/compiler/semantics/analyzer/SymbolResolver$$Lambda+0x00000008003a0680
instanceKlass  @bci org/wso2/ballerinalang/compiler/semantics/analyzer/SymbolEnter defineConstructs (Lorg/wso2/ballerinalang/compiler/tree/BLangPackage;Lorg/wso2/ballerinalang/compiler/semantics/model/SymbolEnv;)V 502 <appendix> member <vmtarget> ; # org/wso2/ballerinalang/compiler/semantics/analyzer/SymbolEnter$$Lambda+0x00000008003a0458
instanceKlass  @bci org/wso2/ballerinalang/compiler/semantics/analyzer/SymbolEnter defineFunctionsOfClassDef (Lorg/wso2/ballerinalang/compiler/semantics/model/SymbolEnv;Lorg/wso2/ballerinalang/compiler/tree/BLangClassDefinition;)V 73 <appendix> member <vmtarget> ; # org/wso2/ballerinalang/compiler/semantics/analyzer/SymbolEnter$$Lambda+0x00000008003a0230
instanceKlass  @bci org/wso2/ballerinalang/compiler/semantics/analyzer/SymbolEnter defineInvokableSymbolParams (Lorg/wso2/ballerinalang/compiler/tree/BLangInvokableNode;Lorg/wso2/ballerinalang/compiler/semantics/model/symbols/BInvokableSymbol;Lorg/wso2/ballerinalang/compiler/semantics/model/SymbolEnv;)V 89 <appendix> argL0 ; # org/wso2/ballerinalang/compiler/semantics/analyzer/SymbolEnter$$Lambda+0x00000008003a0000
instanceKlass  @bci org/wso2/ballerinalang/compiler/semantics/analyzer/SymbolEnter getDetailType (Lorg/wso2/ballerinalang/compiler/semantics/model/SymbolEnv;Lorg/wso2/ballerinalang/compiler/tree/types/BLangErrorType;)Lorg/wso2/ballerinalang/compiler/semantics/model/types/BType; 88 <appendix> member <vmtarget> ; # org/wso2/ballerinalang/compiler/semantics/analyzer/SymbolEnter$$Lambda+0x000000080039fbb0
instanceKlass  @bci org/wso2/ballerinalang/compiler/semantics/analyzer/SymbolEnter getTypePrecedenceComparator ()Ljava/util/Comparator; 0 <appendix> argL0 ; # org/wso2/ballerinalang/compiler/semantics/analyzer/SymbolEnter$$Lambda+0x000000080039f928
instanceKlass io/ballerina/runtime/api/flags/SymbolFlags
instanceKlass org/wso2/ballerinalang/compiler/desugar/ASTBuilderUtil
instanceKlass org/wso2/ballerinalang/compiler/util/TypeDefBuilderHelper
instanceKlass  @bci org/wso2/ballerinalang/compiler/util/ImmutableTypeCloner getSymbolFQN (Lorg/wso2/ballerinalang/compiler/semantics/model/symbols/BTypeSymbol;)Ljava/lang/String; 83 <appendix> form vmentry <vmtarget> ; # java/lang/invoke/LambdaForm$MH+0x000000080039dc00
# instanceKlass java/lang/invoke/LambdaForm$MH+0x000000080039d800
# instanceKlass java/lang/invoke/LambdaForm$MH+0x000000080039d400
# instanceKlass java/lang/invoke/LambdaForm$MH+0x000000080039d000
# instanceKlass java/lang/invoke/LambdaForm$MH+0x000000080039cc00
# instanceKlass java/lang/invoke/LambdaForm$MH+0x000000080039c800
# instanceKlass java/lang/invoke/LambdaForm$MH+0x000000080039c400
instanceKlass org/wso2/ballerinalang/compiler/semantics/analyzer/Types$IntersectionContext
instanceKlass  @bci org/wso2/ballerinalang/compiler/semantics/analyzer/SymbolEnter resolveIncludedFields (Lorg/wso2/ballerinalang/compiler/tree/types/BLangStructureTypeNode;)V 128 <appendix> member <vmtarget> ; # org/wso2/ballerinalang/compiler/semantics/analyzer/SymbolEnter$$Lambda+0x000000080039e830
instanceKlass org/wso2/ballerinalang/compiler/semantics/analyzer/SymbolResolver$AnalyzerData
instanceKlass org/wso2/ballerinalang/compiler/semantics/analyzer/TypeResolver$ResolverData
instanceKlass  @bci org/wso2/ballerinalang/compiler/tree/BLangMarkdownDocumentation getDocumentation ()Ljava/lang/String; 7 <appendix> argL0 ; # org/wso2/ballerinalang/compiler/tree/BLangMarkdownDocumentation$$Lambda+0x000000080039e200
instanceKlass java/util/LinkedList$LLSpliterator
instanceKlass io/ballerina/types/Value
instanceKlass org/wso2/ballerinalang/compiler/util/TypeTags
instanceKlass  @bci org/wso2/ballerinalang/compiler/semantics/analyzer/TypeResolver defineTypeDefinition (Lorg/wso2/ballerinalang/compiler/tree/BLangTypeDefinition;Lorg/wso2/ballerinalang/compiler/semantics/model/types/BType;Lorg/wso2/ballerinalang/compiler/semantics/model/SymbolEnv;)Lorg/wso2/ballerinalang/compiler/semantics/model/types/BType; 737 <appendix> argL0 ; # org/wso2/ballerinalang/compiler/semantics/analyzer/TypeResolver$$Lambda+0x000000080039b640
instanceKlass org/wso2/ballerinalang/compiler/semantics/analyzer/SemTypeHelper$1
instanceKlass org/wso2/ballerinalang/compiler/semantics/analyzer/SemTypeHelper
instanceKlass org/wso2/ballerinalang/compiler/semantics/analyzer/ConstantTypeChecker$1
instanceKlass org/wso2/ballerinalang/compiler/semantics/analyzer/Types$CommonAnalyzerData
instanceKlass org/wso2/ballerinalang/compiler/semantics/analyzer/ConstantTypeChecker$AnalyzerData
instanceKlass org/wso2/ballerinalang/compiler/semantics/analyzer/TypeResolver$1
instanceKlass org/wso2/ballerinalang/compiler/semantics/analyzer/SymbolEnter$ImportResolveHolder
instanceKlass  @bci org/wso2/ballerinalang/compiler/semantics/analyzer/SymbolEnter visit (Lorg/wso2/ballerinalang/compiler/tree/BLangImportPackage;)V 277 <appendix> argL0 ; # org/wso2/ballerinalang/compiler/semantics/analyzer/SymbolEnter$$Lambda+0x000000080039a630
instanceKlass  @bci org/wso2/ballerinalang/compiler/semantics/analyzer/SymbolEnter visit (Lorg/wso2/ballerinalang/compiler/tree/BLangImportPackage;)V 249 <appendix> member <vmtarget> ; # org/wso2/ballerinalang/compiler/semantics/analyzer/SymbolEnter$$Lambda+0x000000080039a3f8
instanceKlass  @bci org/wso2/ballerinalang/compiler/tree/BLangImportPackage getQualifiedPackageName ()Ljava/lang/String; 19 <appendix> argL0 ; # org/wso2/ballerinalang/compiler/tree/BLangImportPackage$$Lambda+0x000000080039a1c8
instanceKlass  @bci org/wso2/ballerinalang/compiler/semantics/analyzer/SymbolEnter defineConstructs (Lorg/wso2/ballerinalang/compiler/tree/BLangPackage;Lorg/wso2/ballerinalang/compiler/semantics/model/SymbolEnv;)V 15 <appendix> member <vmtarget> ; # org/wso2/ballerinalang/compiler/semantics/analyzer/SymbolEnter$$Lambda+0x0000000800399fa0
instanceKlass  @cpi org/ballerinalang/langserver/diagnostic/DiagnosticsHelper 641 form vmentry <vmtarget> ; # java/lang/invoke/LambdaForm$DMH+0x000000080039c000
instanceKlass org/wso2/ballerinalang/compiler/semantics/analyzer/SymbolEnter$3
instanceKlass  @bci org/wso2/ballerinalang/compiler/semantics/analyzer/SymbolEnter populateCompilationUnit (Lorg/wso2/ballerinalang/compiler/tree/BLangPackage;Lorg/wso2/ballerinalang/compiler/tree/BLangCompilationUnit;)V 6 <appendix> member <vmtarget> ; # org/wso2/ballerinalang/compiler/semantics/analyzer/SymbolEnter$$Lambda+0x0000000800399b80
instanceKlass  @bci org/wso2/ballerinalang/compiler/semantics/analyzer/SymbolEnter populatePackageNode (Lorg/wso2/ballerinalang/compiler/tree/BLangPackage;)V 8 <appendix> member <vmtarget> ; # org/wso2/ballerinalang/compiler/semantics/analyzer/SymbolEnter$$Lambda+0x0000000800399958
instanceKlass  @bci org/wso2/ballerinalang/compiler/parser/BLangNodeBuilder transform (Lio/ballerina/compiler/syntax/tree/MatchStatementNode;)Lorg/wso2/ballerinalang/compiler/tree/BLangNode; 252 <appendix> member <vmtarget> ; # org/wso2/ballerinalang/compiler/parser/BLangNodeBuilder$$Lambda+0x0000000800399730
instanceKlass java/util/LinkedList$ListItr
instanceKlass  @bci org/wso2/ballerinalang/compiler/parser/BLangNodeBuilder transform (Lio/ballerina/compiler/syntax/tree/ForEachStatementNode;)Lorg/wso2/ballerinalang/compiler/tree/BLangNode; 117 <appendix> member <vmtarget> ; # org/wso2/ballerinalang/compiler/parser/BLangNodeBuilder$$Lambda+0x0000000800399508
instanceKlass  @bci org/wso2/ballerinalang/compiler/parser/BLangNodeBuilder transform (Lio/ballerina/compiler/syntax/tree/OnFailClauseNode;)Lorg/wso2/ballerinalang/compiler/tree/BLangNode; 24 <appendix> member <vmtarget> ; # org/wso2/ballerinalang/compiler/parser/BLangNodeBuilder$$Lambda+0x00000008003992e0
instanceKlass  @bci org/wso2/ballerinalang/compiler/parser/BLangNodeBuilder transform (Lio/ballerina/compiler/syntax/tree/DoStatementNode;)Lorg/wso2/ballerinalang/compiler/tree/BLangNode; 51 <appendix> member <vmtarget> ; # org/wso2/ballerinalang/compiler/parser/BLangNodeBuilder$$Lambda+0x00000008003990b8
instanceKlass  @bci org/wso2/ballerinalang/compiler/parser/BLangNodeBuilder transform (Lio/ballerina/compiler/syntax/tree/LockStatementNode;)Lorg/wso2/ballerinalang/compiler/tree/BLangNode; 51 <appendix> member <vmtarget> ; # org/wso2/ballerinalang/compiler/parser/BLangNodeBuilder$$Lambda+0x0000000800398e90
instanceKlass  @bci org/wso2/ballerinalang/compiler/parser/BLangNodeBuilder transform (Lio/ballerina/compiler/syntax/tree/IfElseStatementNode;)Lorg/wso2/ballerinalang/compiler/tree/BLangNode; 49 <appendix> member <vmtarget> ; # org/wso2/ballerinalang/compiler/parser/BLangNodeBuilder$$Lambda+0x0000000800398c68
instanceKlass  @bci io/ballerina/compiler/syntax/tree/AbstractNodeFactory createNodeList (Ljava/util/Collection;)Lio/ballerina/compiler/syntax/tree/NodeList; 20 <appendix> argL0 ; # io/ballerina/compiler/syntax/tree/AbstractNodeFactory$$Lambda+0x0000000800398618
instanceKlass  @bci io/ballerina/compiler/syntax/tree/AbstractNodeFactory createNodeList (Ljava/util/Collection;)Lio/ballerina/compiler/syntax/tree/NodeList; 10 <appendix> argL0 ; # io/ballerina/compiler/syntax/tree/AbstractNodeFactory$$Lambda+0x00000008003983e8
instanceKlass io/ballerina/compiler/syntax/tree/Minutiae
instanceKlass io/ballerina/compiler/syntax/tree/MinutiaeList
instanceKlass  @bci org/ballerinalang/langserver/version/BallerinaU130CompilerApi getWorkspaceProject (Lio/ballerina/projects/Project;)Ljava/util/Optional; 4 <appendix> argL0 ; # org/ballerinalang/langserver/version/BallerinaU130CompilerApi$$Lambda+0x00000008003979f8
instanceKlass java/util/concurrent/ConcurrentLinkedDeque$Node
instanceKlass org/ballerinalang/langserver/diagnostic/DiagnosticsHelper
instanceKlass io/ballerina/compiler/syntax/tree/AbstractNodeFactory
instanceKlass  @bci org/wso2/ballerinalang/compiler/parser/BLangNodeBuilder createBLangInvocation (Lio/ballerina/compiler/syntax/tree/Node;Lio/ballerina/compiler/syntax/tree/NodeList;Lio/ballerina/tools/diagnostics/Location;Z)Lorg/wso2/ballerinalang/compiler/tree/expressions/BLangInvocation; 65 <appendix> member <vmtarget> ; # org/wso2/ballerinalang/compiler/parser/BLangNodeBuilder$$Lambda+0x00000008003971c0
instanceKlass  @bci org/wso2/ballerinalang/compiler/parser/BLangNodeBuilder transform (Lio/ballerina/compiler/syntax/tree/RequiredParameterNode;)Lorg/wso2/ballerinalang/compiler/tree/BLangNode; 7 <appendix> member <vmtarget> ; # org/wso2/ballerinalang/compiler/parser/BLangNodeBuilder$$Lambda+0x0000000800396730
instanceKlass  @bci org/wso2/ballerinalang/compiler/parser/BLangNodeBuilder transform (Lio/ballerina/compiler/syntax/tree/ClassDefinitionNode;)Lorg/wso2/ballerinalang/compiler/tree/BLangNode; 67 <appendix> member <vmtarget> ; # org/wso2/ballerinalang/compiler/parser/BLangNodeBuilder$$Lambda+0x0000000800396508
instanceKlass  @bci org/wso2/ballerinalang/compiler/parser/BLangNodeBuilder transformCodeBlock (Ljava/util/LinkedList;Lio/ballerina/compiler/syntax/tree/MarkdownCodeBlockNode;)V 80 <appendix> member <vmtarget> ; # org/wso2/ballerinalang/compiler/parser/BLangNodeBuilder$$Lambda+0x00000008003962e0
instanceKlass org/wso2/ballerinalang/compiler/tree/OCEDynamicEnvironmentData
instanceKlass  @bci org/wso2/ballerinalang/compiler/parser/BLangNodeBuilder transform (Lio/ballerina/compiler/syntax/tree/TypeDefinitionNode;)Lorg/wso2/ballerinalang/compiler/tree/BLangNode; 80 <appendix> member <vmtarget> ; # org/wso2/ballerinalang/compiler/parser/BLangNodeBuilder$$Lambda+0x0000000800395eb0
instanceKlass org/ballerinalang/model/TreeUtils
instanceKlass  @bci org/wso2/ballerinalang/compiler/parser/BLangAnonymousModelHelper createAnonTypeName (Ljava/util/Collection;Lorg/ballerinalang/model/elements/PackageID;)Ljava/lang/String; 60 <appendix> argL0 ; # org/wso2/ballerinalang/compiler/parser/BLangAnonymousModelHelper$$Lambda+0x00000008003952e8
instanceKlass  @bci org/wso2/ballerinalang/compiler/parser/BLangNodeBuilder getDocumentationString (Ljava/util/Optional;)Ljava/util/Optional; 1 <appendix> argL0 ; # org/wso2/ballerinalang/compiler/parser/BLangNodeBuilder$$Lambda+0x00000008003950b8
instanceKlass  @bci org/wso2/ballerinalang/compiler/parser/BLangNodeBuilder getAnnotations (Ljava/util/Optional;)Lio/ballerina/compiler/syntax/tree/NodeList; 1 <appendix> argL0 ; # org/wso2/ballerinalang/compiler/parser/BLangNodeBuilder$$Lambda+0x0000000800394e88
instanceKlass org/wso2/ballerinalang/compiler/parser/BLangNodeBuilder$1
instanceKlass  @bci org/wso2/ballerinalang/compiler/parser/BLangNodeBuilder transform (Lio/ballerina/compiler/syntax/tree/ImportDeclarationNode;)Lorg/wso2/ballerinalang/compiler/tree/BLangNode; 57 <appendix> member <vmtarget> ; # org/wso2/ballerinalang/compiler/parser/BLangNodeBuilder$$Lambda+0x0000000800394648
instanceKlass io/ballerina/compiler/syntax/tree/NodeTransformer
instanceKlass io/ballerina/projects/internal/ModuleContextDataHolder
instanceKlass org/wso2/ballerinalang/compiler/semantics/analyzer/cyclefind/GlobalVariableRefAnalyzer
instanceKlass org/wso2/ballerinalang/compiler/bir/emit/BIREmitter
instanceKlass org/wso2/ballerinalang/compiler/bir/model/BIRNode$BIRMappingConstructorEntry
instanceKlass org/wso2/ballerinalang/compiler/bir/codegen/optimizer/LargeMethodOptimizer
instanceKlass org/wso2/ballerinalang/compiler/bir/model/BIRVisitor
instanceKlass org/wso2/ballerinalang/compiler/bir/optimizer/BIROptimizer
instanceKlass org/wso2/ballerinalang/compiler/bir/model/BIRAssignInstruction
instanceKlass org/wso2/ballerinalang/compiler/bir/model/BIRNode
instanceKlass org/wso2/ballerinalang/compiler/bir/model/BIRInstruction
instanceKlass org/wso2/ballerinalang/compiler/desugar/MockDesugar
instanceKlass org/wso2/ballerinalang/compiler/desugar/DeclarativeAuthDesugar
instanceKlass org/wso2/ballerinalang/compiler/desugar/ServiceDesugar
instanceKlass org/wso2/ballerinalang/compiler/desugar/LargeMethodSplitter
instanceKlass org/wso2/ballerinalang/compiler/desugar/Code2CloudDesugar
instanceKlass org/wso2/ballerinalang/compiler/desugar/ObservabilityDesugar
instanceKlass org/wso2/ballerinalang/compiler/desugar/AnnotationDesugar
instanceKlass org/ballerinalang/testerina/core/TesterinaRegistry
instanceKlass org/ballerinalang/compiler/plugins/AbstractCompilerPlugin
instanceKlass  @bci org/wso2/ballerinalang/compiler/semantics/analyzer/CompilerPluginRunner <init> (Lorg/wso2/ballerinalang/compiler/util/CompilerContext;)V 128 <appendix> member <vmtarget> ; # org/wso2/ballerinalang/compiler/semantics/analyzer/CompilerPluginRunner$$Lambda+0x000000080035fc88
instanceKlass org/ballerinalang/compiler/plugins/CompilerPlugin
instanceKlass io/ballerina/projects/internal/CompilerPhaseRunner
instanceKlass io/ballerina/compiler/internal/parser/DocumentationParser$Lookahead
instanceKlass  @bci io/ballerina/projects/DocumentContext textDocument ()Lio/ballerina/tools/text/TextDocument; 38 <appendix> member <vmtarget> ; # io/ballerina/projects/DocumentContext$$Lambda+0x0000000800351a48
instanceKlass io/ballerina/types/EnumerableDecimal
instanceKlass  @bci org/wso2/ballerinalang/compiler/semantics/analyzer/TypeParamAnalyzer createAnydataType (Lorg/wso2/ballerinalang/compiler/semantics/model/types/BUnionType;Lorg/ballerinalang/model/Name;J)Lorg/wso2/ballerinalang/compiler/semantics/model/types/BAnydataType; 35 <appendix> member <vmtarget> ; # org/wso2/ballerinalang/compiler/semantics/analyzer/TypeParamAnalyzer$$Lambda+0x0000000800351438
instanceKlass  @bci org/wso2/ballerinalang/compiler/semantics/model/types/BUnionType computeStringRepresentation ()V 400 <appendix> form vmentry <vmtarget> ; # java/lang/invoke/LambdaForm$MH+0x000000080035a000
# instanceKlass java/lang/invoke/LambdaForm$MH+0x0000000800359800
instanceKlass  @bci org/wso2/ballerinalang/compiler/semantics/model/types/BUnionType computeStringRepresentation ()V 400 <appendix> argL3 form vmentry <vmtarget> ; # java/lang/invoke/LambdaForm$MH+0x0000000800359000
# instanceKlass java/lang/invoke/LambdaForm$MH+0x0000000800358800
# instanceKlass java/lang/invoke/LambdaForm$MH+0x0000000800358400
# instanceKlass java/lang/invoke/LambdaForm$MH+0x0000000800358000
instanceKlass  @bci org/ballerinalang/langserver/eventsync/subscribers/PublishDiagnosticSubscriber onEvent (Lorg/ballerinalang/langserver/commons/client/ExtendedLanguageClient;Lorg/ballerinalang/langserver/commons/DocumentServiceContext;Lorg/ballerinalang/langserver/commons/LanguageServerContext;)V 104 <appendix> member <vmtarget> ; # org/ballerinalang/langserver/eventsync/subscribers/PublishDiagnosticSubscriber$$Lambda+0x0000000800351210
instanceKlass java/lang/Thread$ThreadNumbering
instanceKlass java/util/concurrent/CompletableFuture$Delayer$DaemonThreadFactory
instanceKlass java/util/concurrent/CompletableFuture$Delayer
instanceKlass java/util/concurrent/CompletableFuture$TaskSubmitter
instanceKlass  @bci org/ballerinalang/langserver/eventsync/subscribers/PublishDiagnosticSubscriber onEvent (Lorg/ballerinalang/langserver/commons/client/ExtendedLanguageClient;Lorg/ballerinalang/langserver/commons/DocumentServiceContext;Lorg/ballerinalang/langserver/commons/LanguageServerContext;)V 81 <appendix> argL0 ; # org/ballerinalang/langserver/eventsync/subscribers/PublishDiagnosticSubscriber$$Lambda+0x0000000800351000
instanceKlass java/util/concurrent/CompletableFuture$DelayedExecutor
instanceKlass  @bci org/ballerinalang/langserver/eventsync/publishers/ProjectUpdateEventPublisher publish (Lorg/ballerinalang/langserver/commons/client/ExtendedLanguageClient;Lorg/ballerinalang/langserver/commons/LanguageServerContext;Lorg/ballerinalang/langserver/commons/DocumentServiceContext;)V 12 <appendix> member <vmtarget> ; # org/ballerinalang/langserver/eventsync/publishers/ProjectUpdateEventPublisher$$Lambda+0x0000000800353cd8
instanceKlass java/util/Formattable
instanceKlass org/ballerinalang/langserver/eventsync/AbstractEventPublisher
instanceKlass  @bci org/ballerinalang/langserver/eventsync/EventSyncPubSubHolder initialize (Lorg/ballerinalang/langserver/LSClientLogger;)V 98 <appendix> member <vmtarget> ; # org/ballerinalang/langserver/eventsync/EventSyncPubSubHolder$$Lambda+0x0000000800353360
instanceKlass org/ballerinalang/langserver/eventsync/EventPublisher
instanceKlass io/ballerina/designmodelgenerator/extension/PublishArtifactsSubscriber
instanceKlass org/ballerinalang/langserver/eventsync/subscribers/PullModuleSubscriber
instanceKlass org/ballerinalang/langserver/eventsync/subscribers/ResolveModulesSubscriber
instanceKlass org/ballerinalang/langserver/eventsync/subscribers/ResolveCompilationErrorsSubscriber
instanceKlass  @bci org/ballerinalang/langserver/eventsync/EventSyncPubSubHolder initialize (Lorg/ballerinalang/langserver/LSClientLogger;)V 54 <appendix> argL0 ; # org/ballerinalang/langserver/eventsync/EventSyncPubSubHolder$$Lambda+0x0000000800352660
instanceKlass org/ballerinalang/langserver/eventsync/subscribers/PublishDiagnosticSubscriber
instanceKlass org/ballerinalang/langserver/commons/eventsync/spi/EventSubscriber
instanceKlass org/ballerinalang/langserver/eventsync/EventSyncPubSubHolder
instanceKlass  @bci org/ballerinalang/langserver/workspace/BallerinaWorkspaceManager project (Ljava/nio/file/Path;)Ljava/util/Optional; 9 <appendix> argL0 ; # org/ballerinalang/langserver/workspace/BallerinaWorkspaceManager$$Lambda+0x00000008003578a0
instanceKlass  @bci io/ballerina/projects/PackageResolution cloneDependencyGraphNewRoot (Lio/ballerina/projects/DependencyGraph;Lio/ballerina/projects/Package;)Lio/ballerina/projects/DependencyGraph; 105 <appendix> member <vmtarget> ; # io/ballerina/projects/PackageResolution$$Lambda+0x0000000800357668
instanceKlass  @bci io/ballerina/projects/Package$Modifier isOldDependencyGraphValid (Lio/ballerina/projects/Package;Lio/ballerina/projects/Package;)Z 95 <appendix> argL0 ; # io/ballerina/projects/Package$Modifier$$Lambda+0x0000000800357438
instanceKlass  @bci io/ballerina/projects/Package$Modifier isOldDependencyGraphValid (Lio/ballerina/projects/Package;Lio/ballerina/projects/Package;)Z 69 <appendix> argL0 ; # io/ballerina/projects/Package$Modifier$$Lambda+0x0000000800357208
instanceKlass  @bci io/ballerina/projects/Package$Modifier isOldDependencyGraphValid (Lio/ballerina/projects/Package;Lio/ballerina/projects/Package;)Z 43 <appendix> argL0 ; # io/ballerina/projects/Package$Modifier$$Lambda+0x0000000800356fd8
instanceKlass  @bci io/ballerina/projects/Package$Modifier isOldDependencyGraphValid (Lio/ballerina/projects/Package;Lio/ballerina/projects/Package;)Z 17 <appendix> argL0 ; # io/ballerina/projects/Package$Modifier$$Lambda+0x0000000800356da8
instanceKlass  @bci io/ballerina/compiler/syntax/tree/NonTerminalNode diagnostics ()Ljava/lang/Iterable; 10 <appendix> argL0 ; # io/ballerina/compiler/syntax/tree/NonTerminalNode$$Lambda+0x0000000800356b78
instanceKlass  @bci io/ballerina/projects/Package$Modifier updatePackageManifest ()V 36 <appendix> argL0 ; # io/ballerina/projects/Package$Modifier$$Lambda+0x0000000800356948
instanceKlass  @bci io/ballerina/projects/Package$Modifier updatePackageManifest ()V 14 <appendix> argL0 ; # io/ballerina/projects/Package$Modifier$$Lambda+0x0000000800356718
instanceKlass  @bci io/ballerina/projects/internal/ResolutionEngine addNodeToGraph (Lio/ballerina/projects/environment/PackageMetadataResponse;)V 51 <appendix> member <vmtarget> ; # io/ballerina/projects/internal/ResolutionEngine$$Lambda+0x0000000800356500
instanceKlass  @bci io/ballerina/projects/internal/PackageDependencyGraphBuilder getUnresolvedNodes ()Ljava/util/Collection; 18 <appendix> member <vmtarget> ; # io/ballerina/projects/internal/PackageDependencyGraphBuilder$$Lambda+0x00000008003562c8
instanceKlass java/net/Proxy
instanceKlass java/lang/foreign/MemorySegment
instanceKlass io/ballerina/projects/internal/PackageDependencyGraphBuilder$1
instanceKlass  @bci io/ballerina/projects/internal/ResolutionEngine getBuiltInPkgDescDepGraph (Lio/ballerina/projects/PackageDependencyScope;Lio/ballerina/projects/PackageDescriptor;)Lio/ballerina/projects/DependencyGraph; 74 <appendix> member <vmtarget> ; # io/ballerina/projects/internal/ResolutionEngine$$Lambda+0x0000000800355a98
instanceKlass  @bci io/ballerina/projects/internal/ResolutionEngine populateStaticDependencyGraph (Ljava/util/Collection;)V 294 <appendix> member <vmtarget> ; # io/ballerina/projects/internal/ResolutionEngine$$Lambda+0x0000000800355880
instanceKlass  @bci java/util/stream/Collectors mapMerger (Ljava/util/function/BinaryOperator;)Ljava/util/function/BinaryOperator; 1 <appendix> member <vmtarget> ; # java/util/stream/Collectors$$Lambda+0x00000008003617b8
instanceKlass  @bci java/util/stream/Collectors toMap (Ljava/util/function/Function;Ljava/util/function/Function;Ljava/util/function/BinaryOperator;Ljava/util/function/Supplier;)Ljava/util/stream/Collector; 3 <appendix> member <vmtarget> ; # java/util/stream/Collectors$$Lambda+0x0000000800361590
instanceKlass  @cpi java/util/stream/Collectors 1354 form vmentry <vmtarget> ; # java/lang/invoke/LambdaForm$DMH+0x0000000800350c00
instanceKlass  @bci java/util/stream/Collectors toMap (Ljava/util/function/Function;Ljava/util/function/Function;Ljava/util/function/BinaryOperator;)Ljava/util/stream/Collector; 3 <appendix> argL0 ; # java/util/stream/Collectors$$Lambda+0x0000000800361380
instanceKlass  @bci io/ballerina/projects/internal/environment/DefaultPackageResolver resolvePackageMetadata (Ljava/util/Collection;Lio/ballerina/projects/environment/ResolutionOptions;)Ljava/util/Collection; 848 <appendix> argL0 ; # io/ballerina/projects/internal/environment/DefaultPackageResolver$$Lambda+0x0000000800355648
instanceKlass  @bci java/util/function/Function identity ()Ljava/util/function/Function; 0 <appendix> argL0 ; # java/util/function/Function$$Lambda+0x0000000800361150
instanceKlass  @bci io/ballerina/projects/internal/environment/DefaultPackageResolver resolvePackageMetadata (Ljava/util/Collection;Lio/ballerina/projects/environment/ResolutionOptions;)Ljava/util/Collection; 840 <appendix> argL0 ; # io/ballerina/projects/internal/environment/DefaultPackageResolver$$Lambda+0x0000000800355418
instanceKlass  @bci io/ballerina/projects/internal/environment/DefaultPackageResolver resolvePackageMetadata (Ljava/util/Collection;Lio/ballerina/projects/environment/ResolutionOptions;)Ljava/util/Collection; 830 <appendix> argL0 ; # io/ballerina/projects/internal/environment/DefaultPackageResolver$$Lambda+0x00000008003551e8
instanceKlass  @bci io/ballerina/projects/internal/environment/DefaultPackageResolver resolvePackageMetadata (Ljava/util/Collection;Lio/ballerina/projects/environment/ResolutionOptions;)Ljava/util/Collection; 763 <appendix> argL0 ; # io/ballerina/projects/internal/environment/DefaultPackageResolver$$Lambda+0x0000000800354fa8
instanceKlass  @bci java/util/stream/MatchOps makeRef (Ljava/util/function/Predicate;Ljava/util/stream/MatchOps$MatchKind;)Ljava/util/stream/TerminalOp; 20 <appendix> member <vmtarget> ; # java/util/stream/MatchOps$$Lambda+0x00000008003608b8
instanceKlass java/util/stream/MatchOps$BooleanTerminalSink
instanceKlass java/util/stream/MatchOps$MatchOp
instanceKlass java/util/stream/MatchOps
instanceKlass  @bci io/ballerina/projects/internal/environment/DefaultPackageResolver lambda$resolvePackageMetadata$4 (Ljava/util/List;Lio/ballerina/projects/environment/ResolutionRequest;)Z 7 <appendix> member <vmtarget> ; # io/ballerina/projects/internal/environment/DefaultPackageResolver$$Lambda+0x0000000800354d60
instanceKlass  @bci io/ballerina/projects/internal/environment/DefaultPackageResolver resolvePackageMetadata (Ljava/util/Collection;Lio/ballerina/projects/environment/ResolutionOptions;)Ljava/util/Collection; 739 <appendix> member <vmtarget> ; # io/ballerina/projects/internal/environment/DefaultPackageResolver$$Lambda+0x0000000800354b18
instanceKlass  @bci io/ballerina/projects/internal/environment/DefaultPackageResolver resolvePackageMetadata (Ljava/util/Collection;Lio/ballerina/projects/environment/ResolutionOptions;)Ljava/util/Collection; 710 <appendix> argL0 ; # io/ballerina/projects/internal/environment/DefaultPackageResolver$$Lambda+0x00000008003548d8
instanceKlass  @bci io/ballerina/projects/internal/environment/DefaultPackageResolver resolvePackageMetadata (Ljava/util/Collection;Lio/ballerina/projects/environment/ResolutionOptions;)Ljava/util/Collection; 661 <appendix> argL0 ; # io/ballerina/projects/internal/environment/DefaultPackageResolver$$Lambda+0x0000000800354698
# instanceKlass java/lang/invoke/LambdaForm$MH+0x0000000800350800
instanceKlass  @bci io/ballerina/projects/internal/repositories/AbstractPackageRepository getCompatiblePackageVersions (Lio/ballerina/projects/PackageDescriptor;Lio/ballerina/projects/environment/PackageLockingMode;)Ljava/util/List; 99 <appendix> argL0 ; # io/ballerina/projects/internal/repositories/AbstractPackageRepository$$Lambda+0x0000000800354468
instanceKlass  @bci io/ballerina/projects/internal/repositories/AbstractPackageRepository getCompatiblePackageVersions (Lio/ballerina/projects/PackageDescriptor;Lio/ballerina/projects/environment/PackageLockingMode;)Ljava/util/List; 56 <appendix> argL0 ; # io/ballerina/projects/internal/repositories/AbstractPackageRepository$$Lambda+0x0000000800354000
instanceKlass io/ballerina/projects/environment/PackageMetadataResponse
instanceKlass  @bci io/ballerina/projects/internal/repositories/FileSystemRepository lambda$pathToVersions$0 (Ljava/nio/file/Path;)Ljava/lang/String; 12 <appendix> argL0 ; # io/ballerina/projects/internal/repositories/FileSystemRepository$$Lambda+0x000000080034f9c0
instanceKlass  @bci io/ballerina/projects/internal/repositories/FileSystemRepository lambda$pathToVersions$0 (Ljava/nio/file/Path;)Ljava/lang/String; 4 <appendix> argL0 ; # io/ballerina/projects/internal/repositories/FileSystemRepository$$Lambda+0x000000080034f790
instanceKlass  @bci io/ballerina/projects/internal/repositories/FileSystemRepository pathToVersions (Ljava/util/List;)Ljava/util/List; 25 <appendix> member <vmtarget> ; # io/ballerina/projects/internal/repositories/FileSystemRepository$$Lambda+0x000000080034f568
instanceKlass  @bci io/ballerina/projects/internal/repositories/FileSystemRepository pathToVersions (Ljava/util/List;)Ljava/util/List; 14 <appendix> argL0 ; # io/ballerina/projects/internal/repositories/FileSystemRepository$$Lambda+0x000000080034f338
instanceKlass  @bci java/nio/file/Files asUncheckedRunnable (Ljava/io/Closeable;)Ljava/lang/Runnable; 1 <appendix> member <vmtarget> ; # java/nio/file/Files$$Lambda+0x000000080027fac8
instanceKlass java/nio/file/Files$2
instanceKlass  @bci io/ballerina/projects/internal/ResolutionEngine populateStaticDependencyGraph (Ljava/util/Collection;)V 6 <appendix> argL0 ; # io/ballerina/projects/internal/ResolutionEngine$$Lambda+0x000000080034f0f8
instanceKlass  @bci io/ballerina/projects/internal/BlendedManifest dependencyOrThrow (Lio/ballerina/projects/PackageOrg;Lio/ballerina/projects/PackageName;)Lio/ballerina/projects/internal/BlendedManifest$Dependency; 11 <appendix> member <vmtarget> ; # io/ballerina/projects/internal/BlendedManifest$$Lambda+0x000000080034eee0
instanceKlass  @bci io/ballerina/projects/internal/PackageContainer getAll ()Ljava/util/Collection; 24 <appendix> argL0 ; # io/ballerina/projects/internal/PackageContainer$$Lambda+0x000000080034ecb0
instanceKlass  @bci io/ballerina/projects/internal/PackageContainer getAll ()Ljava/util/Collection; 14 <appendix> argL0 ; # io/ballerina/projects/internal/PackageContainer$$Lambda+0x000000080034ea80
instanceKlass io/ballerina/projects/internal/ModuleResolver$DirectPackageDependency
instanceKlass  @bci io/ballerina/projects/internal/BlendedManifest dependency (Lio/ballerina/projects/PackageOrg;Lio/ballerina/projects/PackageName;Lio/ballerina/projects/internal/BlendedManifest$DependencyOrigin;)Ljava/util/Optional; 10 <appendix> member <vmtarget> ; # io/ballerina/projects/internal/BlendedManifest$$Lambda+0x000000080034e1f8
instanceKlass io/ballerina/projects/internal/ImportModuleResponse
instanceKlass io/ballerina/projects/internal/ImportModuleRequest
instanceKlass  @bci io/ballerina/projects/internal/ModuleResolver getPackageOrg (Lio/ballerina/projects/environment/ModuleLoadRequest;)Lio/ballerina/projects/PackageOrg; 15 <appendix> member <vmtarget> ; # io/ballerina/projects/internal/ModuleResolver$$Lambda+0x000000080034dba8
instanceKlass io/ballerina/projects/internal/PackageDependencyGraphBuilder$Vertex
instanceKlass io/ballerina/projects/internal/PackageDependencyGraphBuilder
instanceKlass io/ballerina/projects/internal/ResolutionEngine
instanceKlass  @bci io/ballerina/projects/PackageResolution updateResolutionOptions ()V 191 <appendix> member <vmtarget> ; # io/ballerina/projects/PackageResolution$$Lambda+0x000000080034ced8
instanceKlass java/text/FieldPosition
instanceKlass io/ballerina/tools/diagnostics/DiagnosticFactory
instanceKlass io/ballerina/projects/internal/PackageDiagnostic$NullLocation
instanceKlass io/ballerina/tools/diagnostics/DiagnosticInfo
instanceKlass  @bci io/ballerina/projects/util/ProjectUtils getWarningForHigherDistribution (Lio/ballerina/projects/Project;Lio/ballerina/projects/environment/PackageLockingMode;)Ljava/util/Optional; 53 <appendix> form vmentry <vmtarget> ; # java/lang/invoke/LambdaForm$MH+0x0000000800350400
# instanceKlass java/lang/invoke/LambdaForm$MH+0x0000000800350000
instanceKlass  @bci io/ballerina/projects/util/ProjectUtils getWarningForHigherDistribution (Lio/ballerina/projects/Project;Lio/ballerina/projects/environment/PackageLockingMode;)Ljava/util/Optional; 53 <appendix> argL3 form vmentry <vmtarget> ; # java/lang/invoke/LambdaForm$MH+0x000000080034bc00
# instanceKlass java/lang/invoke/LambdaForm$MH+0x000000080034b800
# instanceKlass java/lang/invoke/LambdaForm$MH+0x000000080034b400
# instanceKlass java/lang/invoke/LambdaForm$MH+0x000000080034b000
# instanceKlass java/lang/invoke/LambdaForm$MH+0x000000080034ac00
instanceKlass  @bci io/ballerina/projects/util/ProjectUtils getWarningForHigherDistribution (Lio/ballerina/projects/Project;Lio/ballerina/projects/environment/PackageLockingMode;)Ljava/util/Optional; 53 <appendix> argL1 form vmentry <vmtarget> ; # java/lang/invoke/LambdaForm$MH+0x000000080034a800
# instanceKlass java/lang/invoke/LambdaForm$MH+0x000000080034a400
# instanceKlass java/lang/invoke/LambdaForm$MH+0x000000080034a000
# instanceKlass java/lang/invoke/LambdaForm$MH+0x0000000800349c00
instanceKlass org/eclipse/lsp4j/WorkDoneProgressEnd
# instanceKlass java/lang/invoke/LambdaForm$MH+0x0000000800349800
# instanceKlass java/lang/invoke/LambdaForm$MH+0x0000000800349400
# instanceKlass java/lang/invoke/LambdaForm$MH+0x0000000800349000
instanceKlass io/ballerina/compiler/api/symbols/MethodSymbol
instanceKlass com/google/gson/internal/ConstructorConstructor$3
instanceKlass com/google/gson/annotations/Expose
instanceKlass org/eclipse/lsp4j/WorkDoneProgressReport
instanceKlass  @bci org/ballerinalang/langserver/LSPackageLoader lambda$loadModules$4 (Lorg/ballerinalang/langserver/LSClientLogger;Ljava/util/Map;)V 177 <appendix> member <vmtarget> ; # org/ballerinalang/langserver/LSPackageLoader$$Lambda+0x0000000800347048
instanceKlass  @bci org/ballerinalang/langserver/LSPackageLoader lambda$loadModules$4 (Lorg/ballerinalang/langserver/LSClientLogger;Ljava/util/Map;)V 166 <appendix> member <vmtarget> ; # org/ballerinalang/langserver/LSPackageLoader$$Lambda+0x0000000800346e00
instanceKlass  @bci org/ballerinalang/langserver/LSPackageLoader lambda$loadModules$4 (Lorg/ballerinalang/langserver/LSClientLogger;Ljava/util/Map;)V 135 <appendix> member <vmtarget> ; # org/ballerinalang/langserver/LSPackageLoader$$Lambda+0x0000000800346bd8
# instanceKlass java/lang/invoke/LambdaForm$MH+0x0000000800348c00
# instanceKlass java/lang/invoke/LambdaForm$MH+0x0000000800348800
# instanceKlass java/lang/invoke/LambdaForm$MH+0x0000000800348400
# instanceKlass java/lang/invoke/LambdaForm$MH+0x0000000800348000
instanceKlass io/ballerina/projects/internal/model/BalToolDescriptor$Tool
instanceKlass io/ballerina/projects/internal/model/BalToolDescriptor$Dependency
instanceKlass  @bci io/ballerina/projects/internal/BalaFiles setBalToolDependencyPaths (Lio/ballerina/projects/internal/bala/BalToolJson;Ljava/nio/file/Path;)V 22 <appendix> member <vmtarget> ; # io/ballerina/projects/internal/BalaFiles$$Lambda+0x0000000800346590
instanceKlass io/ballerina/compiler/internal/parser/RegExpParser$1
instanceKlass io/ballerina/compiler/internal/parser/RegExpLexer$1
instanceKlass  @bci io/ballerina/projects/ModuleContext$OverwritableLinkedHashSet add (Lio/ballerina/projects/environment/ModuleLoadRequest;)Z 23 <appendix> member <vmtarget> ; # io/ballerina/projects/ModuleContext$OverwritableLinkedHashSet$$Lambda+0x0000000800345ca8
instanceKlass io/ballerina/compiler/internal/parser/DocumentationParser$1
instanceKlass io/ballerina/compiler/internal/parser/DocumentationLexer$1
instanceKlass  @bci io/ballerina/projects/internal/TransactionImportValidator visit (Lio/ballerina/compiler/syntax/tree/FunctionDefinitionNode;)V 7 <appendix> argL0 ; # io/ballerina/projects/internal/TransactionImportValidator$$Lambda+0x0000000800344c70
instanceKlass io/ballerina/compiler/syntax/tree/ChildNodeList$ChildNodeIterator
instanceKlass io/ballerina/compiler/syntax/tree/ChildNodeList
# instanceKlass java/lang/invoke/LambdaForm$MH+0x000000080033c800
# instanceKlass java/lang/invoke/LambdaForm$MH+0x000000080033c400
# instanceKlass java/lang/invoke/LambdaForm$DMH+0x000000080033c000
instanceKlass io/ballerina/compiler/syntax/tree/NodeLocation
instanceKlass io/ballerina/projects/environment/ModuleLoadRequest
instanceKlass  @bci io/ballerina/projects/DocumentContext getModuleLoadRequest (Lio/ballerina/compiler/syntax/tree/ImportDeclarationNode;Lio/ballerina/projects/PackageDependencyScope;)Lio/ballerina/projects/environment/ModuleLoadRequest; 4 <appendix> argL0 ; # io/ballerina/projects/DocumentContext$$Lambda+0x000000080031c888
instanceKlass io/ballerina/compiler/syntax/tree/NodeList$NodeListIterator
instanceKlass io/ballerina/compiler/syntax/tree/NodeList
instanceKlass io/ballerina/compiler/internal/parser/utils/ConditionalExprResolver
instanceKlass io/ballerina/compiler/internal/syntax/NodeListUtils
# instanceKlass java/lang/invoke/LambdaForm$MH+0x0000000800309000
# instanceKlass java/lang/invoke/LambdaForm$MH+0x0000000800308c00
# instanceKlass java/lang/invoke/LambdaForm$MH+0x0000000800308800
# instanceKlass java/lang/invoke/LambdaForm$MH+0x0000000800308400
# instanceKlass java/lang/invoke/LambdaForm$MH+0x0000000800308000
instanceKlass io/ballerina/compiler/internal/parser/BallerinaParser$1
instanceKlass io/ballerina/compiler/internal/parser/tree/STNodeFlags
instanceKlass io/ballerina/compiler/internal/syntax/SyntaxUtils
instanceKlass io/ballerina/compiler/internal/parser/tree/STAbstractNodeFactory
instanceKlass io/ballerina/compiler/internal/parser/BallerinaLexer$1
instanceKlass io/ballerina/compiler/internal/parser/AbstractParserErrorHandler
instanceKlass io/ballerina/compiler/internal/parser/TokenReader$TokenBuffer
instanceKlass io/ballerina/compiler/internal/parser/tree/STNode
instanceKlass io/ballerina/compiler/internal/parser/AbstractLexer
instanceKlass io/ballerina/compiler/internal/parser/AbstractParser
instanceKlass io/ballerina/compiler/internal/parser/AbstractTokenReader
instanceKlass io/ballerina/compiler/internal/parser/ParserFactory
instanceKlass  @bci io/ballerina/projects/DocumentContext textDocument ()Lio/ballerina/tools/text/TextDocument; 21 <appendix> member <vmtarget> ; # io/ballerina/projects/DocumentContext$$Lambda+0x0000000800287000
instanceKlass io/ballerina/projects/Package$Modifier
instanceKlass io/ballerina/projects/BallerinaToml$Modifier
instanceKlass  @bci io/ballerina/projects/Package ballerinaToml ()Ljava/util/Optional; 19 <appendix> member <vmtarget> ; # io/ballerina/projects/Package$$Lambda+0x0000000800288000
instanceKlass io/ballerina/projects/BallerinaToml
instanceKlass org/ballerinalang/langserver/workspace/BallerinaWorkspaceManager$ProjectContext
instanceKlass io/ballerina/projects/ResourceContext
instanceKlass  @bci io/ballerina/projects/internal/PackageConfigCreator getResourceConfigs (Ljava/util/List;Ljava/nio/file/Path;)Ljava/util/List; 16 <appendix> member <vmtarget> ; # io/ballerina/projects/internal/PackageConfigCreator$$Lambda+0x00000008002d6618
instanceKlass  @bci io/ballerina/projects/internal/ProjectFiles loadResources (Ljava/nio/file/Path;)Ljava/util/List; 44 <appendix> argL0 ; # io/ballerina/projects/internal/ProjectFiles$$Lambda+0x00000008002d63d8
# instanceKlass java/lang/invoke/LambdaForm$MH+0x00000008002a4400
# instanceKlass java/lang/invoke/LambdaForm$MH+0x00000008002b4000
# instanceKlass java/lang/invoke/LambdaForm$MH+0x00000008002b4800
# instanceKlass java/lang/invoke/LambdaForm$MH+0x00000008002b5000
# instanceKlass java/lang/invoke/LambdaForm$DMH+0x00000008002b5800
# instanceKlass java/lang/invoke/LambdaForm$MH+0x00000008002b6400
# instanceKlass java/lang/invoke/LambdaForm$MH+0x00000008002b6800
instanceKlass org/ballerinalang/langserver/LSPackageLoader$ModuleInfo
instanceKlass org/ballerinalang/langserver/completions/providers/context/util/ServiceTemplateGenerator$ListenerMetaData
instanceKlass org/ballerinalang/langserver/commons/completion/LSCompletionItem
instanceKlass org/ballerinalang/langserver/commons/CompletionContext
instanceKlass org/ballerinalang/langserver/completions/providers/context/util/ServiceTemplateGenerator
instanceKlass org/ballerinalang/langserver/codeaction/CodeActionModuleId
instanceKlass  @bci io/ballerina/projects/internal/BalaFiles loadModule (Ljava/lang/String;Ljava/lang/String;Ljava/nio/file/Path;Lio/ballerina/projects/internal/model/PackageJson;)Lio/ballerina/projects/internal/ModuleData; 205 <appendix> member <vmtarget> ; # io/ballerina/projects/internal/BalaFiles$$Lambda+0x00000008002d54f8
instanceKlass io/ballerina/projects/internal/model/CompilerPluginDescriptor$Dependency
instanceKlass  @bci io/ballerina/projects/internal/BalaFiles getPlatforms (Lio/ballerina/projects/internal/model/PackageJson;)Ljava/util/Map; 30 <appendix> member <vmtarget> ; # io/ballerina/projects/internal/BalaFiles$$Lambda+0x00000008002d50c0
instanceKlass  @bci io/ballerina/projects/internal/BalaFiles setCompilerPluginDependencyPaths (Lio/ballerina/projects/internal/bala/CompilerPluginJson;Ljava/nio/file/Path;)V 22 <appendix> member <vmtarget> ; # io/ballerina/projects/internal/BalaFiles$$Lambda+0x00000008002d4e98
# instanceKlass java/lang/invoke/LambdaForm$MH+0x00000008002d3400
# instanceKlass java/lang/invoke/LambdaForm$MH+0x00000008002d3000
# instanceKlass java/lang/invoke/LambdaForm$MH+0x00000008002d2c00
# instanceKlass java/lang/invoke/LambdaForm$BMH+0x00000008002d2800
# instanceKlass java/lang/invoke/LambdaForm$DMH+0x00000008002d2400
instanceKlass  @bci org/wso2/ballerinalang/compiler/semantics/analyzer/SemanticAnalyzer visit (Lorg/wso2/ballerinalang/compiler/tree/BLangSimpleVariable;Lorg/wso2/ballerinalang/compiler/semantics/analyzer/SemanticAnalyzer$AnalyzerData;)V 323 <appendix> form vmentry <vmtarget> ; # java/lang/invoke/LambdaForm$DMH+0x00000008002d2000
instanceKlass io/ballerina/projects/CompilerBackend$TargetPlatform
instanceKlass  @bci org/ballerinalang/langserver/LSPackageLoader lambda$checkAndResolvePackagesFromRepository$13 (Ljava/util/List;Ljava/util/Set;Lio/ballerina/projects/environment/PackageRepository;Ljava/util/Map;Ljava/util/List;Ljava/lang/String;Ljava/util/List;)V 27 <appendix> form vmentry <vmtarget> ; # java/lang/invoke/LambdaForm$DMH+0x00000008002d1c00
instanceKlass  @bci org/ballerinalang/langserver/LSPackageLoader lambda$checkAndResolvePackagesFromRepository$13 (Ljava/util/List;Ljava/util/Set;Lio/ballerina/projects/environment/PackageRepository;Ljava/util/Map;Ljava/util/List;Ljava/lang/String;Ljava/util/List;)V 27 <appendix> member <vmtarget> ; # org/ballerinalang/langserver/LSPackageLoader$$Lambda+0x00000008002d4460
instanceKlass  @bci org/ballerinalang/langserver/LSPackageLoader checkAndResolvePackagesFromRepository (Lio/ballerina/projects/environment/PackageRepository;Ljava/util/Map;Ljava/util/List;Ljava/util/Set;)Ljava/util/List; 27 <appendix> member <vmtarget> ; # org/ballerinalang/langserver/LSPackageLoader$$Lambda+0x00000008002d4238
instanceKlass  @cpi org/ballerinalang/langserver/LSPackageLoader 957 form vmentry <vmtarget> ; # java/lang/invoke/LambdaForm$DMH+0x00000008002d1800
instanceKlass  @bci io/ballerina/projects/Package dependenciesToml ()Ljava/util/Optional; 19 <appendix> member <vmtarget> ; # io/ballerina/projects/Package$$Lambda+0x00000008002d4000
instanceKlass io/ballerina/projects/DependenciesToml
instanceKlass io/ballerina/projects/ProjectLoadResult
instanceKlass io/ballerina/projects/ProjectEnvironmentBuilder$1
instanceKlass io/ballerina/projects/internal/model/CompilerPluginDescriptor$Plugin
instanceKlass  @bci io/ballerina/projects/internal/ProjectFiles createBuildOptions (Lio/ballerina/projects/PackageConfig;Lio/ballerina/projects/BuildOptions;Ljava/nio/file/Path;Ljava/lang/String;)Lio/ballerina/projects/BuildOptions; 60 <appendix> argL0 ; # io/ballerina/projects/internal/ProjectFiles$$Lambda+0x00000008002cf410
instanceKlass  @bci io/ballerina/projects/internal/ProjectFiles createBuildOptions (Lio/ballerina/projects/PackageConfig;Lio/ballerina/projects/BuildOptions;Ljava/nio/file/Path;Ljava/lang/String;)Lio/ballerina/projects/BuildOptions; 33 <appendix> argL0 ; # io/ballerina/projects/internal/ProjectFiles$$Lambda+0x00000008002cf1e0
instanceKlass  @bci io/ballerina/projects/internal/ProjectFiles createBuildOptions (Lio/ballerina/projects/PackageConfig;Lio/ballerina/projects/BuildOptions;Ljava/nio/file/Path;Ljava/lang/String;)Lio/ballerina/projects/BuildOptions; 6 <appendix> argL0 ; # io/ballerina/projects/internal/ProjectFiles$$Lambda+0x00000008002cefb0
instanceKlass  @bci io/ballerina/projects/internal/DependencyManifestBuilder diagnostics ()Lio/ballerina/projects/DiagnosticResult; 17 <appendix> member <vmtarget> ; # io/ballerina/projects/internal/DependencyManifestBuilder$$Lambda+0x00000008002ced88
# instanceKlass java/lang/invoke/LambdaForm$MH+0x00000008002d1400
# instanceKlass java/lang/invoke/LambdaForm$MH+0x00000008002d1000
# instanceKlass java/lang/invoke/LambdaForm$DMH+0x00000008002d0c00
# instanceKlass java/lang/invoke/LambdaForm$DMH+0x00000008002d0800
instanceKlass io/ballerina/projects/internal/DependencyManifestBuilder
instanceKlass  @bci io/ballerina/projects/internal/ManifestBuilder getModuleEntries (Lio/ballerina/toml/semantic/ast/TomlTableNode;Ljava/lang/String;Lio/ballerina/projects/PackageName;)Ljava/util/List; 87 <appendix> argL0 ; # io/ballerina/projects/internal/ManifestBuilder$$Lambda+0x00000008002cdea8
instanceKlass  @bci io/ballerina/projects/internal/ManifestBuilder getModuleEntries (Lio/ballerina/toml/semantic/ast/TomlTableNode;Ljava/lang/String;Lio/ballerina/projects/PackageName;)Ljava/util/List; 82 <appendix> argL0 ; # io/ballerina/projects/internal/ManifestBuilder$$Lambda+0x00000008002cdc78
instanceKlass  @bci io/ballerina/projects/internal/ManifestBuilder getModuleEntries (Lio/ballerina/toml/semantic/ast/TomlTableNode;Ljava/lang/String;Lio/ballerina/projects/PackageName;)Ljava/util/List; 72 <appendix> member <vmtarget> ; # io/ballerina/projects/internal/ManifestBuilder$$Lambda+0x00000008002cda30
instanceKlass  @bci io/ballerina/projects/internal/ManifestBuilder getModuleEntries (Lio/ballerina/toml/semantic/ast/TomlTableNode;Ljava/lang/String;Lio/ballerina/projects/PackageName;)Ljava/util/List; 60 <appendix> argL0 ; # io/ballerina/projects/internal/ManifestBuilder$$Lambda+0x00000008002cd7f0
instanceKlass io/ballerina/projects/internal/ManifestUtils
instanceKlass  @bci io/ballerina/projects/internal/ManifestBuilder getPackageDescriptor (Lio/ballerina/toml/semantic/ast/TomlTableNode;)Lio/ballerina/projects/PackageDescriptor; 25 <appendix> argL2 form vmentry <vmtarget> ; # java/lang/invoke/LambdaForm$MH+0x00000008002d0400
instanceKlass  @bci io/ballerina/projects/util/ProjectUtils defaultName (Ljava/nio/file/Path;)Lio/ballerina/projects/PackageName; 9 <appendix> argL0 ; # io/ballerina/projects/util/ProjectUtils$$Lambda+0x00000008002cd3c8
instanceKlass io/ballerina/projects/internal/ManifestBuilder
instanceKlass  @bci io/ballerina/projects/internal/PackageConfigCreator createBuildProjectConfig (Ljava/nio/file/Path;ZLjava/lang/String;)Lio/ballerina/projects/PackageConfig; 96 <appendix> argL0 ; # io/ballerina/projects/internal/PackageConfigCreator$$Lambda+0x00000008002ccd40
instanceKlass  @bci io/ballerina/projects/internal/PackageConfigCreator createBuildProjectConfig (Ljava/nio/file/Path;ZLjava/lang/String;)Lio/ballerina/projects/PackageConfig; 75 <appendix> argL0 ; # io/ballerina/projects/internal/PackageConfigCreator$$Lambda+0x00000008002ccb10
instanceKlass  @bci io/ballerina/projects/internal/PackageConfigCreator createBuildProjectConfig (Ljava/nio/file/Path;ZLjava/lang/String;)Lio/ballerina/projects/PackageConfig; 54 <appendix> argL0 ; # io/ballerina/projects/internal/PackageConfigCreator$$Lambda+0x00000008002cc8e0
instanceKlass  @bci io/ballerina/projects/internal/PackageConfigCreator createBuildProjectConfig (Ljava/nio/file/Path;ZLjava/lang/String;)Lio/ballerina/projects/PackageConfig; 33 <appendix> argL0 ; # io/ballerina/projects/internal/PackageConfigCreator$$Lambda+0x00000008002cc6b0
# instanceKlass java/lang/invoke/LambdaForm$MH+0x00000008002d0000
# instanceKlass java/lang/invoke/LambdaForm$MH+0x00000008002cbc00
# instanceKlass java/lang/invoke/LambdaForm$MH+0x00000008002cb800
# instanceKlass java/lang/invoke/LambdaForm$MH+0x00000008002cb400
# instanceKlass java/lang/invoke/LambdaForm$MH+0x00000008002cb000
# instanceKlass java/lang/invoke/LambdaForm$MH+0x00000008002cac00
# instanceKlass java/lang/invoke/LambdaForm$MH+0x00000008002ca800
# instanceKlass java/lang/invoke/LambdaForm$MH+0x00000008002ca400
# instanceKlass java/lang/invoke/LambdaForm$MH+0x00000008002ca000
# instanceKlass java/lang/invoke/LambdaForm$MH+0x00000008002c9c00
instanceKlass  @bci io/ballerina/projects/internal/ProjectFiles loadOtherModules (Ljava/nio/file/Path;)Ljava/util/List; 66 <appendix> argL0 ; # io/ballerina/projects/internal/ProjectFiles$$Lambda+0x00000008002cc480
instanceKlass  @bci io/ballerina/projects/internal/ProjectFiles loadOtherModules (Ljava/nio/file/Path;)Ljava/util/List; 56 <appendix> argL0 ; # io/ballerina/projects/internal/ProjectFiles$$Lambda+0x00000008002cc240
instanceKlass  @bci io/ballerina/projects/internal/ProjectFiles loadOtherModules (Ljava/nio/file/Path;)Ljava/util/List; 46 <appendix> argL0 ; # io/ballerina/projects/internal/ProjectFiles$$Lambda+0x00000008002cc000
instanceKlass  @bci io/ballerina/projects/internal/ProjectFiles loadOtherModules (Ljava/nio/file/Path;)Ljava/util/List; 36 <appendix> member <vmtarget> ; # io/ballerina/projects/internal/ProjectFiles$$Lambda+0x00000008002c3bd8
instanceKlass  @bci io/ballerina/projects/internal/ProjectFiles loadTestDocuments (Ljava/nio/file/Path;)Ljava/util/List; 37 <appendix> argL0 ; # io/ballerina/projects/internal/ProjectFiles$$Lambda+0x00000008002c39a8
instanceKlass  @bci io/ballerina/projects/internal/ProjectFiles loadTestDocuments (Ljava/nio/file/Path;)Ljava/util/List; 27 <appendix> member <vmtarget> ; # io/ballerina/projects/internal/ProjectFiles$$Lambda+0x00000008002c3760
instanceKlass io/ballerina/projects/CompilerPluginCache
# instanceKlass java/lang/invoke/LambdaForm$MH+0x00000008002c9800
# instanceKlass java/lang/invoke/LambdaForm$MH+0x00000008002c9400
# instanceKlass java/lang/invoke/LambdaForm$MH+0x00000008002c9000
# instanceKlass java/lang/invoke/LambdaForm$MH+0x00000008002c8c00
# instanceKlass java/lang/invoke/LambdaForm$MH+0x00000008002c8800
# instanceKlass java/lang/invoke/LambdaForm$MH+0x00000008002c8400
# instanceKlass java/lang/invoke/LambdaForm$MH+0x00000008002c8000
# instanceKlass java/lang/invoke/LambdaForm$MH+0x00000008002c7c00
# instanceKlass java/lang/invoke/LambdaForm$MH+0x00000008002c7800
# instanceKlass java/lang/invoke/LambdaForm$MH+0x00000008002c7400
# instanceKlass java/lang/invoke/LambdaForm$MH+0x00000008002c7000
instanceKlass jdk/internal/math/DoubleToDecimal
instanceKlass io/ballerina/types/EnumerableFloat
# instanceKlass java/lang/invoke/LambdaForm$MH+0x00000008002c6c00
instanceKlass  @bci io/ballerina/projects/CompilerPluginManager loadEngagedCompilerPlugins (Ljava/util/List;)Ljava/util/List; 48 <appendix> member <vmtarget> ; # io/ballerina/projects/CompilerPluginManager$$Lambda+0x00000008002c2570
instanceKlass io/ballerina/projects/DependencyManifest$Dependency
instanceKlass org/wso2/ballerinalang/compiler/tree/BLangConstantValue
instanceKlass  @bci org/wso2/ballerinalang/compiler/desugar/Code2CloudDesugar <init> (Lorg/wso2/ballerinalang/compiler/util/CompilerContext;)V 42 <appendix> form vmentry <vmtarget> ; # java/lang/invoke/LambdaForm$MH+0x00000008002c6800
# instanceKlass java/lang/invoke/LambdaForm$MH+0x00000008002c6400
instanceKlass  @bci org/wso2/ballerinalang/compiler/desugar/Code2CloudDesugar <init> (Lorg/wso2/ballerinalang/compiler/util/CompilerContext;)V 42 <appendix> argL3 form vmentry <vmtarget> ; # java/lang/invoke/LambdaForm$MH+0x00000008002c6000
# instanceKlass java/lang/invoke/LambdaForm$MH+0x00000008002c5c00
# instanceKlass java/lang/invoke/LambdaForm$MH+0x00000008002c5800
# instanceKlass java/lang/invoke/LambdaForm$MH+0x00000008002c5400
# instanceKlass java/lang/invoke/LambdaForm$MH+0x00000008002c5000
instanceKlass  @bci org/wso2/ballerinalang/compiler/desugar/Code2CloudDesugar <init> (Lorg/wso2/ballerinalang/compiler/util/CompilerContext;)V 42 <appendix> argL1 form vmentry <vmtarget> ; # java/lang/invoke/LambdaForm$MH+0x00000008002c4c00
# instanceKlass java/lang/invoke/LambdaForm$MH+0x00000008002c4800
# instanceKlass java/lang/invoke/LambdaForm$MH+0x00000008002c4400
# instanceKlass java/lang/invoke/LambdaForm$MH+0x00000008002c4000
instanceKlass org/wso2/ballerinalang/compiler/semantics/model/types/BTypeIdSet$BTypeId
instanceKlass org/wso2/ballerinalang/compiler/semantics/model/types/BObjectType$DistinctIdSupplier
instanceKlass io/ballerina/projects/plugins/CodeAnalyzer
instanceKlass io/ballerina/projects/plugins/codeaction/CodeAction
instanceKlass io/ballerina/projects/plugins/CompilerPlugin
instanceKlass io/ballerina/projects/internal/plugins/CompilerPlugins
instanceKlass  @bci io/ballerina/projects/CompilerPluginManager getDirectDependencies (Lio/ballerina/projects/ResolvedPackageDependency;Lio/ballerina/projects/DependencyGraph;)Ljava/util/List; 10 <appendix> argL0 ; # io/ballerina/projects/CompilerPluginManager$$Lambda+0x00000008002c01f0
instanceKlass io/ballerina/projects/plugins/CompilerPluginContext
instanceKlass io/ballerina/projects/CompilerPluginInfo
instanceKlass io/ballerina/projects/CompilerPluginManager
instanceKlass org/wso2/ballerinalang/compiler/util/CompilerUtils
# instanceKlass org/wso2/ballerinalang/compiler/PackageCache$$Lambda+0x00000008002bf450
instanceKlass  @bci org/wso2/ballerinalang/compiler/PackageCache putSymbol (Lorg/ballerinalang/model/elements/PackageID;Lorg/wso2/ballerinalang/compiler/semantics/model/symbols/BPackageSymbol;)V 21 <appendix> argL0 ; # org/wso2/ballerinalang/compiler/PackageCache$$Lambda+0x00000008002bf220
instanceKlass org/wso2/ballerinalang/compiler/semantics/model/SymbolEnv
# instanceKlass org/wso2/ballerinalang/compiler/BIRPackageSymbolEnter$$Lambda+0x00000008002bede8
instanceKlass  @bci org/wso2/ballerinalang/compiler/BIRPackageSymbolEnter definePackage (Ljava/io/DataInputStream;I)Lorg/wso2/ballerinalang/compiler/semantics/model/symbols/BPackageSymbol; 240 <appendix> member <vmtarget> ; # org/wso2/ballerinalang/compiler/BIRPackageSymbolEnter$$Lambda+0x00000008002bebd0
instanceKlass org/wso2/ballerinalang/util/AttachPoints$1
instanceKlass org/wso2/ballerinalang/util/AttachPoints
instanceKlass org/ballerinalang/model/elements/AttachPoint
instanceKlass  @bci org/wso2/ballerinalang/compiler/BIRPackageSymbolEnter definePackage (Ljava/io/DataInputStream;I)Lorg/wso2/ballerinalang/compiler/semantics/model/symbols/BPackageSymbol; 226 <appendix> member <vmtarget> ; # org/wso2/ballerinalang/compiler/BIRPackageSymbolEnter$$Lambda+0x00000008002bdfa8
# instanceKlass org/wso2/ballerinalang/compiler/BIRPackageSymbolEnter$$Lambda+0x00000008002bdd90
# instanceKlass org/wso2/ballerinalang/compiler/BIRPackageSymbolEnter$$Lambda+0x00000008002bdb78
instanceKlass  @bci org/wso2/ballerinalang/compiler/BIRPackageSymbolEnter definePackage (Ljava/io/DataInputStream;I)Lorg/wso2/ballerinalang/compiler/semantics/model/symbols/BPackageSymbol; 212 <appendix> member <vmtarget> ; # org/wso2/ballerinalang/compiler/BIRPackageSymbolEnter$$Lambda+0x00000008002bd960
# instanceKlass org/wso2/ballerinalang/compiler/BIRPackageSymbolEnter$$Lambda+0x00000008002bd748
instanceKlass  @bci org/wso2/ballerinalang/compiler/BIRPackageSymbolEnter readTypeDefBodies (Ljava/io/DataInputStream;)V 56 <appendix> member <vmtarget> ; # org/wso2/ballerinalang/compiler/BIRPackageSymbolEnter$$Lambda+0x00000008002bd530
# instanceKlass org/wso2/ballerinalang/compiler/BIRPackageSymbolEnter$$Lambda+0x00000008002bd318
instanceKlass  @bci org/wso2/ballerinalang/compiler/BIRPackageSymbolEnter readTypeDefBodies (Ljava/io/DataInputStream;)V 42 <appendix> member <vmtarget> ; # org/wso2/ballerinalang/compiler/BIRPackageSymbolEnter$$Lambda+0x00000008002bd100
# instanceKlass org/wso2/ballerinalang/compiler/BIRPackageSymbolEnter$$Lambda+0x00000008002bcee8
instanceKlass  @bci org/wso2/ballerinalang/compiler/BIRPackageSymbolEnter definePackage (Ljava/io/DataInputStream;I)Lorg/wso2/ballerinalang/compiler/semantics/model/symbols/BPackageSymbol; 193 <appendix> member <vmtarget> ; # org/wso2/ballerinalang/compiler/BIRPackageSymbolEnter$$Lambda+0x00000008002bccd0
instanceKlass org/ballerinalang/model/elements/MarkdownDocAttachment$Parameter
instanceKlass org/wso2/ballerinalang/compiler/semantics/model/types/BField
instanceKlass org/wso2/ballerinalang/compiler/semantics/model/types/NamedNode
instanceKlass org/ballerinalang/model/types/Field
instanceKlass org/ballerinalang/model/elements/MarkdownDocAttachment
instanceKlass java/util/LinkedList$Node
instanceKlass org/wso2/ballerinalang/compiler/BIRPackageSymbolEnter$BIRTypeReader
instanceKlass  @bci org/wso2/ballerinalang/compiler/BIRPackageSymbolEnter definePackage (Ljava/io/DataInputStream;I)Lorg/wso2/ballerinalang/compiler/semantics/model/symbols/BPackageSymbol; 179 <appendix> member <vmtarget> ; # org/wso2/ballerinalang/compiler/BIRPackageSymbolEnter$$Lambda+0x00000008002bb848
instanceKlass  @bci org/wso2/ballerinalang/compiler/BIRPackageSymbolEnter definePackage (Ljava/io/DataInputStream;I)Lorg/wso2/ballerinalang/compiler/semantics/model/symbols/BPackageSymbol; 154 <appendix> member <vmtarget> ; # org/wso2/ballerinalang/compiler/BIRPackageSymbolEnter$$Lambda+0x00000008002bb630
instanceKlass  @bci org/wso2/ballerinalang/util/LambdaExceptionUtils rethrow (Lorg/wso2/ballerinalang/util/LambdaExceptionUtils$ConsumerWithExceptions;)Ljava/util/function/Consumer; 1 <appendix> member <vmtarget> ; # org/wso2/ballerinalang/util/LambdaExceptionUtils$$Lambda+0x00000008002bb408
instanceKlass org/wso2/ballerinalang/util/LambdaExceptionUtils
instanceKlass  @bci org/wso2/ballerinalang/compiler/BIRPackageSymbolEnter definePackage (Ljava/io/DataInputStream;I)Lorg/wso2/ballerinalang/compiler/semantics/model/symbols/BPackageSymbol; 140 <appendix> member <vmtarget> ; # org/wso2/ballerinalang/compiler/BIRPackageSymbolEnter$$Lambda+0x00000008002baff8
instanceKlass org/wso2/ballerinalang/util/LambdaExceptionUtils$ConsumerWithExceptions
instanceKlass org/wso2/ballerinalang/compiler/BIRPackageSymbolEnter$1
instanceKlass jdk/internal/util/ByteArray
instanceKlass org/wso2/ballerinalang/compiler/BIRPackageSymbolEnter$BIRPackageSymbolEnv
instanceKlass org/wso2/ballerinalang/compiler/bir/writer/CPEntry
instanceKlass org/wso2/ballerinalang/compiler/BIRPackageSymbolEnter
instanceKlass org/apache/commons/io/filefilter/IOFileFilter
instanceKlass java/io/FilenameFilter
instanceKlass java/io/FileFilter
instanceKlass org/apache/commons/io/file/PathFilter
instanceKlass org/apache/commons/io/FileUtils
# instanceKlass io/ballerina/projects/Diagnostics$$Lambda+0x00000008002b3870
instanceKlass  @bci io/ballerina/projects/Diagnostics filterDiagnostics (Ljava/util/Collection;Lio/ballerina/tools/diagnostics/DiagnosticSeverity;)Ljava/util/Collection; 2 <appendix> member <vmtarget> ; # io/ballerina/projects/Diagnostics$$Lambda+0x00000008002b3628
instanceKlass io/ballerina/projects/Diagnostics
# instanceKlass io/ballerina/projects/Module$$Lambda+0x00000008002b2dd8
instanceKlass  @bci io/ballerina/projects/Module <init> (Lio/ballerina/projects/ModuleContext;Lio/ballerina/projects/Package;)V 50 <appendix> member <vmtarget> ; # io/ballerina/projects/Module$$Lambda+0x00000008002b2ba0
instanceKlass  @bci io/ballerina/projects/DependencyGraph toTopologicallySortedList ()Ljava/util/List; 133 <appendix> argL0 ; # io/ballerina/projects/DependencyGraph$$Lambda+0x00000008002b2980
# instanceKlass io/ballerina/projects/DependencyGraph$$Lambda+0x00000008002b2760
instanceKlass  @bci io/ballerina/artifactsgenerator/Artifact$Builder build ()Lio/ballerina/artifactsgenerator/Artifact; 23 <appendix> form vmentry <vmtarget> ; # java/lang/invoke/LambdaForm$MH+0x00000008002b6c00
# instanceKlass java/lang/invoke/LambdaForm$MH+0x00000008002b6000
instanceKlass  @bci io/ballerina/artifactsgenerator/Artifact$Builder build ()Lio/ballerina/artifactsgenerator/Artifact; 23 <appendix> argL3 form vmentry <vmtarget> ; # java/lang/invoke/LambdaForm$MH+0x00000008002b5c00
# instanceKlass java/lang/invoke/LambdaForm$MH+0x00000008002b5400
# instanceKlass java/lang/invoke/LambdaForm$MH+0x00000008002b4c00
# instanceKlass java/lang/invoke/LambdaForm$MH+0x00000008002b4400
# instanceKlass io/ballerina/projects/PackageResolution$$Lambda+0x00000008002b2530
instanceKlass io/ballerina/projects/PackageResolution$DependencyResolution
instanceKlass  @bci io/ballerina/projects/PackageResolution buildPackageGraph (Lio/ballerina/projects/DependencyGraph;Lio/ballerina/projects/Package;Lio/ballerina/projects/environment/PackageResolver;)Lio/ballerina/projects/DependencyGraph; 562 <appendix> argL0 ; # io/ballerina/projects/PackageResolution$$Lambda+0x00000008002b20e8
# instanceKlass io/ballerina/projects/PackageResolution$$Lambda+0x00000008002b1eb0
instanceKlass  @bci io/ballerina/projects/PackageResolution buildPackageGraph (Lio/ballerina/projects/DependencyGraph;Lio/ballerina/projects/Package;Lio/ballerina/projects/environment/PackageResolver;)Lio/ballerina/projects/DependencyGraph; 552 <appendix> member <vmtarget> ; # io/ballerina/projects/PackageResolution$$Lambda+0x00000008002b1c78
# instanceKlass io/ballerina/projects/PackageResolution$$Lambda+0x00000008002b1a48
instanceKlass  @bci io/ballerina/projects/PackageResolution buildPackageGraph (Lio/ballerina/projects/DependencyGraph;Lio/ballerina/projects/Package;Lio/ballerina/projects/environment/PackageResolver;)Lio/ballerina/projects/DependencyGraph; 134 <appendix> argL0 ; # io/ballerina/projects/PackageResolution$$Lambda+0x00000008002b1818
# instanceKlass io/ballerina/projects/PackageResolution$$Lambda+0x00000008002b15e0
instanceKlass  @bci io/ballerina/projects/PackageResolution buildPackageGraph (Lio/ballerina/projects/DependencyGraph;Lio/ballerina/projects/Package;Lio/ballerina/projects/environment/PackageResolver;)Lio/ballerina/projects/DependencyGraph; 83 <appendix> member <vmtarget> ; # io/ballerina/projects/PackageResolution$$Lambda+0x00000008002b13a8
instanceKlass  @bci io/ballerina/projects/PackageResolution buildPackageGraph (Lio/ballerina/projects/DependencyGraph;Lio/ballerina/projects/Package;Lio/ballerina/projects/environment/PackageResolver;)Lio/ballerina/projects/DependencyGraph; 72 <appendix> member <vmtarget> ; # io/ballerina/projects/PackageResolution$$Lambda+0x00000008002b1160
# instanceKlass io/ballerina/projects/PackageResolution$$Lambda+0x00000008002b0f18
instanceKlass io/ballerina/projects/internal/ResolutionEngine$DependencyNode
instanceKlass io/ballerina/projects/internal/ModuleResolver
instanceKlass  @bci io/ballerina/projects/PackageResolution createModuleResolver (Lio/ballerina/projects/PackageContext;Lio/ballerina/projects/environment/ProjectEnvironment;)Lio/ballerina/projects/internal/ModuleResolver; 25 <appendix> argL0 ; # io/ballerina/projects/PackageResolution$$Lambda+0x00000008002b0888
# instanceKlass io/ballerina/projects/PackageResolution$$Lambda+0x00000008002b0658
# instanceKlass io/ballerina/projects/PackageResolution$$Lambda+0x00000008002b0420
instanceKlass  @bci io/ballerina/projects/PackageResolution createModuleResolver (Lio/ballerina/projects/PackageContext;Lio/ballerina/projects/environment/ProjectEnvironment;)Lio/ballerina/projects/internal/ModuleResolver; 15 <appendix> member <vmtarget> ; # io/ballerina/projects/PackageResolution$$Lambda+0x00000008002b01e8
# instanceKlass io/ballerina/projects/internal/BlendedManifest$$Lambda+0x00000008002afa58
instanceKlass  @bci io/ballerina/projects/internal/BlendedManifest moduleNames (Lio/ballerina/projects/DependencyManifest$Package;)Ljava/util/Collection; 9 <appendix> argL0 ; # io/ballerina/projects/internal/BlendedManifest$$Lambda+0x00000008002af828
instanceKlass io/ballerina/projects/DependencyManifest$Module
instanceKlass io/ballerina/projects/internal/BlendedManifest$Dependency
instanceKlass io/ballerina/projects/internal/BlendedManifest$Repository
instanceKlass io/ballerina/projects/internal/BlendedManifest
instanceKlass io/ballerina/projects/PackageResolution
# instanceKlass io/ballerina/projects/Bootstrap$$Lambda+0x00000008002ae160
instanceKlass  @bci io/ballerina/projects/Bootstrap loadLangLibFromBala (Lio/ballerina/projects/environment/ResolutionRequest;)V 25 <appendix> argL0 ; # io/ballerina/projects/Bootstrap$$Lambda+0x00000008002adf40
instanceKlass  @bci io/ballerina/projects/internal/environment/EnvironmentPackageCache cache (Lio/ballerina/projects/Package;)V 43 <appendix> argL0 ; # io/ballerina/projects/internal/environment/EnvironmentPackageCache$$Lambda+0x00000008002ad8f0
instanceKlass  @bci io/ballerina/projects/internal/environment/EnvironmentPackageCache cache (Lio/ballerina/projects/Package;)V 26 <appendix> argL0 ; # io/ballerina/projects/internal/environment/EnvironmentPackageCache$$Lambda+0x00000008002ad6c0
instanceKlass  @bci io/ballerina/projects/internal/environment/DefaultPackageResolver resolvePackage (Lio/ballerina/projects/environment/ResolutionRequest;Lio/ballerina/projects/environment/ResolutionOptions;)Lio/ballerina/projects/environment/ResolutionResponse; 30 <appendix> member <vmtarget> ; # io/ballerina/projects/internal/environment/DefaultPackageResolver$$Lambda+0x00000008002ad498
instanceKlass  @bci io/ballerina/projects/Package <init> (Lio/ballerina/projects/PackageContext;Lio/ballerina/projects/Project;)V 108 <appendix> member <vmtarget> ; # io/ballerina/projects/Package$$Lambda+0x00000008002ad260
instanceKlass io/ballerina/projects/Resource
instanceKlass  @bci io/ballerina/projects/Package <init> (Lio/ballerina/projects/PackageContext;Lio/ballerina/projects/Project;)V 76 <appendix> member <vmtarget> ; # io/ballerina/projects/Package$$Lambda+0x00000008002acdf8
instanceKlass  @bci io/ballerina/projects/PackageContext from (Lio/ballerina/projects/Project;Lio/ballerina/projects/PackageConfig;Lio/ballerina/projects/CompilationOptions;)Lio/ballerina/projects/PackageContext; 308 <appendix> argL0 ; # io/ballerina/projects/PackageContext$$Lambda+0x00000008002acbc8
instanceKlass  @bci io/ballerina/projects/PackageContext from (Lio/ballerina/projects/Project;Lio/ballerina/projects/PackageConfig;Lio/ballerina/projects/CompilationOptions;)Lio/ballerina/projects/PackageContext; 289 <appendix> argL0 ; # io/ballerina/projects/PackageContext$$Lambda+0x00000008002ac998
instanceKlass  @bci io/ballerina/projects/PackageContext from (Lio/ballerina/projects/Project;Lio/ballerina/projects/PackageConfig;Lio/ballerina/projects/CompilationOptions;)Lio/ballerina/projects/PackageContext; 270 <appendix> argL0 ; # io/ballerina/projects/PackageContext$$Lambda+0x00000008002ac768
instanceKlass  @bci io/ballerina/projects/PackageContext from (Lio/ballerina/projects/Project;Lio/ballerina/projects/PackageConfig;Lio/ballerina/projects/CompilationOptions;)Lio/ballerina/projects/PackageContext; 251 <appendix> argL0 ; # io/ballerina/projects/PackageContext$$Lambda+0x00000008002ac538
instanceKlass  @bci io/ballerina/projects/PackageContext from (Lio/ballerina/projects/Project;Lio/ballerina/projects/PackageConfig;Lio/ballerina/projects/CompilationOptions;)Lio/ballerina/projects/PackageContext; 232 <appendix> argL0 ; # io/ballerina/projects/PackageContext$$Lambda+0x00000008002ac308
instanceKlass  @bci io/ballerina/projects/PackageContext from (Lio/ballerina/projects/Project;Lio/ballerina/projects/PackageConfig;Lio/ballerina/projects/CompilationOptions;)Lio/ballerina/projects/PackageContext; 213 <appendix> argL0 ; # io/ballerina/projects/PackageContext$$Lambda+0x00000008002ac0d8
instanceKlass io/ballerina/projects/TomlDocumentContext
instanceKlass  @bci io/ballerina/projects/ModuleContext from (Lio/ballerina/projects/Project;Lio/ballerina/projects/ModuleConfig;Z)Lio/ballerina/projects/ModuleContext; 150 <appendix> argL0 ; # io/ballerina/projects/ModuleContext$$Lambda+0x00000008002abca0
instanceKlass io/ballerina/projects/MdDocumentContext
instanceKlass io/ballerina/projects/DocumentContext
instanceKlass org/wso2/ballerinalang/programfile/CompiledBinaryFile
instanceKlass io/ballerina/projects/ModuleContext
instanceKlass io/ballerina/projects/PackageContext
instanceKlass io/ballerina/projects/internal/bala/BalaJson
instanceKlass io/ballerina/projects/internal/environment/ProjectPackageCache
instanceKlass io/ballerina/projects/PackageConfig
instanceKlass  @bci io/ballerina/projects/internal/PackageConfigCreator createPackageConfig (Lio/ballerina/projects/internal/PackageData;Lio/ballerina/projects/PackageManifest;Lio/ballerina/projects/DependencyManifest;Lio/ballerina/projects/DependencyGraph;Ljava/util/Map;Z)Lio/ballerina/projects/PackageConfig; 245 <appendix> argL0 ; # io/ballerina/projects/internal/PackageConfigCreator$$Lambda+0x00000008002aa070
instanceKlass  @bci io/ballerina/projects/internal/PackageConfigCreator createPackageConfig (Lio/ballerina/projects/internal/PackageData;Lio/ballerina/projects/PackageManifest;Lio/ballerina/projects/DependencyManifest;Lio/ballerina/projects/DependencyGraph;Ljava/util/Map;Z)Lio/ballerina/projects/PackageConfig; 156 <appendix> argL0 ; # io/ballerina/projects/internal/PackageConfigCreator$$Lambda+0x00000008002a9e40
instanceKlass  @bci io/ballerina/projects/internal/PackageConfigCreator createPackageConfig (Lio/ballerina/projects/internal/PackageData;Lio/ballerina/projects/PackageManifest;Lio/ballerina/projects/DependencyManifest;Lio/ballerina/projects/DependencyGraph;Ljava/util/Map;Z)Lio/ballerina/projects/PackageConfig; 135 <appendix> argL0 ; # io/ballerina/projects/internal/PackageConfigCreator$$Lambda+0x00000008002a9c10
instanceKlass  @bci io/ballerina/projects/internal/PackageConfigCreator createPackageConfig (Lio/ballerina/projects/internal/PackageData;Lio/ballerina/projects/PackageManifest;Lio/ballerina/projects/DependencyManifest;Lio/ballerina/projects/DependencyGraph;Ljava/util/Map;Z)Lio/ballerina/projects/PackageConfig; 114 <appendix> argL0 ; # io/ballerina/projects/internal/PackageConfigCreator$$Lambda+0x00000008002a99e0
instanceKlass  @bci io/ballerina/projects/internal/PackageConfigCreator createPackageConfig (Lio/ballerina/projects/internal/PackageData;Lio/ballerina/projects/PackageManifest;Lio/ballerina/projects/DependencyManifest;Lio/ballerina/projects/DependencyGraph;Ljava/util/Map;Z)Lio/ballerina/projects/PackageConfig; 93 <appendix> argL0 ; # io/ballerina/projects/internal/PackageConfigCreator$$Lambda+0x00000008002a97b0
instanceKlass  @bci io/ballerina/projects/internal/PackageConfigCreator createPackageConfig (Lio/ballerina/projects/internal/PackageData;Lio/ballerina/projects/PackageManifest;Lio/ballerina/projects/DependencyManifest;Lio/ballerina/projects/DependencyGraph;Ljava/util/Map;Z)Lio/ballerina/projects/PackageConfig; 72 <appendix> argL0 ; # io/ballerina/projects/internal/PackageConfigCreator$$Lambda+0x00000008002a9580
instanceKlass  @bci java/util/stream/StreamSpliterators$WrappingSpliterator forEachRemaining (Ljava/util/function/Consumer;)V 33 <appendix> member <vmtarget> ; # java/util/stream/StreamSpliterators$WrappingSpliterator$$Lambda+0x000000080027ae38
instanceKlass java/util/stream/StreamSpliterators
instanceKlass java/util/stream/Streams$2
instanceKlass java/util/stream/StreamSpliterators$AbstractWrappingSpliterator
instanceKlass  @bci java/util/stream/AbstractPipeline spliterator ()Ljava/util/Spliterator; 103 <appendix> member <vmtarget> ; # java/util/stream/AbstractPipeline$$Lambda+0x000000080027a2f8
instanceKlass java/util/stream/Streams$ConcatSpliterator
instanceKlass  @bci io/ballerina/projects/internal/PackageConfigCreator createModuleConfig (Lio/ballerina/projects/ModuleDescriptor;Lio/ballerina/projects/internal/ModuleData;Lio/ballerina/projects/PackageId;Ljava/util/List;)Lio/ballerina/projects/ModuleConfig; 39 <appendix> argL0 ; # io/ballerina/projects/internal/PackageConfigCreator$$Lambda+0x00000008002a9350
instanceKlass  @bci io/ballerina/projects/internal/PackageConfigCreator createDocumentConfig (Lio/ballerina/projects/internal/DocumentData;Lio/ballerina/projects/ModuleId;)Lio/ballerina/projects/DocumentConfig; 16 <appendix> member <vmtarget> ; # io/ballerina/projects/internal/PackageConfigCreator$$Lambda+0x00000008002a8d08
instanceKlass  @bci io/ballerina/projects/internal/PackageConfigCreator getDocumentConfigs (Lio/ballerina/projects/ModuleId;Ljava/util/List;)Ljava/util/List; 20 <appendix> member <vmtarget> ; # io/ballerina/projects/internal/PackageConfigCreator$$Lambda+0x00000008002a8ad0
instanceKlass io/ballerina/projects/DocumentConfig
instanceKlass java/util/stream/SortedOps
instanceKlass  @bci io/ballerina/projects/internal/PackageConfigCreator getDocumentConfigs (Lio/ballerina/projects/ModuleId;Ljava/util/List;)Ljava/util/List; 6 <appendix> argL0 ; # io/ballerina/projects/internal/PackageConfigCreator$$Lambda+0x00000008002a8688
instanceKlass  @bci io/ballerina/projects/internal/PackageConfigCreator createPackageConfig (Lio/ballerina/projects/internal/PackageData;Lio/ballerina/projects/PackageManifest;Lio/ballerina/projects/DependencyManifest;Lio/ballerina/projects/DependencyGraph;Ljava/util/Map;Z)Lio/ballerina/projects/PackageConfig; 30 <appendix> member <vmtarget> ; # io/ballerina/projects/internal/PackageConfigCreator$$Lambda+0x00000008002a8450
instanceKlass io/ballerina/projects/ModuleConfig
instanceKlass io/ballerina/projects/PackageId
instanceKlass io/ballerina/projects/internal/BalaFiles$DependencyGraphResult
instanceKlass  @bci io/ballerina/projects/internal/BalaFiles createModDescriptorList (Ljava/util/List;)Ljava/util/List; 6 <appendix> argL0 ; # io/ballerina/projects/internal/BalaFiles$$Lambda+0x00000008002a5d20
instanceKlass io/ballerina/projects/ModuleName
instanceKlass  @bci io/ballerina/projects/internal/BalaFiles createModuleDescDependencies (Ljava/util/List;)Ljava/util/Map; 11 <appendix> argL0 ; # io/ballerina/projects/internal/BalaFiles$$Lambda+0x00000008002a58d8
instanceKlass  @bci io/ballerina/projects/internal/BalaFiles createModuleDescDependencies (Ljava/util/List;)Ljava/util/Map; 6 <appendix> argL0 ; # io/ballerina/projects/internal/BalaFiles$$Lambda+0x00000008002a56a8
instanceKlass io/ballerina/projects/ModuleDescriptor
instanceKlass  @bci io/ballerina/projects/DependencyGraph$DependencyGraphBuilder addDependencies (Ljava/lang/Object;Ljava/util/Collection;)Lio/ballerina/projects/DependencyGraph$DependencyGraphBuilder; 14 <appendix> member <vmtarget> ; # io/ballerina/projects/DependencyGraph$DependencyGraphBuilder$$Lambda+0x00000008002a5228
instanceKlass  @cpi io/ballerina/artifactsgenerator/ModuleNodeTransformer 596 form vmentry <vmtarget> ; # java/lang/invoke/LambdaForm$DMH+0x00000008002a4800
instanceKlass io/ballerina/projects/DependencyGraph$DependencyGraphBuilder
instanceKlass io/ballerina/projects/DependencyGraph
instanceKlass io/ballerina/projects/internal/PackageData
instanceKlass  @bci io/ballerina/projects/internal/BalaFiles loadOtherModules (Ljava/lang/String;Ljava/nio/file/Path;Lio/ballerina/projects/internal/model/PackageJson;)Ljava/util/List; 67 <appendix> member <vmtarget> ; # io/ballerina/projects/internal/BalaFiles$$Lambda+0x00000008002a77f8
instanceKlass  @bci io/ballerina/projects/internal/BalaFiles loadOtherModules (Ljava/lang/String;Ljava/nio/file/Path;Lio/ballerina/projects/internal/model/PackageJson;)Ljava/util/List; 54 <appendix> argL0 ; # io/ballerina/projects/internal/BalaFiles$$Lambda+0x00000008002a75c8
instanceKlass  @bci io/ballerina/projects/internal/BalaFiles loadOtherModules (Ljava/lang/String;Ljava/nio/file/Path;Lio/ballerina/projects/internal/model/PackageJson;)Ljava/util/List; 44 <appendix> argL0 ; # io/ballerina/projects/internal/BalaFiles$$Lambda+0x00000008002a7388
instanceKlass  @bci io/ballerina/projects/internal/BalaFiles loadOtherModules (Ljava/lang/String;Ljava/nio/file/Path;Lio/ballerina/projects/internal/model/PackageJson;)Ljava/util/List; 34 <appendix> member <vmtarget> ; # io/ballerina/projects/internal/BalaFiles$$Lambda+0x00000008002a7140
instanceKlass  @bci io/ballerina/projects/internal/BalaFiles loadOtherModules (Ljava/lang/String;Ljava/nio/file/Path;Lio/ballerina/projects/internal/model/PackageJson;)Ljava/util/List; 23 <appendix> member <vmtarget> ; # io/ballerina/projects/internal/BalaFiles$$Lambda+0x00000008002a6ef8
instanceKlass io/ballerina/projects/internal/ModuleData
instanceKlass  @bci io/ballerina/projects/internal/ProjectFiles getDocumentData (Ljava/nio/file/Path;ZLjava/nio/charset/Charset;)Lio/ballerina/projects/internal/DocumentData; 59 <appendix> member <vmtarget> ; # io/ballerina/projects/internal/ProjectFiles$$Lambda+0x00000008002a6680
# instanceKlass java/util/stream/Collectors$$Lambda+0x0000000800278a70
instanceKlass  @bci java/util/stream/Collectors toList ()Ljava/util/stream/Collector; 14 <appendix> argL0 ; # java/util/stream/Collectors$$Lambda+0x0000000800278838
instanceKlass  @bci java/util/stream/Collectors toList ()Ljava/util/stream/Collector; 9 <appendix> argL0 ; # java/util/stream/Collectors$$Lambda+0x0000000800278618
instanceKlass  @bci java/util/stream/Collectors toList ()Ljava/util/stream/Collector; 4 <appendix> argL0 ; # java/util/stream/Collectors$$Lambda+0x0000000800278408
# instanceKlass java/util/stream/Collectors$$Lambda+0x00000008002781f8
instanceKlass  @bci io/ballerina/projects/internal/ProjectFiles loadDocuments (Ljava/nio/file/Path;)Ljava/util/List; 47 <appendix> argL0 ; # io/ballerina/projects/internal/ProjectFiles$$Lambda+0x00000008002a6450
instanceKlass io/ballerina/projects/internal/DocumentData
instanceKlass  @bci io/ballerina/projects/internal/ProjectFiles loadDocuments (Ljava/nio/file/Path;)Ljava/util/List; 37 <appendix> argL0 ; # io/ballerina/projects/internal/ProjectFiles$$Lambda+0x00000008002a6000
# instanceKlass io/ballerina/projects/internal/ProjectFiles$$Lambda+0x00000008002a3c78
instanceKlass  @bci io/ballerina/projects/internal/ProjectFiles loadDocuments (Ljava/nio/file/Path;)Ljava/util/List; 27 <appendix> member <vmtarget> ; # io/ballerina/projects/internal/ProjectFiles$$Lambda+0x00000008002a3a30
instanceKlass  @bci java/nio/file/Files walk (Ljava/nio/file/Path;I[Ljava/nio/file/FileVisitOption;)Ljava/util/stream/Stream; 43 <appendix> argL0 ; # java/nio/file/Files$$Lambda+0x0000000800277fc8
# instanceKlass java/nio/file/Files$$Lambda+0x0000000800277db0
instanceKlass  @bci java/nio/file/Files walk (Ljava/nio/file/Path;I[Ljava/nio/file/FileVisitOption;)Ljava/util/stream/Stream; 30 <appendix> member <vmtarget> ; # java/nio/file/Files$$Lambda+0x0000000800277b98
instanceKlass  @cpi java/nio/file/Files 1117 form vmentry <vmtarget> ; # java/lang/invoke/LambdaForm$DMH+0x00000008002a4000
instanceKlass java/nio/file/FileTreeWalker$Event
instanceKlass java/nio/file/FileTreeWalker$DirectoryNode
instanceKlass java/nio/file/FileTreeWalker
instanceKlass java/nio/file/FileTreeIterator
# instanceKlass io/ballerina/projects/internal/PackageContainer$$Lambda+0x00000008002a35d0
instanceKlass  @bci io/ballerina/projects/internal/PackageContainer add (Lio/ballerina/projects/PackageOrg;Lio/ballerina/projects/PackageName;Ljava/lang/Object;)V 5 <appendix> argL0 ; # io/ballerina/projects/internal/PackageContainer$$Lambda+0x00000008002a3800
instanceKlass io/ballerina/projects/internal/PackageContainer
instanceKlass io/ballerina/projects/DependencyManifest
instanceKlass io/ballerina/projects/DependencyManifest$Package
instanceKlass io/ballerina/projects/internal/bala/ModuleDependency
instanceKlass io/ballerina/projects/internal/model/Dependency$Module
instanceKlass com/google/gson/internal/bind/TypeAdapters$EnumTypeAdapter$1
instanceKlass io/ballerina/projects/internal/model/Dependency
instanceKlass io/ballerina/projects/internal/bala/DependencyGraphJson
instanceKlass io/ballerina/projects/PackageManifest
instanceKlass  @bci io/ballerina/projects/internal/BalaFiles getPackageManifest (Lio/ballerina/projects/internal/model/PackageJson;Ljava/util/Optional;Ljava/util/Optional;Ljava/lang/String;)Lio/ballerina/projects/PackageManifest; 121 <appendix> argL0 ; # io/ballerina/projects/internal/BalaFiles$$Lambda+0x00000008002a1d00
# instanceKlass io/ballerina/projects/internal/BalaFiles$$Lambda+0x00000008002a1ad0
instanceKlass io/ballerina/projects/internal/bala/BalToolJson
instanceKlass io/ballerina/projects/internal/model/BalToolDescriptor
# instanceKlass io/ballerina/projects/internal/BalaFiles$$Lambda+0x00000008002a1470
instanceKlass  @bci io/ballerina/projects/internal/BalaFiles getPackageManifest (Lio/ballerina/projects/internal/model/PackageJson;Ljava/util/Optional;Ljava/util/Optional;Ljava/lang/String;)Lio/ballerina/projects/PackageManifest; 103 <appendix> argL0 ; # io/ballerina/projects/internal/BalaFiles$$Lambda+0x00000008002a1240
instanceKlass io/ballerina/projects/internal/bala/CompilerPluginJson
instanceKlass io/ballerina/projects/internal/model/CompilerPluginDescriptor
instanceKlass io/ballerina/projects/PackageManifest$Platform
instanceKlass io/ballerina/projects/internal/model/LocalDependency
instanceKlass io/ballerina/projects/internal/model/PlatformLibrary
instanceKlass io/ballerina/projects/internal/model/PackageJson
instanceKlass io/ballerina/projects/internal/BalaFiles
instanceKlass io/ballerina/projects/internal/ProjectFiles
instanceKlass io/ballerina/projects/ResourceConfig
instanceKlass io/ballerina/projects/internal/PackageConfigCreator
instanceKlass io/ballerina/projects/repos/FileSystemCache$FileSystemCacheFactory
# instanceKlass io/ballerina/projects/internal/environment/DefaultPackageResolver$$Lambda+0x000000080029ef88
instanceKlass  @bci io/ballerina/projects/internal/environment/EnvironmentPackageCache getPackage (Lio/ballerina/projects/PackageOrg;Lio/ballerina/projects/PackageName;Lio/ballerina/projects/PackageVersion;)Ljava/util/Optional; 48 <appendix> argL0 ; # io/ballerina/projects/internal/environment/EnvironmentPackageCache$$Lambda+0x000000080029ed58
instanceKlass  @bci io/ballerina/projects/internal/environment/DefaultPackageResolver resolvePackages (Ljava/util/Collection;Lio/ballerina/projects/environment/ResolutionOptions;)Ljava/util/Collection; 21 <appendix> member <vmtarget> ; # io/ballerina/projects/internal/environment/DefaultPackageResolver$$Lambda+0x000000080029eb20
instanceKlass io/ballerina/projects/environment/ResolutionResponse
instanceKlass java/util/Collections$2
instanceKlass io/ballerina/projects/environment/ResolutionOptions$ResolutionOptionBuilder
instanceKlass io/ballerina/projects/environment/ResolutionOptions
instanceKlass io/ballerina/projects/environment/ResolutionRequest
instanceKlass io/ballerina/projects/PackageDescriptor
instanceKlass io/ballerina/projects/SemanticVersion
instanceKlass io/ballerina/projects/PackageVersion
instanceKlass io/ballerina/projects/PackageName
instanceKlass io/ballerina/projects/PackageOrg
instanceKlass org/wso2/ballerinalang/compiler/SourceDirectory
instanceKlass org/wso2/ballerinalang/compiler/semantics/model/TypeVisitor
instanceKlass org/wso2/ballerinalang/compiler/util/Unifier
instanceKlass org/wso2/ballerinalang/compiler/semantics/model/types/BTypeVisitor
instanceKlass org/wso2/ballerinalang/compiler/tree/BLangNodeAnalyzer
instanceKlass org/wso2/ballerinalang/compiler/parser/BLangMissingNodesHelper
instanceKlass org/wso2/ballerinalang/compiler/semantics/analyzer/TypeResolver
instanceKlass org/wso2/ballerinalang/compiler/semantics/analyzer/TypeParamAnalyzer
instanceKlass org/wso2/ballerinalang/compiler/semantics/model/symbols/BAttachedFunction
instanceKlass org/ballerinalang/model/symbols/AnnotationSymbol
instanceKlass org/wso2/ballerinalang/compiler/tree/BLangNodeVisitor
instanceKlass org/wso2/ballerinalang/util/Flags$1
instanceKlass java/util/RegularEnumSet$EnumSetIterator
instanceKlass org/wso2/ballerinalang/util/Flags
instanceKlass org/wso2/ballerinalang/compiler/util/ImmutableTypeCloner
instanceKlass io/ballerina/types/subtypedata/BooleanSubtype
instanceKlass org/wso2/ballerinalang/compiler/semantics/model/types/BErrorType$DistinctIdSupplier
instanceKlass org/wso2/ballerinalang/compiler/semantics/model/types/BTypeIdSet
# instanceKlass io/ballerina/types/definition/MappingDefinition$$Lambda+0x000000080028d268
instanceKlass  @bci io/ballerina/modelgenerator/commons/CommonUtils hasAiTypeInclusion (Lio/ballerina/compiler/api/symbols/ClassSymbol;Ljava/lang/String;)Z 11 <bsm> form vmentry <vmtarget> ; # java/lang/invoke/LambdaForm$DMH+0x000000080028a000
instanceKlass  @bci io/ballerina/types/definition/MappingDefinition define (Lio/ballerina/types/Env;Ljava/util/List;Lio/ballerina/types/CellSemType;)Lio/ballerina/types/SemType; 30 <appendix> argL0 ; # io/ballerina/types/definition/MappingDefinition$$Lambda+0x000000080028d058
instanceKlass  @bci io/ballerina/types/definition/MappingDefinition define (Lio/ballerina/types/Env;Ljava/util/List;Lio/ballerina/types/CellSemType;)Lio/ballerina/types/SemType; 12 <appendix> argL0 ; # io/ballerina/types/definition/MappingDefinition$$Lambda+0x000000080028ce48
# instanceKlass io/ballerina/types/definition/MappingDefinition$$Lambda+0x000000080028cc38
instanceKlass io/ballerina/types/definition/SplitField
instanceKlass java/util/TimSort
instanceKlass java/util/Arrays$LegacyMergeSort
# instanceKlass java/util/Comparator$$Lambda+0x0000000800274a68
instanceKlass  @bci java/util/Comparator comparing (Ljava/util/function/Function;)Ljava/util/Comparator; 6 <appendix> member <vmtarget> ; # java/util/Comparator$$Lambda+0x00000008002747d8
instanceKlass  @bci java/lang/invoke/BootstrapMethodInvoker invoke (Ljava/lang/Class;Ljava/lang/invoke/MethodHandle;Ljava/lang/String;Ljava/lang/Object;Ljava/lang/Object;Ljava/lang/Class;)Ljava/lang/Object; 462 <adapter> ; # java/lang/invoke/LambdaForm$MH+0x0000000800289800
# instanceKlass io/ballerina/types/definition/MappingDefinition$$Lambda+0x000000080028c828
instanceKlass  @cpi io/ballerina/types/typeops/XmlOps 147 form vmentry <vmtarget> ; # java/lang/invoke/LambdaForm$DMH+0x0000000800289400
instanceKlass  @bci io/ballerina/types/definition/MappingDefinition splitFields (Ljava/util/List;)Lio/ballerina/types/definition/SplitField; 16 <appendix> argL0 ; # io/ballerina/types/definition/MappingDefinition$$Lambda+0x000000080028c5f8
instanceKlass  @bci io/ballerina/types/definition/MappingDefinition splitFields (Ljava/util/List;)Lio/ballerina/types/definition/SplitField; 1 <appendix> argL0 ; # io/ballerina/types/definition/MappingDefinition$$Lambda+0x000000080028c3e8
instanceKlass  @bci io/ballerina/types/FunctionAtomicType equals (Ljava/lang/Object;)Z 2 <adapter> ; # java/lang/invoke/LambdaForm$MH+0x0000000800288c00
# instanceKlass java/lang/invoke/LambdaForm$MH+0x0000000800288800
instanceKlass  @bci io/ballerina/types/FunctionAtomicType equals (Ljava/lang/Object;)Z 2 <appendix> form vmentry <vmtarget> ; # java/lang/invoke/LambdaForm$MH+0x0000000800287c00
instanceKlass  @bci io/ballerina/types/FunctionAtomicType equals (Ljava/lang/Object;)Z 2 <appendix> argL1 form vmentry <vmtarget> ; # java/lang/invoke/LambdaForm$MH+0x0000000800287800
instanceKlass  @bci io/ballerina/types/FunctionAtomicType equals (Ljava/lang/Object;)Z 2 <appendix> form names 9 function resolvedHandle form vmentry <vmtarget> ; # java/lang/invoke/LambdaForm$MH+0x0000000800286c00
instanceKlass  @bci io/ballerina/types/FunctionAtomicType equals (Ljava/lang/Object;)Z 2 <appendix> form names 9 function resolvedHandle form names 5 function resolvedHandle form vmentry <vmtarget> ; # java/lang/invoke/LambdaForm$DMH+0x0000000800286800
# instanceKlass java/lang/invoke/LambdaForm$DMH+0x0000000800286400
# instanceKlass java/lang/invoke/LambdaForm$MH+0x0000000800286000
# instanceKlass java/lang/invoke/LambdaForm$MH+0x0000000800285800
# instanceKlass java/lang/invoke/LambdaForm$MH+0x0000000800285000
instanceKlass  @cpi org/wso2/ballerinalang/compiler/semantics/analyzer/TypeChecker 6384 form vmentry <vmtarget> ; # java/lang/invoke/LambdaForm$DMH+0x0000000800284c00
# instanceKlass java/lang/invoke/LambdaForm$MH+0x0000000800284800
# instanceKlass java/lang/invoke/LambdaForm$MH+0x0000000800284000
instanceKlass io/ballerina/types/subtypedata/CellSubtype
instanceKlass  @bci io/ballerina/types/definition/ListDefinition defineListTypeWrapped (Lio/ballerina/types/Env;Ljava/util/List;ILio/ballerina/types/SemType;Lio/ballerina/types/CellAtomicType$CellMutability;)Lio/ballerina/types/SemType; 28 <appendix> member <vmtarget> ; # io/ballerina/types/definition/ListDefinition$$Lambda+0x0000000800283a30
# instanceKlass io/ballerina/types/definition/ListDefinition$$Lambda+0x00000008002837f8
# instanceKlass org/wso2/ballerinalang/compiler/semantics/model/types/BTableType$$Lambda+0x00000008002835e8
instanceKlass java/util/AbstractList$RandomAccessSpliterator
instanceKlass io/ballerina/types/subtypedata/TableSubtype
instanceKlass  @bci org/wso2/ballerinalang/compiler/semantics/model/types/BTableType semTypeInner ()Lio/ballerina/types/SemType; 139 <appendix> argL0 ; # org/wso2/ballerinalang/compiler/semantics/model/types/BTableType$$Lambda+0x00000008002831e0
instanceKlass io/ballerina/types/definition/MappingDefinition
instanceKlass io/ballerina/types/definition/ListDefinition
instanceKlass io/ballerina/types/Definition
instanceKlass org/wso2/ballerinalang/compiler/semantics/model/types/BTupleMember
instanceKlass org/wso2/ballerinalang/compiler/semantics/model/symbols/Symbols
# instanceKlass java/util/stream/Collectors$$Lambda+0x00000008002737b0
instanceKlass  @bci java/util/stream/Collectors toCollection (Ljava/util/function/Supplier;)Ljava/util/stream/Collector; 10 <appendix> argL0 ; # java/util/stream/Collectors$$Lambda+0x0000000800273578
# instanceKlass java/util/stream/Collectors$$Lambda+0x0000000800273358
instanceKlass  @bci java/util/stream/Collectors toCollection (Ljava/util/function/Supplier;)Ljava/util/stream/Collector; 5 <appendix> argL0 ; # java/util/stream/Collectors$$Lambda+0x0000000800273138
# instanceKlass org/wso2/ballerinalang/compiler/semantics/model/types/BUnionType$$Lambda+0x0000000800282110
instanceKlass  @bci org/wso2/ballerinalang/compiler/semantics/model/types/BUnionType toFlatTypeSet (Ljava/util/LinkedHashSet;)Ljava/util/LinkedHashSet; 14 <appendix> argL0 ; # org/wso2/ballerinalang/compiler/semantics/model/types/BUnionType$$Lambda+0x0000000800281f00
instanceKlass  @bci org/wso2/ballerinalang/compiler/semantics/model/types/BUnionType toFlatTypeSet (Ljava/util/LinkedHashSet;)Ljava/util/LinkedHashSet; 4 <appendix> argL0 ; # org/wso2/ballerinalang/compiler/semantics/model/types/BUnionType$$Lambda+0x0000000800281cd0
# instanceKlass org/wso2/ballerinalang/compiler/semantics/model/types/BUnionType$$Lambda+0x0000000800281aa0
instanceKlass java/util/Spliterators$IteratorSpliterator
instanceKlass org/wso2/ballerinalang/compiler/semantics/model/Scope$ScopeEntry
instanceKlass org/ballerinalang/model/ScopeEntry
instanceKlass org/wso2/ballerinalang/compiler/semantics/model/Scope
instanceKlass org/ballerinalang/model/Scope
instanceKlass org/wso2/ballerinalang/compiler/diagnostic/BLangDiagnosticLocation
instanceKlass org/wso2/ballerinalang/compiler/diagnostic/DiagnosticComparator
instanceKlass org/ballerinalang/model/tree/expressions/CollectContextInvocationNode
instanceKlass org/ballerinalang/model/TreeBuilder
instanceKlass org/wso2/ballerinalang/compiler/parser/BLangAnonymousModelHelper
instanceKlass io/ballerina/compiler/api/values/ConstantValue
instanceKlass io/ballerina/compiler/api/symbols/AnnotationSymbol
instanceKlass io/ballerina/compiler/api/symbols/FunctionSymbol
instanceKlass io/ballerina/compiler/api/symbols/Documentable
instanceKlass io/ballerina/compiler/api/symbols/Deprecatable
instanceKlass org/ballerinalang/model/symbols/ConstantSymbol
instanceKlass io/ballerina/compiler/api/symbols/ServiceAttachPoint
instanceKlass io/ballerina/compiler/api/symbols/PathParameterSymbol
instanceKlass io/ballerina/compiler/api/symbols/resourcepath/util/PathSegment
instanceKlass io/ballerina/compiler/api/symbols/AnnotationAttachmentSymbol
instanceKlass io/ballerina/compiler/api/impl/SymbolFactory
instanceKlass io/ballerina/compiler/api/symbols/ObjectTypeSymbol
instanceKlass io/ballerina/compiler/api/symbols/IntTypeSymbol
instanceKlass io/ballerina/compiler/api/symbols/XMLTypeSymbol
instanceKlass io/ballerina/compiler/api/impl/symbols/TypesFactory
instanceKlass org/wso2/ballerinalang/compiler/PackageCache
instanceKlass java/util/ResourceBundle$Control$2
instanceKlass java/util/ResourceBundle$CacheKeyReference
instanceKlass java/util/ResourceBundle$CacheKey
instanceKlass  @bci java/util/ResourceBundle getLoader (Ljava/lang/Module;)Ljava/lang/ClassLoader; 6 <appendix> member <vmtarget> ; # java/util/ResourceBundle$$Lambda+0x0000000800271690
instanceKlass  @bci java/util/ResourceBundle$ResourceBundleControlProviderHolder lambda$static$0 ()Ljava/util/List; 11 <appendix> argL0 ; # java/util/ResourceBundle$ResourceBundleControlProviderHolder$$Lambda+0x0000000800271460
instanceKlass java/util/ServiceLoader$ProviderSpliterator
instanceKlass java/util/spi/ResourceBundleControlProvider
instanceKlass  @bci java/util/ResourceBundle$ResourceBundleControlProviderHolder <clinit> ()V 0 <appendix> argL0 ; # java/util/ResourceBundle$ResourceBundleControlProviderHolder$$Lambda+0x0000000800270dd0
instanceKlass java/util/ResourceBundle$ResourceBundleControlProviderHolder
instanceKlass io/ballerina/tools/diagnostics/DiagnosticProperty
instanceKlass org/wso2/ballerinalang/compiler/diagnostic/BLangDiagnosticLog
instanceKlass org/ballerinalang/util/diagnostic/DiagnosticLog
instanceKlass io/ballerina/types/Context
# instanceKlass io/ballerina/types/PredefinedTypeEnv$$Lambda+0x000000080026b888
instanceKlass  @bci io/ballerina/types/PredefinedTypeEnv initializeEnv (Lio/ballerina/types/Env;)V 44 <appendix> member <vmtarget> ; # io/ballerina/types/PredefinedTypeEnv$$Lambda+0x000000080026b660
instanceKlass  @bci io/ballerina/types/PredefinedTypeEnv initializeEnv (Lio/ballerina/types/Env;)V 29 <appendix> member <vmtarget> ; # io/ballerina/types/PredefinedTypeEnv$$Lambda+0x000000080026b438
# instanceKlass io/ballerina/types/PredefinedTypeEnv$$Lambda+0x000000080026b210
instanceKlass io/ballerina/types/Env
instanceKlass java/math/MathContext
instanceKlass org/wso2/ballerinalang/compiler/semantics/analyzer/Types
instanceKlass io/ballerina/types/Common
instanceKlass io/ballerina/types/typeops/XmlOps
instanceKlass io/ballerina/types/typeops/StringOps
instanceKlass io/ballerina/types/typeops/CommonOps
instanceKlass io/ballerina/types/typeops/IntOps
instanceKlass io/ballerina/types/typeops/BooleanOps
instanceKlass io/ballerina/types/typeops/BasicTypeOpsPanicImpl
instanceKlass io/ballerina/types/BasicTypeOps
instanceKlass io/ballerina/types/CommonBasicTypeOps
instanceKlass io/ballerina/types/IsEmptyOp
instanceKlass io/ballerina/types/OpsTable
instanceKlass io/ballerina/types/SemTypes
instanceKlass io/ballerina/types/typeops/SubtypePair
instanceKlass io/ballerina/types/typeops/UnpackComplexSemType
instanceKlass io/ballerina/types/typeops/SubtypePairIterator
instanceKlass io/ballerina/types/typeops/SubtypePairs
instanceKlass io/ballerina/types/CellSemType
instanceKlass  @bci io/ballerina/types/FunctionAtomicType hashCode ()I 1 <appendix> argL1 form vmentry <vmtarget> ; # java/lang/invoke/LambdaForm$MH+0x0000000800264c00
instanceKlass  @bci io/ballerina/types/FunctionAtomicType hashCode ()I 1 <appendix> argL1 form names 5 function resolvedHandle form vmentry <vmtarget> ; # java/lang/invoke/LambdaForm$DMH+0x0000000800264800
# instanceKlass java/lang/invoke/LambdaForm$MH+0x0000000800264400
# instanceKlass java/lang/invoke/LambdaForm$MH+0x0000000800264000
# instanceKlass java/lang/invoke/LambdaForm$MH+0x0000000800263c00
# instanceKlass java/lang/invoke/LambdaForm$MH+0x0000000800263800
instanceKlass  @bci io/ballerina/types/FunctionAtomicType hashCode ()I 1 <adapter> ; # java/lang/invoke/LambdaForm$MH+0x0000000800263400
instanceKlass  @bci io/ballerina/types/FunctionAtomicType hashCode ()I 1 <appendix> form vmentry <vmtarget> ; # java/lang/invoke/LambdaForm$MH+0x0000000800263000
# instanceKlass java/lang/invoke/LambdaForm$MH+0x0000000800262c00
# instanceKlass java/lang/invoke/LambdaForm$MH+0x0000000800262800
instanceKlass  @bci io/ballerina/types/FunctionAtomicType hashCode ()I 1 <appendix> form names 7 function resolvedHandle form vmentry <vmtarget> ; # java/lang/invoke/LambdaForm$DMH+0x0000000800262400
instanceKlass  @bci io/ballerina/types/FunctionAtomicType hashCode ()I 1 <appendix> argL2 argL2 argL2 argL2 form vmentry <vmtarget> ; # java/lang/invoke/LambdaForm$MH+0x0000000800262000
instanceKlass  @bci java/lang/runtime/ObjectMethods bootstrap (Ljava/lang/invoke/MethodHandles$Lookup;Ljava/lang/String;Ljava/lang/invoke/TypeDescriptor;Ljava/lang/Class;Ljava/lang/String;[Ljava/lang/invoke/MethodHandle;)Ljava/lang/Object; 37 <appendix> argL0 ; # java/lang/runtime/ObjectMethods$$Lambda+0x000000080017f880
instanceKlass java/lang/invoke/DirectMethodHandle$1
# instanceKlass java/lang/invoke/LambdaForm$DMH+0x0000000800261c00
# instanceKlass java/lang/invoke/LambdaForm$DMH+0x0000000800261800
# instanceKlass java/lang/invoke/LambdaForm$DMH+0x0000000800261400
# instanceKlass java/lang/invoke/LambdaForm$DMH+0x0000000800261000
# instanceKlass java/lang/invoke/LambdaForm$DMH+0x0000000800260c00
# instanceKlass java/lang/invoke/LambdaForm$DMH+0x0000000800260800
# instanceKlass java/lang/invoke/LambdaForm$DMH+0x0000000800260400
# instanceKlass java/lang/invoke/LambdaForm$DMH+0x0000000800260000
# instanceKlass java/lang/invoke/LambdaForm$DMH+0x000000080025bc00
# instanceKlass java/lang/invoke/LambdaForm$DMH+0x000000080025b800
# instanceKlass java/lang/invoke/LambdaForm$DMH+0x000000080025b400
instanceKlass  @cpi org/wso2/ballerinalang/compiler/semantics/analyzer/CodeAnalyzer$WorkerActionSystem 180 form vmentry <vmtarget> ; # java/lang/invoke/LambdaForm$DMH+0x000000080025b000
instanceKlass  @cpi org/wso2/ballerinalang/compiler/util/Unifier 992 form vmentry <vmtarget> ; # java/lang/invoke/LambdaForm$DMH+0x000000080025ac00
instanceKlass java/lang/runtime/ObjectMethods$1
# instanceKlass java/lang/invoke/LambdaForm$MH+0x000000080025a800
# instanceKlass java/lang/invoke/LambdaForm$MH+0x000000080025a400
# instanceKlass java/lang/invoke/LambdaForm$MH+0x000000080025a000
# instanceKlass java/lang/invoke/LambdaForm$MH+0x0000000800259c00
# instanceKlass java/lang/invoke/LambdaForm$MH+0x0000000800259800
# instanceKlass java/lang/invoke/LambdaForm$MH+0x0000000800259400
# instanceKlass java/lang/invoke/LambdaForm$MH+0x0000000800259000
# instanceKlass java/lang/invoke/LambdaForm$MH+0x0000000800258c00
instanceKlass java/lang/invoke/MethodHandleImpl$Makers$2
instanceKlass java/lang/invoke/MethodHandleImpl$Makers$1
instanceKlass java/lang/invoke/MethodHandleImpl$Makers
instanceKlass  @bci java/lang/invoke/BootstrapMethodInvoker invoke (Ljava/lang/Class;Ljava/lang/invoke/MethodHandle;Ljava/lang/String;Ljava/lang/Object;Ljava/lang/Object;Ljava/lang/Class;)Ljava/lang/Object; 862 <adapter> ; # java/lang/invoke/LambdaForm$MH+0x0000000800258800
# instanceKlass java/lang/invoke/LambdaForm$DMH+0x0000000800258400
instanceKlass java/lang/runtime/ObjectMethods
instanceKlass io/ballerina/types/subtypedata/BddNode
instanceKlass io/ballerina/types/typeops/BddCommonOps
instanceKlass io/ballerina/types/RecAtom
instanceKlass io/ballerina/types/Core
instanceKlass io/ballerina/types/subtypedata/AllOrNothingSubtype
instanceKlass io/ballerina/types/subtypedata/BddAllOrNothing
instanceKlass io/ballerina/types/Bdd
instanceKlass io/ballerina/types/subtypedata/XmlSubtype
instanceKlass io/ballerina/types/EnumerableSubtype
instanceKlass io/ballerina/types/EnumerableCharString
instanceKlass io/ballerina/types/EnumerableString
instanceKlass io/ballerina/types/EnumerableType
instanceKlass io/ballerina/types/subtypedata/StringSubtype
instanceKlass  @bci io/ballerina/types/ComplexSemType createComplexSemType (ILjava/util/List;)Lio/ballerina/types/ComplexSemType; 73 <appendix> argL0 ; # io/ballerina/types/ComplexSemType$$Lambda+0x0000000800256580
instanceKlass io/ballerina/types/BasicSubtype
instanceKlass io/ballerina/types/subtypedata/Range
instanceKlass io/ballerina/types/subtypedata/IntSubtype
# instanceKlass java/lang/invoke/LambdaForm$MH+0x0000000800258000
instanceKlass io/ballerina/types/BasicTypeCode
instanceKlass io/ballerina/types/BasicTypeBitSet$BitSetCache
instanceKlass io/ballerina/types/BasicTypeBitSet
instanceKlass io/ballerina/types/AtomicType
instanceKlass io/ballerina/types/PredefinedTypeEnv
instanceKlass io/ballerina/types/ComplexSemType
instanceKlass io/ballerina/types/ProperSubtypeData
instanceKlass io/ballerina/types/SubtypeData
instanceKlass io/ballerina/types/Atom
instanceKlass io/ballerina/types/PredefinedType
instanceKlass  @bci org/ballerinalang/model/elements/PackageID createNameComps (Lorg/wso2/ballerinalang/compiler/util/Name;)Ljava/util/List; 33 <appendix> argL0 ; # org/ballerinalang/model/elements/PackageID$$Lambda+0x0000000800253920
instanceKlass  @bci java/util/stream/Collectors joining (Ljava/lang/CharSequence;Ljava/lang/CharSequence;Ljava/lang/CharSequence;)Ljava/util/stream/Collector; 22 <appendix> argL0 ; # java/util/stream/Collectors$$Lambda+0x000000080017dd68
instanceKlass  @bci java/util/stream/Collectors joining (Ljava/lang/CharSequence;Ljava/lang/CharSequence;Ljava/lang/CharSequence;)Ljava/util/stream/Collector; 17 <appendix> argL0 ; # java/util/stream/Collectors$$Lambda+0x000000080017db30
instanceKlass  @bci java/util/stream/Collectors joining (Ljava/lang/CharSequence;Ljava/lang/CharSequence;Ljava/lang/CharSequence;)Ljava/util/stream/Collector; 12 <appendix> argL0 ; # java/util/stream/Collectors$$Lambda+0x0000000800160908
instanceKlass  @bci java/util/stream/Collectors joining (Ljava/lang/CharSequence;Ljava/lang/CharSequence;Ljava/lang/CharSequence;)Ljava/util/stream/Collector; 7 <appendix> member <vmtarget> ; # java/util/stream/Collectors$$Lambda+0x00000008001604b8
instanceKlass  @bci org/ballerinalang/model/elements/PackageID <init> (Lorg/wso2/ballerinalang/compiler/util/Name;Ljava/util/List;Lorg/wso2/ballerinalang/compiler/util/Name;)V 50 <appendix> argL0 ; # org/ballerinalang/model/elements/PackageID$$Lambda+0x00000008002536f0
instanceKlass org/wso2/ballerinalang/compiler/util/Name
instanceKlass org/ballerinalang/model/Name
instanceKlass org/wso2/ballerinalang/compiler/util/Names
instanceKlass org/ballerinalang/model/elements/PackageID
instanceKlass io/ballerina/types/SemType
instanceKlass org/ballerinalang/model/types/NoType
instanceKlass org/wso2/ballerinalang/compiler/semantics/model/SymbolTable
instanceKlass org/ballerinalang/model/types/IntersectionType
instanceKlass org/ballerinalang/model/symbols/AnnotationAttachmentSymbol
instanceKlass org/ballerinalang/model/types/RecordType
instanceKlass org/ballerinalang/model/types/ObjectType
instanceKlass org/ballerinalang/model/types/ArrayType
instanceKlass org/ballerinalang/model/types/UnionType
instanceKlass org/ballerinalang/model/types/ErrorType
instanceKlass org/ballerinalang/model/symbols/VariableSymbol
instanceKlass org/ballerinalang/model/symbols/InvokableSymbol
instanceKlass org/ballerinalang/model/symbols/Annotatable
instanceKlass org/ballerinalang/model/types/InvokableType
instanceKlass org/ballerinalang/model/types/StreamType
instanceKlass org/ballerinalang/model/types/ConstrainedType
instanceKlass org/ballerinalang/model/types/TableType
instanceKlass org/ballerinalang/model/types/TupleType
instanceKlass org/ballerinalang/model/types/SelectivelyImmutableReferenceType
instanceKlass org/wso2/ballerinalang/compiler/semantics/model/types/BType
instanceKlass org/ballerinalang/model/types/ValueType
instanceKlass org/ballerinalang/model/types/Type
instanceKlass org/ballerinalang/model/symbols/TypeSymbol
instanceKlass org/wso2/ballerinalang/compiler/semantics/model/symbols/BSymbol
instanceKlass org/ballerinalang/model/symbols/Symbol
instanceKlass org/ballerinalang/model/tree/expressions/GroupExpressionNode
instanceKlass org/ballerinalang/model/tree/expressions/IgnoreNode
instanceKlass org/ballerinalang/model/tree/expressions/InferredTypedescDefaultNode
instanceKlass org/ballerinalang/model/tree/expressions/IndexBasedAccessNode
instanceKlass org/ballerinalang/model/tree/statements/ConstantNode
instanceKlass org/ballerinalang/model/tree/expressions/CommitExpressionNode
instanceKlass org/ballerinalang/model/tree/expressions/CheckPanickedExpressionNode
instanceKlass org/ballerinalang/model/tree/expressions/AnnotAccessNode
instanceKlass org/ballerinalang/model/tree/expressions/ArrowFunctionNode
instanceKlass org/ballerinalang/model/tree/expressions/BinaryExpressionNode
instanceKlass org/ballerinalang/model/tree/expressions/CheckedExpressionNode
instanceKlass org/ballerinalang/model/tree/expressions/ErrorVariableReferenceNode
instanceKlass org/ballerinalang/model/tree/expressions/FieldBasedAccessNode
instanceKlass org/ballerinalang/model/tree/expressions/DynamicArgNode
instanceKlass org/ballerinalang/model/tree/expressions/ElvisExpressionNode
instanceKlass org/ballerinalang/model/tree/expressions/ErrorConstructorExpressionNode
instanceKlass org/ballerinalang/model/tree/expressions/RecordLiteralNode$RecordKeyValueFieldNode
instanceKlass org/ballerinalang/model/tree/expressions/RawTemplateLiteralNode
instanceKlass org/ballerinalang/model/tree/expressions/NamedArgNode
instanceKlass org/ballerinalang/model/tree/statements/QueryActionNode
instanceKlass org/ballerinalang/model/tree/expressions/QueryExpressionNode
instanceKlass org/ballerinalang/model/tree/expressions/RecordVariableReferenceNode$BLangRecordVarRefKeyValueNode
instanceKlass org/ballerinalang/model/tree/expressions/RecordVariableReferenceNode
instanceKlass org/ballerinalang/model/tree/expressions/RecordLiteralNode$RecordVarNameFieldNode
instanceKlass org/ballerinalang/model/tree/expressions/RecordLiteralNode$RecordSpreadOperatorFieldNode
instanceKlass org/ballerinalang/model/tree/expressions/RecordLiteralNode$RecordField
instanceKlass org/ballerinalang/model/tree/expressions/RecordLiteralNode
instanceKlass org/ballerinalang/model/tree/expressions/ListConstructorExprNode
instanceKlass org/ballerinalang/model/tree/expressions/LetExpressionNode
instanceKlass org/ballerinalang/model/tree/expressions/LambdaFunctionNode
instanceKlass org/ballerinalang/model/tree/expressions/InvocationNode
instanceKlass org/ballerinalang/model/tree/expressions/IsAssignableNode
instanceKlass org/ballerinalang/model/tree/expressions/IsLikeExpressionNode
instanceKlass org/ballerinalang/model/tree/expressions/MarkdownDocumentationTextAttributeNode
instanceKlass org/ballerinalang/model/tree/expressions/MarkdownDocumentationParameterAttributeNode
instanceKlass org/ballerinalang/model/tree/expressions/MarkdownDocumentationReturnParameterAttributeNode
instanceKlass org/ballerinalang/model/tree/expressions/MatchGuard
instanceKlass org/ballerinalang/model/tree/expressions/LiteralNode
instanceKlass org/ballerinalang/model/tree/expressions/MarkDownDocumentationDeprecatedParametersAttributeNode
instanceKlass org/ballerinalang/model/tree/expressions/MarkDownDocumentationDeprecationAttributeNode
instanceKlass org/ballerinalang/model/tree/SimpleVariableNode
instanceKlass org/ballerinalang/model/tree/ServiceNode
instanceKlass org/ballerinalang/model/tree/RetrySpecNode
instanceKlass org/ballerinalang/model/tree/RecordVariableNode
instanceKlass org/ballerinalang/model/tree/RecordVariableNode$BLangRecordVariableKeyValueNode
instanceKlass org/ballerinalang/model/tree/TypeDefinition
instanceKlass org/ballerinalang/model/tree/TableKeySpecifierNode
instanceKlass org/ballerinalang/model/tree/TableKeyTypeConstraintNode
instanceKlass org/ballerinalang/model/tree/TupleVariableNode
instanceKlass org/ballerinalang/model/tree/ErrorVariableNode$ErrorDetailEntry
instanceKlass io/ballerina/projects/environment/ProjectEnvironment
instanceKlass io/ballerina/projects/CompilationCache
instanceKlass io/ballerina/projects/ProjectEnvironmentBuilder
instanceKlass io/ballerina/projects/directory/ProjectLoader
instanceKlass org/ballerinalang/model/tree/ErrorVariableNode
instanceKlass org/ballerinalang/model/tree/VariableNode
instanceKlass org/ballerinalang/model/tree/CompilationUnitNode
instanceKlass org/ballerinalang/model/tree/AnnotationNode
instanceKlass org/ballerinalang/model/tree/AnnotationAttachmentNode
instanceKlass org/ballerinalang/model/tree/BlockFunctionBodyNode
instanceKlass org/ballerinalang/model/tree/ClassDefinition
instanceKlass org/ballerinalang/model/tree/OrderedNode
instanceKlass org/ballerinalang/model/tree/ImportPackageNode
instanceKlass org/ballerinalang/model/tree/MarkdownDocumentationNode
instanceKlass org/ballerinalang/model/tree/MarkdownDocumentationReferenceAttributeNode
instanceKlass com/google/common/cache/LocalCache$StrongValueReference
instanceKlass org/ballerinalang/model/tree/PackageNode
instanceKlass org/ballerinalang/model/tree/ExprFunctionBodyNode
instanceKlass com/google/common/util/concurrent/Uninterruptibles
instanceKlass org/ballerinalang/model/tree/ExternalFunctionBodyNode
instanceKlass org/ballerinalang/model/tree/FunctionBodyNode
instanceKlass com/google/common/util/concurrent/ImmediateFuture
instanceKlass org/ballerinalang/model/tree/FunctionNode
instanceKlass org/ballerinalang/model/tree/InvokableNode
instanceKlass org/ballerinalang/model/tree/DocumentableNode
instanceKlass org/ballerinalang/model/tree/IdentifierNode
instanceKlass com/google/common/util/concurrent/GwtFuturesCatchingSpecialization
instanceKlass org/ballerinalang/model/clauses/OnFailClauseNode
instanceKlass org/ballerinalang/model/clauses/OnConflictClauseNode
instanceKlass org/ballerinalang/model/clauses/OnClauseNode
instanceKlass org/ballerinalang/model/clauses/LetClauseNode
instanceKlass org/ballerinalang/model/clauses/LimitClauseNode
instanceKlass org/ballerinalang/model/clauses/MatchClauseNode
instanceKlass org/ballerinalang/model/clauses/WhereClauseNode
instanceKlass org/ballerinalang/model/clauses/CollectClauseNode
instanceKlass org/ballerinalang/model/clauses/SelectClauseNode
instanceKlass org/ballerinalang/model/clauses/OrderByClauseNode
instanceKlass org/ballerinalang/model/clauses/OrderKeyNode
instanceKlass org/ballerinalang/model/clauses/GroupByClauseNode
instanceKlass org/ballerinalang/model/clauses/GroupingKeyNode
instanceKlass org/ballerinalang/model/tree/bindingpattern/FieldBindingPatternNode
instanceKlass org/ballerinalang/model/tree/bindingpattern/ErrorMessageBindingPatternNode
instanceKlass org/ballerinalang/model/tree/bindingpattern/ErrorFieldBindingPatternsNode
instanceKlass org/ballerinalang/model/tree/XMLNSDeclarationNode
instanceKlass org/ballerinalang/model/tree/TopLevelNode
instanceKlass org/ballerinalang/model/tree/bindingpattern/CaptureBindingPatternNode
instanceKlass io/ballerina/toml/semantic/ast/TomlTransformer$1
instanceKlass org/ballerinalang/model/tree/bindingpattern/ErrorBindingPatternNode
instanceKlass org/ballerinalang/model/tree/bindingpattern/ErrorCauseBindingPatternNode
instanceKlass org/ballerinalang/model/tree/bindingpattern/SimpleBindingPatternNode
instanceKlass org/ballerinalang/model/tree/bindingpattern/WildCardBindingPatternNode
instanceKlass org/apache/commons/lang3/Validate
instanceKlass org/ballerinalang/model/clauses/DoClauseNode
instanceKlass org/ballerinalang/model/clauses/InputClauseNode
instanceKlass org/ballerinalang/model/tree/bindingpattern/ListBindingPatternNode
instanceKlass org/ballerinalang/model/tree/bindingpattern/MappingBindingPatternNode
instanceKlass org/ballerinalang/model/tree/bindingpattern/NamedArgBindingPatternNode
instanceKlass org/apache/commons/lang3/ArrayUtils
instanceKlass org/ballerinalang/model/tree/bindingpattern/BindingPatternNode
instanceKlass org/ballerinalang/model/tree/bindingpattern/RestBindingPatternNode
instanceKlass org/ballerinalang/model/tree/statements/LockNode
instanceKlass org/ballerinalang/model/tree/statements/FailStatementNode
instanceKlass org/ballerinalang/model/tree/statements/ForeachNode
instanceKlass org/ballerinalang/model/tree/statements/ForkJoinNode
instanceKlass org/ballerinalang/model/tree/statements/IfNode
instanceKlass org/ballerinalang/model/tree/statements/ReturnNode
instanceKlass org/ballerinalang/model/tree/RetryTransactionNode
instanceKlass org/ballerinalang/model/tree/statements/RetryNode
instanceKlass org/ballerinalang/model/tree/statements/MatchStatementNode
instanceKlass org/ballerinalang/model/tree/statements/PanicNode
instanceKlass org/ballerinalang/model/tree/statements/RecordDestructureNode
instanceKlass org/ballerinalang/model/tree/statements/AssignmentNode
instanceKlass org/ballerinalang/model/tree/matchpatterns/WildCardMatchPatternNode
instanceKlass org/ballerinalang/model/tree/matchpatterns/VarBindingPatternMatchPatternNode
instanceKlass org/ballerinalang/model/tree/matchpatterns/MappingMatchPatternNode
instanceKlass org/ballerinalang/model/tree/matchpatterns/NamedArgMatchPatternNode
instanceKlass org/apache/commons/lang3/Range
instanceKlass java/util/stream/ForEachOps$ForEachOp
instanceKlass java/util/stream/ForEachOps
instanceKlass  @bci org/apache/commons/text/translate/AggregateTranslator <init> ([Lorg/apache/commons/text/translate/CharSequenceTranslator;)V 42 <appendix> member <vmtarget> ; # org/apache/commons/text/translate/AggregateTranslator$$Lambda+0x000000080021fbc8
instanceKlass  @bci org/apache/commons/text/translate/AggregateTranslator <init> ([Lorg/apache/commons/text/translate/CharSequenceTranslator;)V 23 <appendix> argL0 ; # org/apache/commons/text/translate/AggregateTranslator$$Lambda+0x000000080021f988
instanceKlass  @bci java/util/Collections$UnmodifiableMap$UnmodifiableEntrySet entryConsumer (Ljava/util/function/Consumer;)Ljava/util/function/Consumer; 1 <appendix> member <vmtarget> ; # java/util/Collections$UnmodifiableMap$UnmodifiableEntrySet$$Lambda+0x000000080017c288
instanceKlass  @bci org/apache/commons/text/translate/EntityArrays invert (Ljava/util/Map;)Ljava/util/Map; 16 <appendix> argL0 ; # org/apache/commons/text/translate/EntityArrays$$Lambda+0x000000080021f130
instanceKlass  @bci org/apache/commons/text/translate/EntityArrays invert (Ljava/util/Map;)Ljava/util/Map; 11 <appendix> argL0 ; # org/apache/commons/text/translate/EntityArrays$$Lambda+0x000000080021ef00
instanceKlass java/util/Collections$UnmodifiableMap$UnmodifiableEntrySet$UnmodifiableEntrySetSpliterator
instanceKlass org/apache/commons/text/translate/EntityArrays
instanceKlass java/util/Collections$UnmodifiableMap$UnmodifiableEntrySet$UnmodifiableEntry
instanceKlass java/util/Collections$UnmodifiableMap$UnmodifiableEntrySet$1
instanceKlass org/apache/commons/text/translate/CharSequenceTranslator
instanceKlass org/apache/commons/text/StringEscapeUtils
instanceKlass io/ballerina/identifier/Utils
instanceKlass io/ballerina/toml/internal/parser/TomlParser$1
instanceKlass io/ballerina/projects/util/ProjectPaths
instanceKlass com/google/common/base/Stopwatch
instanceKlass com/google/common/util/concurrent/AbstractFuture$Waiter
instanceKlass com/google/common/util/concurrent/AbstractFuture$Listener
instanceKlass com/google/common/util/concurrent/AbstractFuture$UnsafeAtomicHelper$1
instanceKlass com/google/common/util/concurrent/AbstractFuture$AtomicHelper
instanceKlass com/google/common/util/concurrent/internal/InternalFutureFailureAccess
instanceKlass com/google/common/util/concurrent/AbstractFuture$Trusted
instanceKlass com/google/common/util/concurrent/ListenableFuture
instanceKlass  @bci com/google/common/cache/LocalCache computeIfAbsent (Ljava/lang/Object;Ljava/util/function/Function;)Ljava/lang/Object; 14 <appendix> member <vmtarget> ; # com/google/common/cache/LocalCache$$Lambda+0x0000000800216418
instanceKlass  @bci org/ballerinalang/langserver/workspace/BallerinaWorkspaceManager projectRoot (Ljava/nio/file/Path;)Ljava/nio/file/Path; 6 <appendix> member <vmtarget> ; # org/ballerinalang/langserver/workspace/BallerinaWorkspaceManager$$Lambda+0x00000008002161e0
instanceKlass sun/nio/fs/WindowsUriSupport
instanceKlass org/ballerinalang/langserver/contexts/AbstractDocumentServiceContext
instanceKlass org/ballerinalang/langserver/contexts/AbstractDocumentServiceContext$AbstractContextBuilder
instanceKlass org/ballerinalang/langserver/contexts/ContextBuilder
# instanceKlass java/lang/invoke/LambdaForm$MH+0x0000000800218000
instanceKlass org/eclipse/lsp4j/TextDocumentItem
instanceKlass org/ballerinalang/model/tree/matchpatterns/RestMatchPatternNode
instanceKlass org/ballerinalang/model/tree/matchpatterns/SimpleMatchPatternNode
instanceKlass org/ballerinalang/model/tree/statements/DoNode
instanceKlass org/ballerinalang/model/tree/statements/ErrorDestructureNode
instanceKlass org/ballerinalang/model/tree/statements/ExpressionStatementNode
instanceKlass org/ballerinalang/model/tree/statements/BlockStatementNode
instanceKlass org/ballerinalang/model/tree/BlockNode
instanceKlass org/ballerinalang/model/tree/statements/BreakNode
instanceKlass org/ballerinalang/model/tree/statements/CompoundAssignmentNode
instanceKlass org/ballerinalang/model/tree/statements/ContinueNode
instanceKlass org/ballerinalang/model/tree/types/UnionTypeNode
instanceKlass org/ballerinalang/model/tree/types/TupleTypeNode
instanceKlass org/ballerinalang/model/tree/types/TableTypeNode
instanceKlass org/ballerinalang/model/tree/NodeEntry
instanceKlass org/ballerinalang/model/tree/types/ObjectTypeNode
instanceKlass org/ballerinalang/model/tree/types/RecordTypeNode
instanceKlass org/ballerinalang/model/tree/types/StructureTypeNode
instanceKlass org/ballerinalang/model/tree/types/StreamTypeNode
instanceKlass org/ballerinalang/model/tree/expressions/NaturalExpressionNode
instanceKlass org/ballerinalang/model/tree/types/UserDefinedTypeNode
instanceKlass org/ballerinalang/model/tree/types/ValueTypeNode
instanceKlass org/ballerinalang/model/tree/statements/WhileNode
instanceKlass org/ballerinalang/model/tree/statements/RollbackNode
instanceKlass org/ballerinalang/model/tree/statements/VariableDefinitionNode
instanceKlass org/ballerinalang/model/tree/statements/TransactionNode
instanceKlass org/ballerinalang/model/tree/statements/TupleDestructureNode
instanceKlass org/ballerinalang/model/tree/types/ErrorTypeNode
instanceKlass org/ballerinalang/model/tree/types/FiniteTypeNode
instanceKlass org/ballerinalang/model/tree/types/FunctionTypeNode
instanceKlass org/ballerinalang/model/tree/types/IntersectionTypeNode
instanceKlass org/ballerinalang/model/tree/statements/XMLNSDeclStatementNode
instanceKlass org/ballerinalang/model/tree/statements/StatementNode
instanceKlass org/ballerinalang/model/tree/types/ArrayTypeNode
instanceKlass org/ballerinalang/model/tree/types/BuiltInReferenceTypeNode
instanceKlass org/ballerinalang/model/tree/types/ReferenceTypeNode
instanceKlass org/ballerinalang/model/tree/types/ConstrainedTypeNode
instanceKlass org/ballerinalang/model/tree/types/TypeNode
instanceKlass org/ballerinalang/model/tree/expressions/ReFlagsOnOffNode
instanceKlass org/ballerinalang/model/tree/expressions/ReDisjunctionNode
instanceKlass org/ballerinalang/model/tree/expressions/ReCapturingGroupsNode
instanceKlass org/ballerinalang/model/tree/expressions/ReCharacterClassNode
instanceKlass org/ballerinalang/model/tree/expressions/ReCharSetNode
instanceKlass org/ballerinalang/model/tree/expressions/ReCharSetRangeNode
instanceKlass org/ballerinalang/model/tree/expressions/ReAssertionNode
instanceKlass org/ballerinalang/model/tree/expressions/TypeConversionNode
instanceKlass org/ballerinalang/model/tree/AnnotatableNode
instanceKlass org/ballerinalang/model/tree/expressions/TupleVariableReferenceNode
instanceKlass org/ballerinalang/model/tree/expressions/TrapExpressionNode
instanceKlass org/ballerinalang/model/tree/expressions/ReFlagExpressionNode
instanceKlass org/ballerinalang/model/tree/expressions/TableConstructorExprNode
instanceKlass org/ballerinalang/model/tree/expressions/TernaryExpressionNode
instanceKlass org/ballerinalang/model/tree/expressions/TransactionalExpressionNode
instanceKlass org/ballerinalang/model/tree/expressions/RestArgsNode
instanceKlass org/ballerinalang/model/tree/expressions/ServiceConstructorNode
instanceKlass org/ballerinalang/model/tree/expressions/ReSequenceNode
instanceKlass org/ballerinalang/model/tree/expressions/ReTermNode
instanceKlass org/ballerinalang/model/tree/expressions/ReAtomQuantifierNode
instanceKlass org/ballerinalang/model/tree/expressions/ReAtomNode
instanceKlass org/ballerinalang/model/tree/expressions/ReAtomCharOrEscapeNode
instanceKlass org/ballerinalang/model/tree/expressions/ReQuantifierNode
instanceKlass org/ballerinalang/model/tree/expressions/SimpleVariableReferenceNode
instanceKlass org/ballerinalang/model/tree/expressions/StatementExpressionNode
instanceKlass org/ballerinalang/model/tree/expressions/StringTemplateLiteralNode
instanceKlass org/ballerinalang/model/tree/expressions/RegExpTemplateLiteralNode
instanceKlass org/ballerinalang/model/tree/expressions/XMLQuotedStringNode
instanceKlass org/ballerinalang/model/tree/expressions/XMLQNameNode
instanceKlass org/ballerinalang/model/tree/expressions/XMLElementFilter
instanceKlass org/ballerinalang/model/tree/expressions/XMLElementLiteralNode
instanceKlass org/ballerinalang/model/tree/expressions/XMLNavigationAccess
instanceKlass org/ballerinalang/model/tree/expressions/XMLProcessingInstructionLiteralNode
instanceKlass org/ballerinalang/model/tree/matchpatterns/ErrorMatchPatternNode
instanceKlass org/ballerinalang/model/tree/matchpatterns/ErrorMessageMatchPatternNode
instanceKlass org/ballerinalang/model/tree/matchpatterns/FieldMatchPatternNode
instanceKlass org/ballerinalang/model/tree/matchpatterns/ListMatchPatternNode
instanceKlass org/ballerinalang/model/tree/expressions/XMLTextLiteralNode
instanceKlass org/ballerinalang/model/tree/matchpatterns/ConstPatternNode
instanceKlass org/ballerinalang/model/tree/matchpatterns/ErrorCauseMatchPatternNode
instanceKlass org/ballerinalang/model/tree/matchpatterns/MatchPatternNode
instanceKlass org/ballerinalang/model/tree/matchpatterns/ErrorFieldMatchPatternsNode
instanceKlass org/ballerinalang/model/tree/expressions/WaitForAllExpressionNode$WaitKeyValueNode
instanceKlass org/ballerinalang/model/tree/expressions/WaitForAllExpressionNode
instanceKlass org/ballerinalang/model/tree/expressions/WaitExpressionNode
instanceKlass org/ballerinalang/model/tree/expressions/TypedescExpressionNode
instanceKlass org/ballerinalang/model/tree/expressions/TypeInitNode
instanceKlass org/ballerinalang/model/tree/expressions/TypeTestExpressionNode
instanceKlass org/ballerinalang/model/tree/expressions/UnaryExpressionNode
instanceKlass org/ballerinalang/model/tree/expressions/WorkerSendExpressionNode
instanceKlass org/ballerinalang/model/tree/expressions/XMLAttributeNode
instanceKlass org/ballerinalang/model/tree/expressions/XMLCommentLiteralNode
instanceKlass org/ballerinalang/model/tree/expressions/XMLLiteralNode
instanceKlass org/ballerinalang/model/tree/expressions/XMLElementAccess
instanceKlass org/ballerinalang/model/tree/expressions/VariableReferenceNode
instanceKlass org/ballerinalang/model/tree/expressions/WorkerFlushExpressionNode
instanceKlass org/ballerinalang/model/tree/statements/WorkerReceiveNode
instanceKlass org/ballerinalang/model/tree/expressions/ExpressionNode
instanceKlass org/ballerinalang/model/tree/ActionNode
instanceKlass org/wso2/ballerinalang/compiler/tree/BLangNode
instanceKlass org/ballerinalang/model/tree/Node
instanceKlass org/wso2/ballerinalang/compiler/tree/BLangNodeTransformer
instanceKlass io/ballerina/projects/Bootstrap
instanceKlass org/wso2/ballerinalang/compiler/util/CompilerContext$Key
instanceKlass org/wso2/ballerinalang/compiler/util/CompilerOptions
instanceKlass org/wso2/ballerinalang/compiler/util/CompilerContext
instanceKlass io/ballerina/projects/internal/environment/DefaultPackageResolver
instanceKlass  @bci io/ballerina/projects/environment/EnvironmentBuilder build ()Lio/ballerina/projects/environment/Environment; 139 <appendix> argL0 ; # io/ballerina/projects/environment/EnvironmentBuilder$$Lambda+0x00000008001f2e88
instanceKlass  @bci io/ballerina/projects/environment/EnvironmentBuilder build ()Lio/ballerina/projects/environment/Environment; 134 <appendix> argL0 ; # io/ballerina/projects/environment/EnvironmentBuilder$$Lambda+0x00000008001f2c58
instanceKlass java/util/stream/ReduceOps$Box
instanceKlass java/util/stream/ReduceOps$AccumulatingSink
instanceKlass java/util/stream/ReduceOps$ReduceOp
instanceKlass java/util/stream/ReduceOps
instanceKlass  @bci java/util/stream/Collectors castingIdentity ()Ljava/util/function/Function; 0 <appendix> argL0 ; # java/util/stream/Collectors$$Lambda+0x0000000800179c50
instanceKlass  @bci java/util/stream/Collectors uniqKeysMapMerger ()Ljava/util/function/BinaryOperator; 0 <appendix> argL0 ; # java/util/stream/Collectors$$Lambda+0x0000000800179a18
instanceKlass java/util/function/BinaryOperator
instanceKlass  @bci java/util/stream/Collectors uniqKeysMapAccumulator (Ljava/util/function/Function;Ljava/util/function/Function;)Ljava/util/function/BiConsumer; 2 <appendix> member <vmtarget> ; # java/util/stream/Collectors$$Lambda+0x0000000800179600
instanceKlass java/util/function/BiConsumer
instanceKlass  @bci java/util/stream/Collectors toMap (Ljava/util/function/Function;Ljava/util/function/Function;)Ljava/util/stream/Collector; 4 <appendix> argL0 ; # java/util/stream/Collectors$$Lambda+0x0000000800179200
instanceKlass java/util/stream/Collector
instanceKlass java/util/stream/Collectors
instanceKlass  @bci io/ballerina/projects/environment/EnvironmentBuilder build ()Lio/ballerina/projects/environment/Environment; 99 <appendix> argL0 ; # io/ballerina/projects/environment/EnvironmentBuilder$$Lambda+0x00000008001f2a28
instanceKlass  @bci io/ballerina/projects/environment/EnvironmentBuilder build ()Lio/ballerina/projects/environment/Environment; 94 <appendix> argL0 ; # io/ballerina/projects/environment/EnvironmentBuilder$$Lambda+0x00000008001f27f8
instanceKlass java/util/HashMap$HashMapSpliterator
instanceKlass io/ballerina/projects/internal/repositories/CustomPkgRepositoryContainer
instanceKlass okhttp3/MediaType
instanceKlass okhttp3/Interceptor
instanceKlass okhttp3/RequestBody
instanceKlass org/ballerinalang/central/client/LogFormatter
instanceKlass org/ballerinalang/central/client/CentralAPIClient
instanceKlass org/wso2/ballerinalang/util/Lists
instanceKlass  @bci java/util/regex/Pattern negate (Ljava/util/regex/Pattern$CharPredicate;)Ljava/util/regex/Pattern$CharPredicate; 1 <appendix> member <vmtarget> ; # java/util/regex/Pattern$$Lambda+0x0000000800178100
instanceKlass java/net/SocketAddress
instanceKlass org/apache/commons/compress/archivers/EntryStreamOffsets
instanceKlass org/apache/commons/compress/archivers/ArchiveEntry
instanceKlass io/ballerina/projects/util/ProjectUtils
instanceKlass io/ballerina/projects/internal/repositories/RemotePackageRepository
instanceKlass io/ballerina/projects/Settings
instanceKlass io/ballerina/projects/internal/model/Repository
instanceKlass io/ballerina/projects/internal/model/Central
instanceKlass io/ballerina/projects/internal/model/Proxy
instanceKlass io/ballerina/toml/syntax/tree/NodeList$NodeListIterator
instanceKlass  @bci io/ballerina/toml/syntax/tree/NonTerminalNode diagnostics ()Ljava/lang/Iterable; 10 <appendix> argL0 ; # io/ballerina/toml/syntax/tree/NonTerminalNode$$Lambda+0x00000008001ee280
instanceKlass io/ballerina/toml/semantic/diagnostics/DiagnosticComparator
instanceKlass io/ballerina/toml/syntax/tree/NodeList
instanceKlass io/ballerina/toml/syntax/tree/Minutiae
instanceKlass io/ballerina/toml/internal/syntax/NodeListUtils
instanceKlass io/ballerina/toml/syntax/tree/MinutiaeList
instanceKlass io/ballerina/toml/syntax/tree/AbstractNodeFactory
instanceKlass io/ballerina/tools/text/LineRange
instanceKlass io/ballerina/tools/text/TextLine
instanceKlass io/ballerina/tools/text/LineMap
instanceKlass io/ballerina/tools/text/TextRange
instanceKlass io/ballerina/toml/semantic/diagnostics/TomlNodeLocation
instanceKlass io/ballerina/toml/semantic/diagnostics/DiagnosticLog
instanceKlass io/ballerina/toml/syntax/tree/NodeTransformer
instanceKlass io/ballerina/toml/internal/syntax/SyntaxUtils
instanceKlass  @bci org/ballerinalang/langserver/ExtendedServerCapabilityBuilder get ()Ljava/util/List; 105 <appendix> member <vmtarget> ; # org/ballerinalang/langserver/ExtendedServerCapabilityBuilder$$Lambda+0x00000008001e21f0
instanceKlass org/ballerinalang/langserver/commons/registration/BallerinaServerCapability
instanceKlass io/ballerina/toml/internal/parser/tree/STAbstractNodeFactory
instanceKlass io/ballerina/toml/internal/parser/TomlLexer$1
instanceKlass org/ballerinalang/langserver/commons/registration/BallerinaServerCapabilitySetter
instanceKlass org/ballerinalang/langserver/ExtendedServerCapabilityBuilder
instanceKlass io/ballerina/toml/internal/parser/AbstractParserErrorHandler
instanceKlass io/ballerina/toml/internal/parser/AbstractParser
instanceKlass io/ballerina/toml/internal/parser/TokenReader$TokenBuffer
instanceKlass io/ballerina/tools/text/CharReader
instanceKlass io/ballerina/tools/diagnostics/DiagnosticCode
instanceKlass io/ballerina/toml/internal/parser/tree/STNode
instanceKlass io/ballerina/toml/internal/parser/AbstractTokenReader
instanceKlass io/ballerina/toml/internal/parser/AbstractLexer
instanceKlass io/ballerina/toml/internal/parser/ParserFactory
instanceKlass io/ballerina/toml/syntax/tree/Node
instanceKlass io/ballerina/toml/syntax/tree/SyntaxTree
instanceKlass io/ballerina/tools/text/TextDocument
instanceKlass io/ballerina/tools/text/TextDocuments
instanceKlass  @bci org/ballerinalang/langserver/ExtendedClientCapabilityBuilder get (Ljava/util/List;)Ljava/util/List; 172 <appendix> member <vmtarget> ; # org/ballerinalang/langserver/ExtendedClientCapabilityBuilder$$Lambda+0x00000008001d4d70
instanceKlass org/ballerinalang/langserver/commons/registration/BallerinaClientCapability
instanceKlass com/google/gson/internal/bind/TreeTypeAdapter$GsonContextImpl
instanceKlass  @bci org/ballerinalang/langserver/ExtendedClientCapabilityBuilder get (Ljava/util/List;)Ljava/util/List; 125 <appendix> member <vmtarget> ; # org/ballerinalang/langserver/ExtendedClientCapabilityBuilder$$Lambda+0x00000008001d4020
instanceKlass com/google/gson/internal/bind/TreeTypeAdapter$SingleTypeFactory
instanceKlass com/google/gson/JsonDeserializationContext
instanceKlass com/google/gson/JsonSerializationContext
instanceKlass com/google/gson/InstanceCreator
instanceKlass io/ballerina/toml/validator/schema/SchemaDeserializer
instanceKlass io/ballerina/toml/validator/schema/AbstractSchema
instanceKlass sun/nio/fs/WindowsFileSystem$2
instanceKlass java/nio/file/PathMatcher
instanceKlass  @bci java/util/regex/Pattern DOT ()Ljava/util/regex/Pattern$CharPredicate; 0 <appendix> argL0 ; # java/util/regex/Pattern$$Lambda+0x0000000800176c08
instanceKlass sun/nio/fs/Globs
instanceKlass java/nio/file/FileVisitor
instanceKlass io/ballerina/projects/util/FileUtils
instanceKlass io/ballerina/toml/semantic/ast/TomlNodeVisitor
instanceKlass io/ballerina/toml/validator/TomlValidator
instanceKlass io/ballerina/projects/DiagnosticResult
instanceKlass io/ballerina/projects/internal/SettingsBuilder
instanceKlass io/ballerina/projects/TomlDocument
instanceKlass sun/nio/ch/Util$BufferCache
instanceKlass sun/nio/ch/Util
instanceKlass sun/nio/ch/IOStatus
instanceKlass sun/nio/ch/NativeThread
instanceKlass java/nio/channels/NetworkChannel
instanceKlass sun/nio/ch/SelChImpl
instanceKlass sun/nio/ch/Streams
instanceKlass java/nio/channels/Channels
instanceKlass sun/nio/ch/FileChannelImpl$Closer
instanceKlass sun/nio/ch/NativeThreadSet
instanceKlass org/ballerinalang/langserver/commons/registration/BallerinaClientCapabilitySetter
instanceKlass org/ballerinalang/langserver/ExtendedClientCapabilityBuilder
instanceKlass com/google/gson/JsonParser
instanceKlass sun/nio/ch/IOUtil
instanceKlass  @bci org/ballerinalang/langserver/BallerinaLanguageServer initBalServices (Lorg/ballerinalang/langserver/commons/registration/BallerinaInitializeParams;)Ljava/util/concurrent/CompletableFuture; 2 <appendix> member <vmtarget> ; # org/ballerinalang/langserver/BallerinaLanguageServer$$Lambda+0x00000008001cea90
instanceKlass sun/nio/ch/NativeDispatcher
instanceKlass java/nio/channels/spi/AbstractInterruptibleChannel
instanceKlass java/nio/channels/InterruptibleChannel
instanceKlass java/nio/channels/ScatteringByteChannel
instanceKlass java/nio/channels/GatheringByteChannel
instanceKlass java/nio/channels/SeekableByteChannel
instanceKlass java/nio/channels/ByteChannel
instanceKlass java/nio/channels/WritableByteChannel
instanceKlass java/nio/channels/ReadableByteChannel
instanceKlass java/nio/channels/Channel
instanceKlass sun/nio/fs/WindowsChannelFactory$Flags
instanceKlass sun/nio/fs/WindowsChannelFactory$1
instanceKlass sun/nio/fs/WindowsChannelFactory
instanceKlass sun/nio/fs/WindowsSecurityDescriptor
instanceKlass  @bci org/ballerinalang/langserver/config/LSClientConfigHolder updateConfig (Lcom/google/gson/JsonElement;)V 58 <appendix> member <vmtarget> ; # org/ballerinalang/langserver/config/LSClientConfigHolder$$Lambda+0x00000008001ce868
instanceKlass java/nio/file/attribute/FileAttribute
instanceKlass io/ballerina/projects/internal/environment/BallerinaUserHome
instanceKlass org/ballerinalang/langserver/semantictokens/SemanticTokensConstants
instanceKlass io/ballerina/projects/internal/environment/EnvironmentPackageCache
instanceKlass io/ballerina/projects/internal/environment/WritablePackageCache
instanceKlass  @bci org/ballerinalang/langserver/semantictokens/SemanticTokensUtils getTokenTypeModifiers ()Ljava/util/List; 6 <appendix> argL0 ; # org/ballerinalang/langserver/semantictokens/SemanticTokensUtils$$Lambda+0x00000008001cbc50
instanceKlass sun/nio/fs/WindowsPath$1
instanceKlass  @bci org/ballerinalang/langserver/semantictokens/SemanticTokensUtils getTokenTypes ()Ljava/util/List; 6 <appendix> argL0 ; # org/ballerinalang/langserver/semantictokens/SemanticTokensUtils$$Lambda+0x00000008001cb340
instanceKlass io/ballerina/projects/CompilationCacheFactory
instanceKlass io/ballerina/projects/internal/repositories/AbstractPackageRepository
instanceKlass org/ballerinalang/langserver/semantictokens/SemanticTokensUtils
instanceKlass  @bci org/ballerinalang/langserver/config/LSClientConfigHolder updateConfig (Lcom/google/gson/JsonElement;)V 41 <appendix> member <vmtarget> ; # org/ballerinalang/langserver/config/LSClientConfigHolder$$Lambda+0x00000008001ca120
# instanceKlass java/lang/invoke/LambdaForm$MH+0x00000008001ccc00
# instanceKlass java/lang/invoke/LambdaForm$MH+0x00000008001cc800
instanceKlass io/ballerina/projects/internal/environment/BallerinaDistribution
instanceKlass jdk/internal/vm/annotation/ForceInline
instanceKlass io/ballerina/projects/environment/Environment
instanceKlass io/ballerina/projects/environment/PackageResolver
# instanceKlass java/lang/invoke/LambdaForm$MH+0x00000008001cc400
instanceKlass io/ballerina/projects/environment/PackageCache
instanceKlass io/ballerina/projects/environment/EnvironmentBuilder
instanceKlass sun/misc/Unsafe
instanceKlass org/eclipse/lsp4j/adapters/WorkDoneProgressNotificationAdapter$1
instanceKlass com/google/gson/internal/UnsafeAllocator
instanceKlass  @bci org/eclipse/lsp4j/adapters/ProgressNotificationAdapter create (Lcom/google/gson/Gson;Lcom/google/gson/reflect/TypeToken;)Lcom/google/gson/TypeAdapter; 63 <appendix> argL0 ; # org/eclipse/lsp4j/adapters/ProgressNotificationAdapter$$Lambda+0x00000008001c82a0
instanceKlass com/google/gson/internal/bind/JsonTreeReader$2
instanceKlass  @bci java/util/function/Predicate or (Ljava/util/function/Predicate;)Ljava/util/function/Predicate; 7 <appendix> member <vmtarget> ; # java/util/function/Predicate$$Lambda+0x000000080016e928
instanceKlass  @cpi java/util/function/Predicate 78 form vmentry <vmtarget> ; # java/lang/invoke/LambdaForm$DMH+0x00000008001cc000
instanceKlass org/eclipse/lsp4j/jsonrpc/json/adapters/EitherTypeAdapter$PropertyChecker
instanceKlass com/google/gson/JsonDeserializer
instanceKlass com/google/gson/JsonSerializer
instanceKlass  @bci org/ballerinalang/langserver/LSPackageLoader loadModules (Lorg/ballerinalang/langserver/commons/LanguageServerContext;)V 71 <appendix> member <vmtarget> ; # org/ballerinalang/langserver/LSPackageLoader$$Lambda+0x00000008001c7cb0
instanceKlass  @bci org/ballerinalang/langserver/LSPackageLoader loadModules (Lorg/ballerinalang/langserver/commons/LanguageServerContext;)V 61 <appendix> member <vmtarget> ; # org/ballerinalang/langserver/LSPackageLoader$$Lambda+0x00000008001c7a98
instanceKlass org/eclipse/lsp4j/adapters/ProgressNotificationAdapter
instanceKlass  @bci org/ballerinalang/langserver/LSPackageLoader loadModules (Lorg/ballerinalang/langserver/commons/LanguageServerContext;)V 51 <appendix> member <vmtarget> ; # org/ballerinalang/langserver/LSPackageLoader$$Lambda+0x00000008001c7450
instanceKlass org/eclipse/lsp4j/WorkDoneProgressBegin
instanceKlass org/eclipse/lsp4j/WorkDoneProgressNotification
instanceKlass  @bci org/ballerinalang/langserver/LSPackageLoader loadModules (Lorg/ballerinalang/langserver/commons/LanguageServerContext;)V 41 <appendix> member <vmtarget> ; # org/ballerinalang/langserver/LSPackageLoader$$Lambda+0x00000008001c3cb8
instanceKlass  @bci org/ballerinalang/langserver/LSPackageLoader loadModules (Lorg/ballerinalang/langserver/commons/LanguageServerContext;)V 29 <appendix> member <vmtarget> ; # org/ballerinalang/langserver/LSPackageLoader$$Lambda+0x00000008001c3aa0
instanceKlass org/ballerinalang/langserver/CentralPackageDescriptorLoader
instanceKlass io/ballerina/compiler/api/ModuleID
instanceKlass io/ballerina/projects/environment/PackageRepository
instanceKlass org/ballerinalang/langserver/LSPackageLoader
instanceKlass org/eclipse/lsp4j/RelativePattern
instanceKlass org/eclipse/lsp4j/DidChangeWatchedFilesRegistrationOptions
instanceKlass org/eclipse/lsp4j/FileSystemWatcher
instanceKlass org/ballerinalang/langserver/BallerinaLanguageServer$3
instanceKlass org/eclipse/lsp4j/jsonrpc/RemoteEndpoint$PendingRequestInfo
instanceKlass org/eclipse/lsp4j/Registration
instanceKlass  @bci org/wso2/ballerinalang/compiler/semantics/analyzer/Types getRemainingType (Lorg/wso2/ballerinalang/compiler/semantics/model/types/BFiniteType;Ljava/util/List;)Lorg/wso2/ballerinalang/compiler/semantics/model/types/BType; 155 <appendix> form vmentry <vmtarget> ; # java/lang/invoke/LambdaForm$MH+0x00000008001c6000
instanceKlass  @bci org/wso2/ballerinalang/compiler/semantics/analyzer/Types getRemainingType (Lorg/wso2/ballerinalang/compiler/semantics/model/types/BFiniteType;Ljava/util/List;)Lorg/wso2/ballerinalang/compiler/semantics/model/types/BType; 155 <appendix> argL3 form vmentry <vmtarget> ; # java/lang/invoke/LambdaForm$MH+0x00000008001c5c00
# instanceKlass java/lang/invoke/LambdaForm$MH+0x00000008001c5800
# instanceKlass java/lang/invoke/LambdaForm$MH+0x00000008001c5400
instanceKlass  @bci org/wso2/ballerinalang/compiler/semantics/analyzer/Types getRemainingType (Lorg/wso2/ballerinalang/compiler/semantics/model/types/BFiniteType;Ljava/util/List;)Lorg/wso2/ballerinalang/compiler/semantics/model/types/BType; 155 <appendix> argL1 form vmentry <vmtarget> ; # java/lang/invoke/LambdaForm$MH+0x00000008001c5000
# instanceKlass java/lang/invoke/LambdaForm$MH+0x00000008001c4c00
# instanceKlass java/lang/invoke/LambdaForm$MH+0x00000008001c4800
instanceKlass  @cpi io/ballerina/stdlib/http/compiler/HttpCompilerPlugin 155 form vmentry <vmtarget> ; # java/lang/invoke/LambdaForm$DMH+0x00000008001c4400
# instanceKlass java/lang/invoke/LambdaForm$MH+0x00000008001c4000
instanceKlass org/eclipse/lsp4j/SemanticTokensServerFull
instanceKlass org/eclipse/lsp4j/SemanticTokensLegend
instanceKlass org/eclipse/lsp4j/FileOperationPatternOptions
instanceKlass org/eclipse/lsp4j/FileOperationPattern
instanceKlass org/eclipse/lsp4j/FileOperationFilter
instanceKlass org/eclipse/lsp4j/FileOperationOptions
instanceKlass org/eclipse/lsp4j/FileOperationsServerCapabilities
instanceKlass org/eclipse/lsp4j/WorkspaceFoldersOptions
instanceKlass org/eclipse/lsp4j/DocumentFilter
instanceKlass org/eclipse/lsp4j/CompletionItemOptions
instanceKlass org/eclipse/lsp4j/NotebookSelectorCell
instanceKlass org/eclipse/lsp4j/NotebookDocumentFilter
instanceKlass org/eclipse/lsp4j/NotebookSelector
instanceKlass org/eclipse/lsp4j/SaveOptions
instanceKlass org/eclipse/lsp4j/TextDocumentSyncOptions
instanceKlass org/eclipse/lsp4j/WorkspaceServerCapabilities
instanceKlass org/eclipse/lsp4j/DocumentOnTypeFormattingOptions
instanceKlass org/eclipse/lsp4j/NotebookDocumentSyncRegistrationOptions
instanceKlass org/eclipse/lsp4j/ServerInfo
instanceKlass  @bci org/eclipse/lsp4j/jsonrpc/RemoteEndpoint handleRequest (Lorg/eclipse/lsp4j/jsonrpc/messages/RequestMessage;)V 142 <appendix> member <vmtarget> ; # org/eclipse/lsp4j/jsonrpc/RemoteEndpoint$$Lambda+0x00000008001bde60
instanceKlass  @bci org/eclipse/lsp4j/jsonrpc/RemoteEndpoint handleRequest (Lorg/eclipse/lsp4j/jsonrpc/messages/RequestMessage;)V 132 <appendix> member <vmtarget> ; # org/eclipse/lsp4j/jsonrpc/RemoteEndpoint$$Lambda+0x00000008001bdc28
instanceKlass  @bci org/eclipse/lsp4j/jsonrpc/RemoteEndpoint handleRequest (Lorg/eclipse/lsp4j/jsonrpc/messages/RequestMessage;)V 121 <appendix> member <vmtarget> ; # org/eclipse/lsp4j/jsonrpc/RemoteEndpoint$$Lambda+0x00000008001bda00
instanceKlass jdk/internal/util/random/RandomSupport
instanceKlass java/util/concurrent/ForkJoinTask$Aux
instanceKlass java/util/concurrent/ForkJoinTask
instanceKlass java/util/concurrent/CompletableFuture$AsynchronousCompletionTask
instanceKlass java/util/concurrent/CompletableFuture$AltResult
instanceKlass  @bci org/ballerinalang/langserver/BallerinaLanguageServer initialize (Lorg/eclipse/lsp4j/InitializeParams;)Ljava/util/concurrent/CompletableFuture; 729 <appendix> member <vmtarget> ; # org/ballerinalang/langserver/BallerinaLanguageServer$$Lambda+0x00000008001bd7e8
instanceKlass org/ballerinalang/langserver/command/executors/RunExecutor
instanceKlass org/ballerinalang/langserver/command/executors/AddAllDocumentationExecutor
instanceKlass org/ballerinalang/langserver/command/executors/AbstractDocumentationExecutor
instanceKlass org/ballerinalang/langserver/command/executors/PullModuleExecutor
instanceKlass org/ballerinalang/langserver/command/executors/MessageExecutor
instanceKlass org/ballerinalang/langserver/command/executors/StopExecutor
instanceKlass org/ballerinalang/langserver/command/executors/ReportFeatureUsageExecutor
instanceKlass io/ballerina/c2c/tooling/command/CreateCloudTomlExecutor
instanceKlass org/ballerinalang/langserver/commons/command/spi/LSCommandExecutor
instanceKlass org/ballerinalang/langserver/command/LSCommandExecutorProvidersHolder
instanceKlass org/eclipse/lsp4j/TextDocumentRegistrationOptions
instanceKlass sun/security/provider/AbstractDrbg$NonceProvider
instanceKlass  @bci sun/security/provider/AbstractDrbg$SeederHolder <clinit> ()V 42 <appendix> member <vmtarget> ; # sun/security/provider/AbstractDrbg$SeederHolder$$Lambda+0x000000080016ae78
instanceKlass  @cpi sun/security/provider/AbstractDrbg$SeederHolder 91 form vmentry <vmtarget> ; # java/lang/invoke/LambdaForm$DMH+0x00000008001b8c00
# instanceKlass java/lang/invoke/LambdaForm$DMH+0x00000008001b8800
instanceKlass sun/nio/fs/BasicFileAttributesHolder
instanceKlass sun/nio/fs/WindowsDirectoryStream$WindowsDirectoryIterator
instanceKlass sun/nio/fs/WindowsDirectoryStream
instanceKlass java/nio/file/DirectoryStream
instanceKlass java/nio/file/Files$AcceptAllFilter
instanceKlass java/nio/file/DirectoryStream$Filter
instanceKlass java/net/NetworkInterface$1
instanceKlass java/net/DefaultInterface
instanceKlass java/net/Inet6Address$Inet6AddressHolder
instanceKlass java/net/InetAddress$PlatformResolver
instanceKlass java/net/spi/InetAddressResolver
instanceKlass java/net/spi/InetAddressResolver$LookupPolicy
instanceKlass java/net/Inet4AddressImpl
instanceKlass java/net/Inet6AddressImpl
instanceKlass java/net/InetAddressImpl
instanceKlass java/util/concurrent/ConcurrentSkipListMap$Node
instanceKlass java/util/concurrent/ConcurrentSkipListMap$Index
instanceKlass java/net/InetAddress$InetAddressHolder
instanceKlass java/net/InetAddress$1
instanceKlass jdk/internal/access/JavaNetInetAddressAccess
instanceKlass java/net/InterfaceAddress
instanceKlass java/net/NetworkInterface
instanceKlass sun/security/provider/ByteArrayAccess$BE
instanceKlass sun/security/provider/ByteArrayAccess
instanceKlass sun/security/provider/SeedGenerator$1
instanceKlass sun/security/util/MessageDigestSpi2
instanceKlass sun/security/jca/GetInstance$Instance
instanceKlass sun/security/jca/GetInstance
instanceKlass java/security/MessageDigestSpi
instanceKlass sun/security/provider/SeedGenerator
instanceKlass sun/security/provider/AbstractDrbg$SeederHolder
instanceKlass java/security/DrbgParameters$NextBytes
instanceKlass  @bci sun/security/provider/AbstractDrbg <clinit> ()V 12 <appendix> argL0 ; # sun/security/provider/AbstractDrbg$$Lambda+0x0000000800162688
instanceKlass  @cpi sun/security/provider/AbstractDrbg 383 form vmentry <vmtarget> ; # java/lang/invoke/LambdaForm$DMH+0x00000008001b8400
# instanceKlass java/lang/invoke/LambdaForm$DMH+0x00000008001b8000
instanceKlass sun/security/provider/EntropySource
instanceKlass sun/security/provider/AbstractDrbg
instanceKlass java/security/DrbgParameters$Instantiation
instanceKlass java/security/DrbgParameters
instanceKlass sun/security/provider/MoreDrbgParameters
instanceKlass  @bci sun/security/provider/DRBG <init> (Ljava/security/SecureRandomParameters;)V 26 <appendix> argL0 ; # sun/security/provider/DRBG$$Lambda+0x00000008001611c8
instanceKlass java/security/SecureRandomSpi
instanceKlass jdk/internal/event/Event
instanceKlass sun/security/util/SecurityProviderConstants
instanceKlass java/security/Provider$UString
instanceKlass java/security/Provider$Service
instanceKlass sun/security/provider/NativePRNG$NonBlocking
instanceKlass sun/security/provider/NativePRNG$Blocking
instanceKlass sun/security/provider/NativePRNG
instanceKlass sun/security/provider/SunEntries$1
instanceKlass sun/security/provider/SunEntries
instanceKlass sun/security/util/SecurityConstants
instanceKlass java/util/AbstractList$Itr
instanceKlass sun/security/jca/ProviderList$2
instanceKlass javax/security/auth/login/Configuration$Parameters
instanceKlass java/security/Policy$Parameters
instanceKlass java/security/cert/CertStoreParameters
instanceKlass java/security/SecureRandomParameters
instanceKlass java/security/Provider$EngineDescription
instanceKlass java/security/Provider$ServiceKey
instanceKlass sun/security/jca/ProviderConfig
instanceKlass sun/security/jca/ProviderList
instanceKlass sun/security/jca/Providers
instanceKlass java/util/Random
instanceKlass java/util/random/RandomGenerator
instanceKlass java/util/UUID$Holder
instanceKlass org/ballerinalang/langserver/util/LSClientUtil
instanceKlass org/eclipse/lsp4j/AbstractWorkDoneProgressOptions
instanceKlass org/eclipse/lsp4j/WorkDoneProgressOptions
instanceKlass org/ballerinalang/langserver/LSClientCapabilitiesImpl$InitializationOptionsImpl
instanceKlass org/ballerinalang/langserver/LSClientCapabilitiesImpl$ExperimentalClientCapabilitiesImpl
instanceKlass org/ballerinalang/langserver/commons/capability/InitializationOptions
instanceKlass org/ballerinalang/langserver/commons/capability/ExperimentalClientCapabilities
instanceKlass org/ballerinalang/langserver/LSClientCapabilitiesImpl
instanceKlass com/google/gson/internal/bind/ObjectTypeAdapter$2
instanceKlass com/google/gson/internal/LinkedTreeMap$LinkedTreeMapIterator
instanceKlass com/google/gson/internal/Streams
instanceKlass org/eclipse/lsp4j/ServerCapabilities
# instanceKlass java/lang/invoke/LambdaForm$MH+0x00000008001b4c00
# instanceKlass java/lang/invoke/LambdaForm$MH+0x00000008001b4800
instanceKlass  @cpi io/ballerina/artifactsgenerator/ModuleNodeTransformer 593 form vmentry <vmtarget> ; # java/lang/invoke/LambdaForm$DMH+0x00000008001b4400
instanceKlass org/eclipse/lsp4j/jsonrpc/util/Preconditions
instanceKlass com/google/gson/internal/bind/TypeAdapters$35
instanceKlass  @bci jdk/internal/reflect/MethodHandleIntegerFieldAccessorImpl setInt (Ljava/lang/Object;I)V 41 <adapter> ; # java/lang/invoke/LambdaForm$MH+0x00000008001b4000
instanceKlass org/eclipse/lsp4j/jsonrpc/json/adapters/JsonElementTypeAdapter$Factory
instanceKlass org/eclipse/lsp4j/StaleRequestCapabilities
instanceKlass org/eclipse/lsp4j/MarkdownCapabilities
instanceKlass org/eclipse/lsp4j/RegularExpressionsCapabilities
instanceKlass org/eclipse/lsp4j/WindowShowMessageRequestActionItemCapabilities
instanceKlass org/eclipse/lsp4j/ShowDocumentCapabilities
instanceKlass org/eclipse/lsp4j/WindowShowMessageRequestCapabilities
instanceKlass org/eclipse/lsp4j/InlayHintResolveSupportCapabilities
instanceKlass org/eclipse/lsp4j/SemanticTokensClientCapabilitiesRequestsFull
instanceKlass org/eclipse/lsp4j/SemanticTokensClientCapabilitiesRequests
instanceKlass org/eclipse/lsp4j/FoldingRangeSupportCapabilities
instanceKlass org/eclipse/lsp4j/FoldingRangeKindSupportCapabilities
instanceKlass org/eclipse/lsp4j/jsonrpc/json/adapters/EitherTypeAdapter$EitherTypeArgument
instanceKlass org/eclipse/lsp4j/DiagnosticsTagSupport
instanceKlass org/eclipse/lsp4j/CodeActionKindCapabilities
instanceKlass org/eclipse/lsp4j/CodeActionResolveSupportCapabilities
instanceKlass org/eclipse/lsp4j/CodeActionLiteralSupportCapabilities
instanceKlass org/eclipse/lsp4j/ParameterInformationCapabilities
instanceKlass org/eclipse/lsp4j/SignatureInformationCapabilities
instanceKlass org/eclipse/lsp4j/CompletionItemInsertTextModeSupportCapabilities
instanceKlass org/eclipse/lsp4j/CompletionItemResolveSupportCapabilities
instanceKlass org/eclipse/lsp4j/CompletionItemTagSupportCapabilities
instanceKlass org/eclipse/lsp4j/CompletionListCapabilities
instanceKlass org/eclipse/lsp4j/CompletionItemCapabilities
instanceKlass org/eclipse/lsp4j/CompletionItemKindCapabilities
instanceKlass org/eclipse/lsp4j/PublishDiagnosticsCapabilities
instanceKlass org/eclipse/lsp4j/WorkspaceSymbolResolveSupportCapabilities
instanceKlass org/eclipse/lsp4j/SymbolTagSupportCapabilities
instanceKlass org/eclipse/lsp4j/SymbolKindCapabilities
instanceKlass  @bci org/eclipse/lsp4j/jsonrpc/json/adapters/CollectionTypeAdapter$Factory getConstructor (Ljava/lang/Class;)Ljava/util/function/Supplier; 62 <appendix> argL0 ; # org/eclipse/lsp4j/jsonrpc/json/adapters/CollectionTypeAdapter$Factory$$Lambda+0x00000008001a8aa0
instanceKlass org/eclipse/lsp4j/jsonrpc/json/adapters/TypeUtils$ParameterizedTypeImpl
instanceKlass org/eclipse/lsp4j/WorkspaceEditChangeAnnotationSupportCapabilities
instanceKlass org/eclipse/lsp4j/DiagnosticWorkspaceCapabilities
instanceKlass org/eclipse/lsp4j/InlineValueWorkspaceCapabilities
instanceKlass org/eclipse/lsp4j/InlayHintWorkspaceCapabilities
instanceKlass org/eclipse/lsp4j/CodeLensWorkspaceCapabilities
instanceKlass org/eclipse/lsp4j/SemanticTokensWorkspaceCapabilities
instanceKlass org/eclipse/lsp4j/DynamicRegistrationCapabilities
instanceKlass org/eclipse/lsp4j/WorkspaceEditCapabilities
instanceKlass org/eclipse/lsp4j/GeneralClientCapabilities
instanceKlass org/eclipse/lsp4j/NotebookDocumentClientCapabilities
instanceKlass org/eclipse/lsp4j/WindowClientCapabilities
instanceKlass org/eclipse/lsp4j/TextDocumentClientCapabilities
instanceKlass org/eclipse/lsp4j/WorkspaceClientCapabilities
instanceKlass org/eclipse/lsp4j/ClientCapabilities
instanceKlass  @bci jdk/internal/reflect/MethodHandleObjectFieldAccessorImpl set (Ljava/lang/Object;Ljava/lang/Object;)V 41 <adapter> ; # java/lang/invoke/LambdaForm$MH+0x00000008001a1000
# instanceKlass java/lang/invoke/LambdaForm$MH+0x00000008001a0c00
# instanceKlass java/lang/invoke/LambdaForm$MH+0x00000008001a0800
instanceKlass org/eclipse/lsp4j/jsonrpc/validation/NonNull
instanceKlass org/eclipse/lsp4j/ClientInfo
instanceKlass org/eclipse/lsp4j/adapters/InitializeParamsTypeAdapter$Factory
instanceKlass org/eclipse/lsp4j/jsonrpc/messages/Tuple$Two
instanceKlass org/eclipse/lsp4j/jsonrpc/messages/Tuple
instanceKlass org/eclipse/lsp4j/jsonrpc/json/adapters/TypeUtils
instanceKlass org/eclipse/lsp4j/jsonrpc/json/StreamMessageProducer$Headers
instanceKlass java/lang/invoke/VarHandle$AccessDescriptor
instanceKlass org/eclipse/lsp4j/jsonrpc/json/ConcurrentMessageProcessor$1
instanceKlass java/util/concurrent/Executors$RunnableAdapter
instanceKlass java/util/concurrent/FutureTask$WaitNode
instanceKlass java/util/concurrent/FutureTask
instanceKlass org/eclipse/lsp4j/jsonrpc/StandardLauncher
instanceKlass java/util/concurrent/Executors$DefaultThreadFactory
instanceKlass java/util/concurrent/LinkedTransferQueue$DualNode
instanceKlass java/util/concurrent/TransferQueue
instanceKlass org/eclipse/lsp4j/jsonrpc/json/ConcurrentMessageProcessor
instanceKlass org/eclipse/lsp4j/jsonrpc/json/StreamMessageProducer
instanceKlass java/util/Arrays$ArrayItr
instanceKlass  @bci java/lang/reflect/Proxy getProxyConstructor (Ljava/lang/Class;Ljava/lang/ClassLoader;[Ljava/lang/Class;)Ljava/lang/reflect/Constructor; 80 <appendix> argL0 ; # java/lang/reflect/Proxy$$Lambda+0x00000008001551f0
instanceKlass  @bci org/eclipse/lsp4j/jsonrpc/services/EndpointProxy <init> (Lorg/eclipse/lsp4j/jsonrpc/Endpoint;Ljava/util/Collection;)V 197 <appendix> member <vmtarget> ; # org/eclipse/lsp4j/jsonrpc/services/EndpointProxy$$Lambda+0x00000008001a5738
instanceKlass  @bci org/eclipse/lsp4j/jsonrpc/services/EndpointProxy <init> (Lorg/eclipse/lsp4j/jsonrpc/Endpoint;Ljava/util/Collection;)V 178 <appendix> member <vmtarget> ; # org/eclipse/lsp4j/jsonrpc/services/EndpointProxy$$Lambda+0x00000008001a5510
instanceKlass  @cpi org/wso2/ballerinalang/compiler/parser/BLangNodeBuilder 8282 form vmentry <vmtarget> ; # java/lang/invoke/LambdaForm$DMH+0x00000008001a0400
instanceKlass org/eclipse/lsp4j/jsonrpc/services/EndpointProxy
instanceKlass  @bci org/eclipse/lsp4j/jsonrpc/RemoteEndpoint <clinit> ()V 11 <appendix> argL0 ; # org/eclipse/lsp4j/jsonrpc/RemoteEndpoint$$Lambda+0x00000008001a52e0
instanceKlass org/eclipse/lsp4j/jsonrpc/messages/ResponseError
instanceKlass org/eclipse/lsp4j/jsonrpc/messages/Message
instanceKlass org/eclipse/lsp4j/jsonrpc/RemoteEndpoint
instanceKlass org/ballerinalang/langserver/commons/ExecuteCommandContext
instanceKlass  @cpi io/ballerina/modelgenerator/commons/CommonUtils 1693 form vmentry <vmtarget> ; # java/lang/invoke/LambdaForm$DMH+0x00000008001a0000
instanceKlass org/eclipse/lsp4j/jsonrpc/json/StreamMessageConsumer
instanceKlass org/eclipse/lsp4j/jsonrpc/json/MessageConstants
instanceKlass org/eclipse/lsp4j/jsonrpc/json/adapters/MessageTypeAdapter$Factory
instanceKlass org/eclipse/lsp4j/jsonrpc/json/adapters/EnumTypeAdapter$Factory
instanceKlass org/eclipse/lsp4j/jsonrpc/json/adapters/TupleTypeAdapters$TwoTypeAdapterFactory
instanceKlass org/eclipse/lsp4j/jsonrpc/json/adapters/EitherTypeAdapter$Factory
instanceKlass org/eclipse/lsp4j/jsonrpc/json/adapters/ThrowableTypeAdapter$Factory
instanceKlass org/eclipse/lsp4j/jsonrpc/json/adapters/CollectionTypeAdapter$Factory
instanceKlass org/eclipse/lsp4j/jsonrpc/messages/CancelParams
instanceKlass org/eclipse/lsp4j/jsonrpc/json/MessageJsonHandler
instanceKlass io/ballerina/xsd/extension/XSDConverterResponse
instanceKlass io/ballerina/xsd/extension/XSDConverterRequest
instanceKlass io/ballerina/wsdl/extension/WSDLConverterResponse
instanceKlass io/ballerina/wsdl/extension/WSDLConverterRequest
instanceKlass io/ballerina/servicemodelgenerator/extension/model/response/AbstractServiceModelResponse
instanceKlass io/ballerina/servicemodelgenerator/extension/model/Codedata
instanceKlass io/ballerina/sequencemodelgenerator/ls/extension/SequenceDiagramServiceResponse
instanceKlass io/ballerina/sequencemodelgenerator/ls/extension/SequenceDiagramServiceRequest
instanceKlass io/ballerina/persist/extension/DatabaseIntrospectionResponse
instanceKlass io/ballerina/persist/extension/PersistClientGeneratorResponse
instanceKlass io/ballerina/persist/extension/DatabaseIntrospectionRequest
instanceKlass io/ballerina/persist/extension/PersistClientGeneratorRequest
instanceKlass io/ballerina/openapi/service/mapper/model/OASResult
instanceKlass io/ballerina/openapi/extension/OpenAPIConverterResponse
instanceKlass io/ballerina/openapi/extension/OpenAPIConverterRequest
instanceKlass io/ballerina/flowmodelgenerator/core/AgentsGenerator
instanceKlass io/ballerina/flowmodelgenerator/extension/request/XMLToRecordRequest
instanceKlass io/ballerina/flowmodelgenerator/extension/request/JsonToRecordRequest
instanceKlass io/ballerina/projects/PackageDependency
instanceKlass io/ballerina/toml/api/Toml
instanceKlass io/ballerina/compiler/api/symbols/UnionTypeSymbol
instanceKlass io/ballerina/projects/ModuleDependency
instanceKlass io/ballerina/projects/Package
instanceKlass io/ballerina/tools/text/TextEdit
# instanceKlass java/lang/invoke/LambdaForm$MH+0x0000000800188000
instanceKlass java/lang/invoke/MethodHandle$1
instanceKlass io/ballerina/flowmodelgenerator/core/AvailableNodesGenerator
instanceKlass io/ballerina/edi/extension/EDIConverterResponse
instanceKlass io/ballerina/edi/extension/EDIConverterRequest
instanceKlass org/ballerinalang/langserver/common/utils/PathUtil
instanceKlass io/ballerina/designmodelgenerator/extension/response/AbstractResponse
instanceKlass io/ballerina/artifactsgenerator/ArtifactsCache
instanceKlass io/ballerina/tools/diagnostics/Diagnostic
instanceKlass io/ballerina/architecturemodelgenerator/extension/persist/PersistERModelRequest
instanceKlass io/ballerina/architecturemodelgenerator/extension/ModelResponse
instanceKlass io/ballerina/architecturemodelgenerator/extension/architecture/ArchitectureModelRequest
instanceKlass org/ballerinalang/langserver/extensions/ballerina/connector/BallerinaRecordResponse
instanceKlass org/ballerinalang/langserver/extensions/ballerina/connector/BallerinaConnectorListResponse
instanceKlass org/ballerinalang/langserver/extensions/ballerina/connector/BallerinaConnectorListRequest
instanceKlass org/ballerinalang/langserver/extensions/ballerina/connector/BallerinaConnectorRequest
instanceKlass org/ballerinalang/langserver/extensions/ballerina/connector/BallerinaRecordRequest
instanceKlass org/ballerinalang/langserver/extensions/ballerina/connector/ConnectorExtContext
instanceKlass org/ballerinalang/langserver/extensions/ballerina/packages/ModuleObject
instanceKlass io/ballerina/projects/ModuleId
instanceKlass org/ballerinalang/langserver/extensions/ballerina/packages/PackageObject
instanceKlass io/ballerina/projects/PackageCompilation
instanceKlass org/ballerinalang/langserver/extensions/ballerina/packages/PackageComponentsResponse
instanceKlass org/ballerinalang/langserver/extensions/ballerina/packages/PackageComponentsRequest
instanceKlass org/ballerinalang/langserver/extensions/ballerina/packages/PackageConfigSchemaResponse
instanceKlass org/ballerinalang/langserver/extensions/ballerina/packages/PackageConfigSchemaRequest
instanceKlass org/ballerinalang/langserver/extensions/ballerina/packages/PackageMetadataRequest
instanceKlass org/eclipse/lsp4j/jsonrpc/CancelChecker
instanceKlass org/ballerinalang/langserver/extensions/ballerina/document/ExecutorPositionsResponse
instanceKlass org/ballerinalang/langserver/extensions/ballerina/packages/PackageMetadataResponse
instanceKlass org/ballerinalang/langserver/extensions/ballerina/document/BallerinaSyntaxTreeModifyRequest
instanceKlass org/ballerinalang/langserver/extensions/ballerina/document/BallerinaTriggerModifyRequest
instanceKlass org/ballerinalang/langserver/extensions/ballerina/document/SyntaxTreeNodeResponse
instanceKlass org/ballerinalang/langserver/extensions/ballerina/document/SyntaxTreeNodeRequest
instanceKlass io/ballerina/projects/Document
instanceKlass org/ballerinalang/langserver/extensions/ballerina/document/BallerinaSyntaxTreeByRangeRequest
instanceKlass io/ballerina/projects/DocumentId
instanceKlass org/ballerinalang/langserver/extensions/ballerina/document/SyntaxApiCallsResponse
instanceKlass org/ballerinalang/langserver/extensions/ballerina/document/SyntaxApiCallsRequest
instanceKlass io/ballerina/projects/Module
instanceKlass org/ballerinalang/langserver/extensions/ballerina/document/BallerinaSyntaxTreeByNameRequest
instanceKlass org/ballerinalang/langserver/extensions/ballerina/document/ResolveModuleDependenciesResponse
instanceKlass org/ballerinalang/langserver/extensions/ballerina/document/BallerinaSyntaxTreeResponse
instanceKlass org/ballerinalang/langserver/extensions/ballerina/document/BallerinaSyntaxTreeRequest
instanceKlass org/ballerinalang/langserver/extensions/ballerina/document/BallerinaProjectParams
instanceKlass org/ballerinalang/langserver/extensions/ballerina/symbol/TypesFromExpressionResponse
instanceKlass io/ballerina/compiler/api/symbols/ParameterSymbol
instanceKlass io/ballerina/compiler/api/symbols/Qualifiable
instanceKlass io/ballerina/compiler/api/symbols/Annotatable
instanceKlass org/ballerinalang/langserver/extensions/ballerina/symbol/BallerinaEndpointsResponse
instanceKlass org/ballerinalang/langserver/extensions/ballerina/symbol/ExpressionTypeResponse
instanceKlass org/ballerinalang/langserver/extensions/ballerina/symbol/SymbolInfoResponse
instanceKlass org/ballerinalang/langserver/extensions/ballerina/symbol/TypeFromExpressionRequest
instanceKlass io/ballerina/tools/text/LinePosition
instanceKlass org/ballerinalang/langserver/extensions/ballerina/symbol/TypesFromFnDefinitionRequest
instanceKlass org/ballerinalang/langserver/extensions/ballerina/symbol/TypesFromSymbolResponse
instanceKlass org/ballerinalang/langserver/extensions/ballerina/symbol/TypeFromSymbolRequest
instanceKlass io/ballerina/compiler/api/symbols/FunctionTypeSymbol
instanceKlass io/ballerina/compiler/api/SemanticModel
instanceKlass org/ballerinalang/langserver/extensions/ballerina/symbol/SymbolInfoRequest
instanceKlass org/ballerinalang/langserver/extensions/ballerina/symbol/ExpressionTypeRequest
instanceKlass org/ballerinalang/langserver/extensions/ballerina/runner/ProjectDiagnosticsResponse
instanceKlass org/ballerinalang/langserver/extensions/ballerina/runner/MainFunctionParamsRequest
instanceKlass org/ballerinalang/langserver/extensions/ballerina/runner/ProjectDiagnosticsRequest
instanceKlass org/ballerinalang/langserver/extensions/ballerina/example/BallerinaExampleListResponse
instanceKlass org/ballerinalang/langserver/extensions/ballerina/example/BallerinaExampleListRequest
instanceKlass io/ballerina/shell/service/ShellFileSourceResponse
instanceKlass io/ballerina/shell/service/BalShellGetResultResponse
instanceKlass io/ballerina/shell/service/DeleteRequest
instanceKlass io/ballerina/shell/service/BalShellGetResultRequest
instanceKlass io/ballerina/xmltorecordconverter/XMLToRecordResponse
instanceKlass io/ballerina/xmltorecordconverter/XMLToRecordRequest
instanceKlass io/ballerina/trigger/entity/BallerinaTriggerListResponse
instanceKlass io/ballerina/trigger/entity/CentralTriggerListResult
instanceKlass io/ballerina/trigger/entity/BallerinaTriggerListRequest
instanceKlass io/ballerina/trigger/entity/BallerinaTriggerRequest
instanceKlass io/ballerina/PerformanceAnalyzerGraphRequest
instanceKlass io/ballerina/PerformanceAnalyzerRequest
instanceKlass io/ballerina/compiler/syntax/tree/SyntaxTree
instanceKlass io/ballerina/parsers/STResponse
instanceKlass io/ballerina/parsers/PartialSTRequest
instanceKlass com/google/common/collect/LinkedListMultimap$KeyList
instanceKlass com/google/common/collect/AbstractMapEntry
instanceKlass  @bci org/eclipse/lsp4j/jsonrpc/services/GenericEndpoint recursiveFindRpcMethods (Ljava/lang/Object;Ljava/util/Set;Ljava/util/Set;)V 24 <appendix> member <vmtarget> ; # org/eclipse/lsp4j/jsonrpc/services/GenericEndpoint$$Lambda+0x0000000800134ed0
instanceKlass  @cpi org/wso2/ballerinalang/compiler/semantics/analyzer/DocumentationAnalyzer 900 form vmentry <vmtarget> ; # java/lang/invoke/LambdaForm$DMH+0x0000000800138000
instanceKlass  @bci org/eclipse/lsp4j/jsonrpc/services/GenericEndpoint lambda$recursiveFindRpcMethods$1 (Ljava/lang/Object;Lorg/eclipse/lsp4j/jsonrpc/services/AnnotationUtil$MethodInfo;)V 3 <appendix> member <vmtarget> ; # org/eclipse/lsp4j/jsonrpc/services/GenericEndpoint$$Lambda+0x0000000800134c98
instanceKlass  @bci org/eclipse/lsp4j/jsonrpc/services/GenericEndpoint recursiveFindRpcMethods (Ljava/lang/Object;Ljava/util/Set;Ljava/util/Set;)V 7 <appendix> member <vmtarget> ; # org/eclipse/lsp4j/jsonrpc/services/GenericEndpoint$$Lambda+0x0000000800134a70
instanceKlass org/eclipse/lsp4j/jsonrpc/services/GenericEndpoint
instanceKlass io/ballerina/jsonmapper/JsonToRecordResponse
instanceKlass io/ballerina/converters/JsonToRecordRequest
instanceKlass org/eclipse/lsp4j/Moniker
instanceKlass org/eclipse/lsp4j/adapters/DocumentDiagnosticReportTypeAdapter
instanceKlass org/eclipse/lsp4j/Command
instanceKlass org/eclipse/lsp4j/adapters/CodeActionResponseAdapter
instanceKlass org/eclipse/lsp4j/Hover
instanceKlass org/eclipse/lsp4j/CompletionList
instanceKlass org/eclipse/lsp4j/FoldingRange
instanceKlass org/eclipse/lsp4j/ColorPresentation
instanceKlass org/eclipse/lsp4j/ColorInformation
instanceKlass org/eclipse/lsp4j/DocumentSymbol
instanceKlass org/eclipse/lsp4j/adapters/DocumentSymbolResponseAdapter
instanceKlass org/eclipse/lsp4j/SignatureHelp
instanceKlass org/eclipse/lsp4j/TextEdit
instanceKlass org/eclipse/lsp4j/LinkedEditingRanges
instanceKlass org/eclipse/lsp4j/InlineValueEvaluatableExpression
instanceKlass org/eclipse/lsp4j/InlineValueVariableLookup
instanceKlass org/eclipse/lsp4j/adapters/InlineValueResponseAdapter
instanceKlass org/eclipse/lsp4j/SelectionRange
instanceKlass org/eclipse/lsp4j/PrepareRenameDefaultBehavior
instanceKlass org/eclipse/lsp4j/PrepareRenameResult
instanceKlass org/eclipse/lsp4j/Range
instanceKlass org/eclipse/lsp4j/adapters/PrepareRenameResponseAdapter
instanceKlass org/eclipse/lsp4j/LocationLink
instanceKlass org/eclipse/lsp4j/adapters/LocationLinkListAdapter
instanceKlass org/eclipse/lsp4j/CallHierarchyOutgoingCall
instanceKlass org/eclipse/lsp4j/CallHierarchyIncomingCall
instanceKlass org/eclipse/lsp4j/SemanticTokensDelta
instanceKlass org/eclipse/lsp4j/SemanticTokens
instanceKlass org/eclipse/lsp4j/adapters/SemanticTokensFullDeltaResponseAdapter
instanceKlass org/eclipse/lsp4j/TypeHierarchyItem
instanceKlass org/eclipse/lsp4j/CallHierarchyItem
instanceKlass org/eclipse/lsp4j/InlayHintParams
instanceKlass org/eclipse/lsp4j/DidCloseTextDocumentParams
instanceKlass org/eclipse/lsp4j/DidOpenTextDocumentParams
instanceKlass org/eclipse/lsp4j/DidSaveTextDocumentParams
instanceKlass org/eclipse/lsp4j/DocumentFormattingParams
instanceKlass org/eclipse/lsp4j/DidChangeTextDocumentParams
instanceKlass org/eclipse/lsp4j/DocumentRangeFormattingParams
instanceKlass org/eclipse/lsp4j/CodeLens
instanceKlass org/eclipse/lsp4j/CodeAction
instanceKlass org/eclipse/lsp4j/WillSaveTextDocumentParams
instanceKlass org/eclipse/lsp4j/InlineValueParams
instanceKlass org/eclipse/lsp4j/InlayHint
instanceKlass org/eclipse/lsp4j/DocumentLink
instanceKlass org/eclipse/lsp4j/CompletionItem
instanceKlass org/eclipse/lsp4j/TextDocumentPositionParams
instanceKlass org/eclipse/lsp4j/SymbolInformation
instanceKlass com/google/gson/internal/$Gson$Types$WildcardTypeImpl
instanceKlass org/eclipse/lsp4j/jsonrpc/messages/Either
instanceKlass sun/reflect/generics/tree/Wildcard
instanceKlass sun/reflect/generics/tree/BottomSignature
instanceKlass org/eclipse/lsp4j/adapters/WorkspaceSymbolResponseAdapter
instanceKlass org/eclipse/lsp4j/WorkspaceDiagnosticReport
instanceKlass org/eclipse/lsp4j/WorkspaceEdit
instanceKlass org/eclipse/lsp4j/WorkDoneProgressAndPartialResultParams
instanceKlass org/eclipse/lsp4j/PartialResultParams
instanceKlass org/eclipse/lsp4j/ExecuteCommandParams
instanceKlass org/eclipse/lsp4j/RenameFilesParams
instanceKlass org/eclipse/lsp4j/CreateFilesParams
instanceKlass org/eclipse/lsp4j/DeleteFilesParams
instanceKlass org/eclipse/lsp4j/DidChangeConfigurationParams
instanceKlass org/eclipse/lsp4j/DidChangeWatchedFilesParams
instanceKlass org/eclipse/lsp4j/WorkspaceSymbol
instanceKlass org/eclipse/lsp4j/DidChangeWorkspaceFoldersParams
instanceKlass org/eclipse/lsp4j/DidCloseNotebookDocumentParams
instanceKlass org/eclipse/lsp4j/DidOpenNotebookDocumentParams
instanceKlass org/eclipse/lsp4j/DidSaveNotebookDocumentParams
instanceKlass org/eclipse/lsp4j/DidChangeNotebookDocumentParams
instanceKlass org/ballerinalang/langserver/commons/registration/BallerinaInitializeResult
instanceKlass org/ballerinalang/langserver/commons/registration/BallerinaInitializeParams
instanceKlass org/eclipse/lsp4j/InitializeResult
instanceKlass org/eclipse/lsp4j/SetTraceParams
instanceKlass org/eclipse/lsp4j/WorkDoneProgressCancelParams
instanceKlass org/eclipse/lsp4j/InitializedParams
instanceKlass org/eclipse/lsp4j/InitializeParams
instanceKlass org/eclipse/lsp4j/WorkDoneProgressParams
instanceKlass jdk/internal/vm/annotation/IntrinsicCandidate
instanceKlass java/lang/annotation/Documented
instanceKlass java/lang/Deprecated
instanceKlass org/eclipse/lsp4j/jsonrpc/services/JsonDelegate
instanceKlass  @bci org/eclipse/lsp4j/jsonrpc/services/ServiceEndpoints getSupportedMethods (Ljava/lang/Class;Ljava/util/Set;)Ljava/util/Map; 29 <appendix> member <vmtarget> ; # org/eclipse/lsp4j/jsonrpc/services/ServiceEndpoints$$Lambda+0x0000000800120f08
instanceKlass  @cpi io/ballerina/artifactsgenerator/ArtifactsGenerator 494 form vmentry <vmtarget> ; # java/lang/invoke/LambdaForm$DMH+0x0000000800124000
instanceKlass org/ballerinalang/langserver/commons/trace/TraceRecord
instanceKlass org/eclipse/lsp4j/Location
instanceKlass org/eclipse/lsp4j/ApplyWorkspaceEditResponse
instanceKlass org/eclipse/lsp4j/jsonrpc/services/JsonNotification
instanceKlass org/eclipse/lsp4j/WorkspaceFolder
instanceKlass org/eclipse/lsp4j/MessageActionItem
instanceKlass org/eclipse/lsp4j/ShowDocumentResult
instanceKlass org/eclipse/lsp4j/jsonrpc/json/JsonRpcMethod
instanceKlass org/eclipse/lsp4j/jsonrpc/json/ResponseJsonAdapter
instanceKlass sun/reflect/generics/tree/MethodTypeSignature
instanceKlass java/util/stream/Nodes$ArrayNode
instanceKlass  @bci org/eclipse/lsp4j/jsonrpc/services/AnnotationUtil getParameterTypes (Ljava/lang/reflect/Method;)[Ljava/lang/reflect/Type; 17 <appendix> argL0 ; # org/eclipse/lsp4j/jsonrpc/services/AnnotationUtil$$Lambda+0x000000080011f7b0
instanceKlass  @bci org/eclipse/lsp4j/jsonrpc/services/AnnotationUtil getParameterTypes (Ljava/lang/reflect/Method;)[Ljava/lang/reflect/Type; 7 <appendix> argL0 ; # org/eclipse/lsp4j/jsonrpc/services/AnnotationUtil$$Lambda+0x000000080011f580
instanceKlass org/eclipse/lsp4j/jsonrpc/services/JsonRequest
instanceKlass org/eclipse/lsp4j/ApplyWorkspaceEditParams
instanceKlass org/eclipse/lsp4j/LogTraceParams
instanceKlass org/eclipse/lsp4j/UnregistrationParams
instanceKlass org/eclipse/lsp4j/ProgressParams
instanceKlass org/eclipse/lsp4j/PublishDiagnosticsParams
instanceKlass org/eclipse/lsp4j/MessageParams
instanceKlass org/eclipse/lsp4j/WorkDoneProgressCreateParams
instanceKlass org/eclipse/lsp4j/ShowDocumentParams
instanceKlass org/eclipse/lsp4j/RegistrationParams
instanceKlass java/util/concurrent/CompletableFuture
instanceKlass java/util/concurrent/CompletionStage
instanceKlass org/eclipse/lsp4j/ConfigurationParams
instanceKlass org/eclipse/lsp4j/jsonrpc/services/JsonSegment
instanceKlass org/eclipse/lsp4j/jsonrpc/services/AnnotationUtil
instanceKlass  @bci org/eclipse/lsp4j/jsonrpc/services/ServiceEndpoints getSupportedMethods (Ljava/lang/Class;Ljava/util/Set;)Ljava/util/Map; 11 <appendix> member <vmtarget> ; # org/eclipse/lsp4j/jsonrpc/services/ServiceEndpoints$$Lambda+0x000000080011b3a0
instanceKlass org/eclipse/lsp4j/jsonrpc/services/AnnotationUtil$MethodInfo
instanceKlass org/eclipse/lsp4j/jsonrpc/services/ServiceEndpoints
instanceKlass org/eclipse/lsp4j/jsonrpc/json/MethodProvider
instanceKlass org/eclipse/lsp4j/jsonrpc/MessageProducer
instanceKlass org/eclipse/lsp4j/jsonrpc/MessageIssueHandler
instanceKlass org/eclipse/lsp4j/jsonrpc/MessageConsumer
instanceKlass org/eclipse/lsp4j/jsonrpc/Launcher$Builder
instanceKlass org/eclipse/lsp4j/jsonrpc/Launcher
instanceKlass org/ballerinalang/langserver/commons/client/ExtendedLanguageClient
instanceKlass org/ballerinalang/langserver/BallerinaNotebookDocumentService
instanceKlass  @bci jdk/internal/reflect/MethodHandleIntegerFieldAccessorImpl getInt (Ljava/lang/Object;)I 20 <adapter> ; # java/lang/invoke/LambdaForm$MH+0x000000080011dc00
# instanceKlass java/lang/invoke/LambdaForm$MH+0x000000080011d800
# instanceKlass java/lang/invoke/LambdaForm$BMH+0x000000080011d400
# instanceKlass java/lang/invoke/LambdaForm$DMH+0x000000080011d000
# instanceKlass java/lang/invoke/LambdaForm$MH+0x000000080011cc00
# instanceKlass java/lang/invoke/LambdaForm$MH+0x000000080011c800
# instanceKlass java/lang/invoke/LambdaForm$MH+0x000000080011c400
instanceKlass  @bci io/ballerina/types/ListAtomicType hashCode ()I 1 <appendix> argL1 argL1 form vmentry <vmtarget> ; # java/lang/invoke/LambdaForm$MH+0x000000080011c000
instanceKlass com/google/gson/internal/ConstructorConstructor$19
instanceKlass com/google/gson/internal/ConstructorConstructor$9
instanceKlass org/ballerinalang/langserver/config/CodeLensConfig$Enabled
instanceKlass org/ballerinalang/langserver/config/CodeLensConfig
instanceKlass org/ballerinalang/langserver/config/LSClientConfig
instanceKlass org/ballerinalang/langserver/config/LSClientConfigHolder
instanceKlass org/ballerinalang/langserver/telemetry/LSTelemetryEvent
instanceKlass org/ballerinalang/langserver/commons/WorkspaceServiceContext
instanceKlass org/ballerinalang/langserver/BallerinaWorkspaceService
instanceKlass org/ballerinalang/langserver/commons/PositionedOperationContext
instanceKlass org/eclipse/lsp4j/TextDocumentIdentifier
instanceKlass org/ballerinalang/langserver/BallerinaTextDocumentService
instanceKlass org/apache/commons/lang3/tuple/Pair
instanceKlass io/ballerina/projects/Project
instanceKlass sun/util/resources/Bundles$CacheKeyReference
instanceKlass  @bci java/util/ResourceBundle$ResourceBundleProviderHelper newResourceBundle (Ljava/lang/Class;)Ljava/util/ResourceBundle; 22 <appendix> member <vmtarget> ; # java/util/ResourceBundle$ResourceBundleProviderHelper$$Lambda+0x000000080014edd8
instanceKlass java/util/ResourceBundle$ResourceBundleProviderHelper
instanceKlass  @bci sun/util/cldr/CLDRLocaleProviderAdapter applyAliases (Ljava/util/Locale;)Ljava/util/Locale; 4 <appendix> argL0 ; # sun/util/cldr/CLDRLocaleProviderAdapter$$Lambda+0x000000080014e0b0
instanceKlass sun/util/resources/Bundles$CacheKey
instanceKlass java/util/ResourceBundle$1
instanceKlass jdk/internal/access/JavaUtilResourceBundleAccess
instanceKlass sun/util/resources/Bundles
instanceKlass sun/util/resources/LocaleData$LocaleDataStrategy
instanceKlass sun/util/resources/Bundles$Strategy
instanceKlass sun/util/resources/LocaleData$1
instanceKlass java/util/ResourceBundle
instanceKlass java/util/ResourceBundle$Control
instanceKlass sun/util/resources/LocaleData
instanceKlass java/util/regex/ASCII
instanceKlass sun/util/locale/provider/LocaleResources
instanceKlass java/util/Locale$Builder
instanceKlass sun/util/locale/provider/CalendarDataUtility
instanceKlass java/util/regex/IntHashSet
instanceKlass java/util/regex/Matcher
instanceKlass java/util/regex/MatchResult
instanceKlass sun/util/locale/provider/AvailableLanguageTags
instanceKlass  @bci sun/util/locale/provider/JRELocaleProviderAdapter getDecimalFormatSymbolsProvider ()Ljava/text/spi/DecimalFormatSymbolsProvider; 8 <appendix> member <vmtarget> ; # sun/util/locale/provider/JRELocaleProviderAdapter$$Lambda+0x000000080014a538
instanceKlass sun/util/resources/cldr/provider/CLDRLocaleDataMetaInfo
instanceKlass  @bci sun/util/cldr/CLDRLocaleProviderAdapter <init> ()V 4 <appendix> argL0 ; # sun/util/cldr/CLDRLocaleProviderAdapter$$Lambda+0x000000080014a328
instanceKlass sun/util/locale/LocaleObjectCache
instanceKlass sun/util/locale/BaseLocale$Key
instanceKlass sun/util/locale/InternalLocaleBuilder$CaseInsensitiveChar
instanceKlass sun/util/locale/InternalLocaleBuilder
instanceKlass sun/util/locale/StringTokenIterator
instanceKlass sun/util/locale/ParseStatus
instanceKlass sun/util/locale/LanguageTag
instanceKlass sun/util/cldr/CLDRBaseLocaleDataMetaInfo
instanceKlass sun/util/locale/provider/LocaleDataMetaInfo
instanceKlass sun/util/locale/provider/ResourceBundleBasedAdapter
instanceKlass sun/util/locale/provider/LocaleProviderAdapter
instanceKlass java/util/spi/LocaleServiceProvider
instanceKlass java/text/DecimalFormatSymbols
instanceKlass java/util/Formatter$Flags
instanceKlass java/util/Formatter$FixedString
instanceKlass java/util/Formatter$FormatSpecifier
instanceKlass java/util/Formatter$FormatString
instanceKlass java/util/Formatter$Conversion
instanceKlass  @bci java/util/regex/Pattern Range (II)Ljava/util/regex/Pattern$CharPredicate; 23 <appendix> member <vmtarget> ; # java/util/regex/Pattern$$Lambda+0x0000000800145978
instanceKlass  @bci java/util/regex/CharPredicates ASCII_DIGIT ()Ljava/util/regex/Pattern$BmpCharPredicate; 0 <appendix> argL0 ; # java/util/regex/CharPredicates$$Lambda+0x00000008001456f8
instanceKlass java/util/Formatter
instanceKlass com/github/zafarkhaja/semver/MetadataVersion
instanceKlass com/github/zafarkhaja/semver/NormalVersion
instanceKlass com/github/zafarkhaja/semver/util/Stream
instanceKlass com/github/zafarkhaja/semver/util/Stream$ElementType
instanceKlass com/github/zafarkhaja/semver/VersionParser
instanceKlass com/github/zafarkhaja/semver/Parser
instanceKlass com/github/zafarkhaja/semver/Version$BuildAwareOrder
instanceKlass com/github/zafarkhaja/semver/Version
instanceKlass java/lang/ProcessEnvironment$CheckedEntry
instanceKlass java/lang/ProcessEnvironment$CheckedEntrySet$1
instanceKlass java/lang/ProcessEnvironment$EntryComparator
instanceKlass java/lang/ProcessEnvironment$NameComparator
instanceKlass org/wso2/ballerinalang/util/RepoUtils
instanceKlass org/ballerinalang/langserver/commons/BallerinaCompilerApi
instanceKlass io/ballerina/xsd/extension/XSDConverterService
instanceKlass io/ballerina/wsdl/extension/WSDLConverterService
instanceKlass io/ballerina/testmanagerservice/extension/TestManagerService
# instanceKlass java/lang/invoke/LambdaForm$MH+0x0000000800114c00
# instanceKlass java/lang/invoke/LambdaForm$MH+0x0000000800114800
# instanceKlass java/lang/invoke/LambdaForm$MH+0x0000000800114400
instanceKlass  @bci io/ballerina/artifactsgenerator/ArtifactsGenerator artifacts (Lio/ballerina/projects/Project;)Ljava/util/Map; 64 <appendix> form vmentry <vmtarget> ; # java/lang/invoke/LambdaForm$DMH+0x0000000800114000
instanceKlass io/ballerina/servicemodelgenerator/extension/core/ServiceModelGeneratorService
instanceKlass io/ballerina/sequencemodelgenerator/ls/extension/SequenceModelGeneratorService
instanceKlass io/ballerina/persist/extension/PersistClientService
instanceKlass com/google/gson/GsonBuilder
instanceKlass io/ballerina/openapi/extension/OpenAPIConverterService
instanceKlass io/ballerina/flowmodelgenerator/extension/CopilotLibraryService
instanceKlass io/ballerina/flowmodelgenerator/extension/AgentsManagerService
instanceKlass io/ballerina/flowmodelgenerator/extension/ICPEnablerService
instanceKlass io/ballerina/flowmodelgenerator/extension/InitializerService
instanceKlass io/ballerina/flowmodelgenerator/extension/XMLToRecordConverterService
instanceKlass io/ballerina/flowmodelgenerator/extension/JsonToRecordConverterService
instanceKlass io/ballerina/flowmodelgenerator/extension/OpenAPIService
instanceKlass io/ballerina/flowmodelgenerator/extension/TypesManagerService
instanceKlass io/ballerina/flowmodelgenerator/extension/DataMapperService
instanceKlass io/ballerina/toml/semantic/ast/TomlNode
instanceKlass io/ballerina/flowmodelgenerator/core/DiagnosticHandler$DiagnosticCapable
instanceKlass io/ballerina/compiler/api/symbols/TypeSymbol
instanceKlass io/ballerina/flowmodelgenerator/extension/ConfigEditorV2Service
instanceKlass io/ballerina/flowmodelgenerator/extension/response/AbstractFlowModelResponse
instanceKlass io/ballerina/flowmodelgenerator/core/expressioneditor/services/DebouncedExpressionEditorRequest
instanceKlass java/util/concurrent/Callable
instanceKlass io/ballerina/flowmodelgenerator/extension/ExpressionEditorService
instanceKlass io/ballerina/flowmodelgenerator/extension/FlowModelGeneratorService
instanceKlass io/ballerina/edi/extension/EDIConverterService
instanceKlass io/ballerina/copilotagent/extension/CopilotAgentService
# instanceKlass java/lang/invoke/LambdaForm$MH+0x000000080010ac00
# instanceKlass java/lang/invoke/LambdaForm$MH+0x000000080010a800
# instanceKlass java/lang/invoke/LambdaForm$MH+0x000000080010a400
# instanceKlass java/lang/invoke/LambdaForm$MH+0x000000080010a000
# instanceKlass java/lang/invoke/LambdaForm$MH+0x0000000800109c00
# instanceKlass java/lang/invoke/LambdaForm$BMH+0x0000000800109800
# instanceKlass java/lang/invoke/LambdaForm$DMH+0x0000000800109400
# instanceKlass java/lang/invoke/LambdaForm$MH+0x0000000800109000
# instanceKlass java/lang/invoke/LambdaForm$DMH+0x0000000800108c00
instanceKlass java/lang/invoke/ClassSpecializer$Factory$1Var
# instanceKlass java/lang/invoke/LambdaForm$DMH+0x0000000800108800
instanceKlass sun/invoke/util/ValueConversions$1
# instanceKlass java/lang/invoke/LambdaForm$DMH+0x0000000800108400
# instanceKlass java/lang/invoke/LambdaForm$MH+0x0000000800108000
# instanceKlass java/lang/invoke/LambdaForm$MH+0x0000000800103c00
# instanceKlass java/lang/invoke/LambdaForm$MH+0x0000000800103800
instanceKlass  @bci org/ballerinalang/langserver/diagnostic/DiagnosticsHelper getLatestDiagnosticsWithPackages (Lorg/ballerinalang/langserver/commons/DocumentServiceContext;)Lorg/ballerinalang/langserver/diagnostic/DiagnosticsHelper$DiagnosticsResponse; 400 <appendix> form vmentry <vmtarget> ; # java/lang/invoke/LambdaForm$DMH+0x0000000800103400
instanceKlass io/ballerina/projectservice/extension/ProjectService
instanceKlass io/ballerina/designmodelgenerator/extension/DesignModelGeneratorService
instanceKlass io/ballerina/architecturemodelgenerator/extension/persist/PersistERModelGeneratorService
instanceKlass io/ballerina/architecturemodelgenerator/extension/architecture/ArchitectureModelGeneratorService
instanceKlass org/ballerinalang/langserver/extensions/ballerina/connector/BallerinaConnectorService
instanceKlass org/ballerinalang/langserver/extensions/ballerina/packages/BallerinaPackageService
instanceKlass io/ballerina/tools/diagnostics/Location
instanceKlass org/ballerinalang/langserver/extensions/ballerina/document/BallerinaDocumentService
instanceKlass io/ballerina/compiler/api/symbols/Symbol
instanceKlass org/ballerinalang/langserver/extensions/ballerina/symbol/BallerinaSymbolService
instanceKlass org/ballerinalang/langserver/extensions/ballerina/runner/BallerinaRunnerService
instanceKlass org/ballerinalang/langserver/extensions/ballerina/example/BallerinaExampleCategory
instanceKlass org/ballerinalang/langserver/extensions/ballerina/example/BallerinaExampleService
instanceKlass io/ballerina/shell/service/BalShellService
instanceKlass io/ballerina/xmltorecordconverter/XMLToRecordConverterService
# instanceKlass java/lang/invoke/LambdaForm$MH+0x0000000800103000
# instanceKlass java/lang/invoke/LambdaForm$MH+0x0000000800102c00
# instanceKlass java/lang/invoke/LambdaForm$MH+0x0000000800102800
instanceKlass  @bci org/wso2/ballerinalang/compiler/semantics/analyzer/DocumentationAnalyzer validateParameters (Lorg/ballerinalang/model/tree/DocumentableNode;Ljava/util/List;Lorg/wso2/ballerinalang/compiler/tree/BLangSimpleVariable;Lio/ballerina/tools/diagnostics/DiagnosticCode;Lio/ballerina/tools/diagnostics/DiagnosticCode;Lio/ballerina/tools/diagnostics/DiagnosticCode;)V 43 <appendix> form vmentry <vmtarget> ; # java/lang/invoke/LambdaForm$DMH+0x0000000800102400
instanceKlass com/google/gson/internal/LinkedTreeMap$Node
instanceKlass com/google/gson/internal/LinkedTreeMap$1
instanceKlass com/google/gson/internal/ConstructorConstructor$18
instanceKlass java/util/concurrent/ConcurrentNavigableMap
instanceKlass  @bci jdk/internal/reflect/DirectConstructorHandleAccessor invokeImpl ([Ljava/lang/Object;)Ljava/lang/Object; 88 <adapter> ; # java/lang/invoke/LambdaForm$MH+0x0000000800102000
# instanceKlass com/google/gson/internal/reflect/ReflectionHelper$RecordSupportedHelper$$InjectedInvoker+0x0000000800101c00
instanceKlass java/lang/invoke/MethodHandleImpl$BindCaller$InjectedInvokerHolder
instanceKlass java/lang/invoke/MethodHandleImpl$BindCaller
# instanceKlass java/lang/invoke/LambdaForm$MH+0x0000000800101800
# instanceKlass java/lang/invoke/LambdaForm$MH+0x0000000800101400
# instanceKlass java/lang/invoke/LambdaForm$MH+0x0000000800101000
# instanceKlass java/lang/invoke/LambdaForm$DMH+0x0000000800100c00
# instanceKlass java/lang/invoke/LambdaForm$DMH+0x0000000800100800
# instanceKlass java/lang/invoke/LambdaForm$DMH+0x0000000800100400
instanceKlass java/lang/invoke/MethodHandleImpl$ArrayAccessor
instanceKlass java/lang/invoke/MethodHandleImpl$LoopClauses
instanceKlass java/lang/invoke/MethodHandleImpl$CasesHolder
instanceKlass java/lang/annotation/Target
# instanceKlass java/lang/invoke/LambdaForm$MH+0x0000000800100000
instanceKlass java/lang/reflect/Proxy$ProxyBuilder$1
instanceKlass jdk/internal/org/objectweb/asm/Edge
instanceKlass  @bci java/lang/reflect/ProxyGenerator addProxyMethod (Ljava/lang/reflect/Method;Ljava/lang/Class;)V 23 <appendix> argL0 ; # java/lang/reflect/ProxyGenerator$$Lambda+0x00000008000ff3c8
instanceKlass  @bci java/lang/reflect/ProxyGenerator addProxyMethod (Ljava/lang/reflect/ProxyGenerator$ProxyMethod;)V 10 <appendix> argL0 ; # java/lang/reflect/ProxyGenerator$$Lambda+0x00000008000ff198
instanceKlass java/util/StringJoiner
instanceKlass java/lang/reflect/ProxyGenerator$ProxyMethod
instanceKlass  @bci java/lang/reflect/Proxy getLoader (Ljava/lang/Module;)Ljava/lang/ClassLoader; 6 <appendix> member <vmtarget> ; # java/lang/reflect/Proxy$$Lambda+0x00000008000fe870
instanceKlass  @bci java/lang/WeakPairMap computeIfAbsent (Ljava/lang/Object;Ljava/lang/Object;Ljava/util/function/BiFunction;)Ljava/lang/Object; 18 <appendix> member <vmtarget> ; # java/lang/WeakPairMap$$Lambda+0x00000008000fe438
instanceKlass  @bci java/lang/Module implAddExportsOrOpens (Ljava/lang/String;Ljava/lang/Module;ZZ)V 145 <appendix> argL0 ; # java/lang/Module$$Lambda+0x00000008000fe218
instanceKlass  @bci java/lang/module/ModuleDescriptor$Builder packages (Ljava/util/Set;)Ljava/lang/module/ModuleDescriptor$Builder; 17 <appendix> argL0 ; # java/lang/module/ModuleDescriptor$Builder$$Lambda+0x00000008000fd900
instanceKlass java/lang/WeakPairMap$Pair$Lookup
instanceKlass java/lang/WeakPairMap$Pair
instanceKlass java/lang/WeakPairMap
instanceKlass java/lang/Module$ReflectionData
instanceKlass jdk/internal/module/Checks
instanceKlass java/lang/module/ModuleDescriptor$Builder
instanceKlass  @bci java/lang/reflect/Proxy$ProxyBuilder getDynamicModule (Ljava/lang/ClassLoader;)Ljava/lang/Module; 4 <appendix> argL0 ; # java/lang/reflect/Proxy$ProxyBuilder$$Lambda+0x00000008000fcae0
instanceKlass java/lang/PublicMethods
instanceKlass java/util/Collections$1
instanceKlass java/lang/reflect/Proxy$ProxyBuilder
instanceKlass  @bci java/lang/reflect/Proxy getProxyConstructor (Ljava/lang/Class;Ljava/lang/ClassLoader;[Ljava/lang/Class;)Ljava/lang/reflect/Constructor; 35 <appendix> argL0 ; # java/lang/reflect/Proxy$$Lambda+0x00000008000fbc18
instanceKlass java/lang/reflect/Proxy
instanceKlass sun/reflect/annotation/AnnotationInvocationHandler
instanceKlass java/lang/reflect/InvocationHandler
instanceKlass sun/reflect/annotation/AnnotationParser$1
instanceKlass sun/reflect/annotation/ExceptionProxy
instanceKlass java/lang/annotation/Inherited
instanceKlass java/lang/annotation/Retention
instanceKlass sun/reflect/annotation/AnnotationType$1
instanceKlass sun/reflect/annotation/AnnotationType
instanceKlass com/google/gson/internal/ConstructorConstructor$13
instanceKlass sun/reflect/misc/ReflectUtil
instanceKlass com/google/gson/internal/Primitives
instanceKlass com/google/gson/annotations/SerializedName
# instanceKlass java/lang/invoke/LambdaForm$MH+0x00000008000f1800
instanceKlass  @bci io/ballerina/types/FunctionAtomicType hashCode ()I 1 <appendix> argL2 argL1 form vmentry <vmtarget> ; # java/lang/invoke/LambdaForm$MH+0x00000008000f1400
instanceKlass  @cpi org/wso2/ballerinalang/compiler/semantics/analyzer/SemanticAnalyzer 4835 form vmentry <vmtarget> ; # java/lang/invoke/LambdaForm$DMH+0x00000008000f1000
instanceKlass sun/invoke/util/ValueConversions$WrapperCache
instanceKlass java/lang/reflect/AnnotatedType
instanceKlass com/google/gson/internal/reflect/ReflectionHelper$RecordHelper
instanceKlass com/google/gson/internal/reflect/ReflectionHelper
instanceKlass com/google/gson/internal/ReflectionAccessFilterHelper
instanceKlass java/lang/Class$AnnotationData
instanceKlass com/google/gson/annotations/JsonAdapter
instanceKlass java/util/Collections$UnmodifiableCollection$1
instanceKlass com/google/gson/internal/$Gson$Preconditions
instanceKlass com/google/gson/internal/$Gson$Types$ParameterizedTypeImpl
instanceKlass java/lang/reflect/GenericArrayType
instanceKlass com/google/gson/internal/$Gson$Types
instanceKlass java/util/Collections$UnmodifiableCollection
instanceKlass com/google/gson/internal/bind/ReflectiveTypeAdapterFactory$BoundField
instanceKlass com/google/gson/internal/bind/ReflectiveTypeAdapterFactory
instanceKlass com/google/gson/internal/bind/JsonAdapterAnnotationTypeAdapterFactory
instanceKlass com/google/gson/internal/bind/MapTypeAdapterFactory
instanceKlass com/google/gson/internal/bind/CollectionTypeAdapterFactory
instanceKlass com/google/gson/internal/bind/ArrayTypeAdapter$1
instanceKlass com/google/gson/internal/sql/SqlTimestampTypeAdapter$1
instanceKlass com/google/gson/internal/sql/SqlTimeTypeAdapter$1
instanceKlass com/google/gson/internal/sql/SqlDateTypeAdapter$1
instanceKlass java/text/Format
instanceKlass sun/util/calendar/CalendarSystem$GregorianHolder
instanceKlass sun/util/calendar/CalendarSystem
instanceKlass java/util/Date
instanceKlass jdk/internal/module/ModulePatcher$PatchedModuleReader
instanceKlass com/google/gson/internal/bind/DefaultDateTypeAdapter$DateType
instanceKlass com/google/gson/internal/sql/SqlTypesSupport
instanceKlass com/google/gson/internal/bind/DateTypeAdapter$1
instanceKlass java/util/concurrent/atomic/AtomicLongArray
instanceKlass com/google/gson/internal/bind/NumberTypeAdapter$1
instanceKlass com/google/gson/internal/bind/ObjectTypeAdapter$1
instanceKlass com/google/gson/internal/bind/TypeAdapters$29
instanceKlass com/google/gson/internal/bind/TypeAdapters$33
instanceKlass java/util/Calendar
instanceKlass java/util/Currency
instanceKlass java/util/UUID
instanceKlass com/google/gson/internal/bind/TypeAdapters$34
instanceKlass java/net/InetAddress
instanceKlass java/util/concurrent/atomic/AtomicIntegerArray
instanceKlass java/util/concurrent/atomic/AtomicBoolean
instanceKlass com/google/gson/internal/bind/TypeAdapters$32
instanceKlass java/util/BitSet
instanceKlass com/google/gson/internal/bind/TypeAdapters$31
instanceKlass com/google/gson/internal/bind/TypeAdapters
instanceKlass com/google/gson/internal/ObjectConstructor
instanceKlass com/google/gson/internal/ConstructorConstructor
instanceKlass com/google/gson/internal/Excluder
instanceKlass com/google/gson/TypeAdapterFactory
instanceKlass com/google/gson/TypeAdapter
instanceKlass com/google/gson/stream/JsonWriter
instanceKlass com/google/gson/ToNumberStrategy
instanceKlass com/google/gson/FieldNamingStrategy
instanceKlass com/google/gson/Gson
instanceKlass com/google/gson/internal/JsonReaderInternalAccess
instanceKlass com/google/gson/stream/JsonReader
instanceKlass sun/reflect/generics/tree/TypeVariableSignature
instanceKlass sun/reflect/generics/reflectiveObjects/LazyReflectiveObjectGenerator
instanceKlass sun/reflect/generics/reflectiveObjects/ParameterizedTypeImpl
instanceKlass java/lang/reflect/ParameterizedType
instanceKlass sun/reflect/generics/visitor/Reifier
instanceKlass sun/reflect/generics/visitor/TypeTreeVisitor
instanceKlass sun/reflect/generics/tree/ClassSignature
instanceKlass sun/reflect/generics/tree/Signature
instanceKlass sun/reflect/generics/tree/ClassTypeSignature
instanceKlass sun/reflect/generics/tree/SimpleClassTypeSignature
instanceKlass sun/reflect/generics/tree/FieldTypeSignature
instanceKlass sun/reflect/generics/tree/BaseType
instanceKlass sun/reflect/generics/tree/TypeSignature
instanceKlass sun/reflect/generics/tree/ReturnType
instanceKlass sun/reflect/generics/tree/TypeArgument
instanceKlass sun/reflect/generics/tree/FormalTypeParameter
instanceKlass sun/reflect/generics/tree/TypeTree
instanceKlass sun/reflect/generics/tree/Tree
instanceKlass sun/reflect/generics/parser/SignatureParser
instanceKlass java/lang/reflect/TypeVariable
instanceKlass sun/reflect/generics/repository/AbstractRepository
instanceKlass sun/reflect/generics/factory/CoreReflectionFactory
instanceKlass sun/reflect/generics/factory/GenericsFactory
instanceKlass sun/reflect/generics/scope/AbstractScope
instanceKlass sun/reflect/generics/scope/Scope
instanceKlass java/lang/reflect/WildcardType
instanceKlass com/google/common/reflect/Invokable
instanceKlass com/google/common/reflect/TypeCapture
instanceKlass io/ballerina/trigger/BallerinaTriggerService$MapTypeToken
instanceKlass io/ballerina/trigger/BallerinaTriggerService
instanceKlass com/google/gson/JsonElement
instanceKlass io/ballerina/compiler/syntax/tree/NodeVisitor
instanceKlass io/ballerina/PerformanceAnalyzerService
instanceKlass io/ballerina/parsers/PartialParserService
instanceKlass io/ballerina/converters/JsonToRecordConverterService
instanceKlass java/util/LinkedHashMap$LinkedHashIterator
instanceKlass java/io/Reader
instanceKlass sun/net/www/MessageHeader
instanceKlass sun/net/www/protocol/jar/JarFileFactory
instanceKlass sun/net/www/protocol/jar/URLJarFile$URLJarFileCloseController
instanceKlass java/net/URLConnection
instanceKlass org/ballerinalang/langserver/commons/service/spi/ExtendedLanguageServerService
instanceKlass  @bci org/wso2/ballerinalang/compiler/util/CompilerUtils getPackageIDStringWithMajorVersion (Lorg/ballerinalang/model/elements/PackageID;)Ljava/lang/String; 114 <appendix> form vmentry <vmtarget> ; # java/lang/invoke/LambdaForm$MH+0x00000008000db800
instanceKlass java/lang/invoke/LambdaFormEditor$1
# instanceKlass java/lang/invoke/LambdaForm$MH+0x00000008000db400
instanceKlass  @bci org/wso2/ballerinalang/compiler/util/CompilerUtils getPackageIDStringWithMajorVersion (Lorg/ballerinalang/model/elements/PackageID;)Ljava/lang/String; 114 <appendix> argL3 form vmentry <vmtarget> ; # java/lang/invoke/LambdaForm$MH+0x00000008000db000
instanceKlass java/lang/invoke/MethodHandles$1
instanceKlass  @bci org/wso2/ballerinalang/compiler/util/ImmutableTypeCloner getSymbolFQN (Lorg/wso2/ballerinalang/compiler/semantics/model/symbols/BTypeSymbol;)Ljava/lang/String; 83 <appendix> argL4 form vmentry <vmtarget> ; # java/lang/invoke/LambdaForm$MH+0x00000008000dac00
# instanceKlass java/lang/invoke/LambdaForm$MH+0x00000008000da800
instanceKlass  @bci org/wso2/ballerinalang/compiler/util/CompilerUtils getPackageIDStringWithMajorVersion (Lorg/ballerinalang/model/elements/PackageID;)Ljava/lang/String; 114 <appendix> argL3 argL2 form vmentry <vmtarget> ; # java/lang/invoke/LambdaForm$MH+0x00000008000da400
# instanceKlass java/lang/invoke/LambdaForm$MH+0x00000008000da000
# instanceKlass java/lang/invoke/LambdaForm$MH+0x00000008000d9c00
# instanceKlass java/lang/invoke/LambdaForm$MH+0x00000008000d9800
instanceKlass  @bci org/wso2/ballerinalang/compiler/util/CompilerUtils getPackageIDStringWithMajorVersion (Lorg/ballerinalang/model/elements/PackageID;)Ljava/lang/String; 114 <appendix> argL1 form vmentry <vmtarget> ; # java/lang/invoke/LambdaForm$MH+0x00000008000d9400
# instanceKlass java/lang/invoke/LambdaForm$MH+0x00000008000d9000
instanceKlass  @bci io/ballerina/artifactsgenerator/Artifact$Builder build ()Lio/ballerina/artifactsgenerator/Artifact; 23 <appendix> argL1 form vmentry <vmtarget> ; # java/lang/invoke/LambdaForm$MH+0x00000008000d8c00
# instanceKlass java/lang/invoke/LambdaForm$MH+0x00000008000d8800
instanceKlass  @bci io/ballerina/artifactsgenerator/Artifact$Builder build ()Lio/ballerina/artifactsgenerator/Artifact; 23 <appendix> argL1 argL0 form vmentry <vmtarget> ; # java/lang/invoke/LambdaForm$MH+0x00000008000d8400
# instanceKlass java/lang/invoke/LambdaForm$MH+0x00000008000d8000
# instanceKlass java/lang/invoke/LambdaForm$MH+0x00000008000d5c00
# instanceKlass java/lang/invoke/LambdaForm$MH+0x00000008000d5800
# instanceKlass java/lang/invoke/LambdaForm$MH+0x00000008000d5400
instanceKlass org/apache/commons/lang3/CharSequenceUtils
instanceKlass org/apache/commons/lang3/Strings
instanceKlass  @bci org/apache/commons/lang3/SystemUtils <clinit> ()V 222 <appendix> argL0 ; # org/apache/commons/lang3/SystemUtils$$Lambda+0x00000008000d7030
instanceKlass jdk/internal/math/MathUtils
instanceKlass jdk/internal/math/FloatToDecimal
instanceKlass jdk/internal/math/FloatingDecimal$ASCIIToBinaryBuffer
instanceKlass jdk/internal/math/FloatingDecimal$PreparedASCIIToBinaryBuffer
instanceKlass jdk/internal/math/FloatingDecimal$ASCIIToBinaryConverter
instanceKlass jdk/internal/math/FloatingDecimal$BinaryToASCIIBuffer
instanceKlass jdk/internal/math/FloatingDecimal$ExceptionalBinaryToASCIIBuffer
instanceKlass jdk/internal/math/FloatingDecimal$BinaryToASCIIConverter
instanceKlass jdk/internal/math/FloatingDecimal
instanceKlass java/lang/Byte$ByteCache
instanceKlass java/lang/Short$ShortCache
instanceKlass java/lang/Long$LongCache
instanceKlass org/apache/commons/lang3/math/NumberUtils
instanceKlass  @bci org/apache/commons/lang3/SystemProperties getProperty (Ljava/lang/String;Ljava/lang/String;)Ljava/lang/String; 2 <appendix> member <vmtarget> ; # org/apache/commons/lang3/SystemProperties$$Lambda+0x00000008000d6a38
instanceKlass  @bci java/util/regex/CharPredicates forUnicodeBlock (Ljava/lang/String;)Ljava/util/regex/Pattern$CharPredicate; 6 <appendix> member <vmtarget> ; # java/util/regex/CharPredicates$$Lambda+0x00000008000accc8
instanceKlass java/lang/Character$Subset
instanceKlass org/apache/commons/lang3/StringUtils
instanceKlass  @bci org/apache/commons/lang3/function/Suppliers <clinit> ()V 0 <appendix> argL0 ; # org/apache/commons/lang3/function/Suppliers$$Lambda+0x00000008000d63f0
instanceKlass org/apache/commons/lang3/function/Suppliers
instanceKlass org/apache/commons/lang3/SystemProperties
instanceKlass org/apache/commons/lang3/SystemUtils
instanceKlass  @bci java/util/regex/Pattern union (Ljava/util/regex/Pattern$CharPredicate;Ljava/util/regex/Pattern$CharPredicate;Z)Ljava/util/regex/Pattern$CharPredicate; 6 <appendix> member <vmtarget> ; # java/util/regex/Pattern$$Lambda+0x00000008000abbd0
instanceKlass  @bci java/util/regex/CharPredicates ASCII_WORD ()Ljava/util/regex/Pattern$BmpCharPredicate; 0 <appendix> argL0 ; # java/util/regex/CharPredicates$$Lambda+0x00000008000ab950
instanceKlass java/util/regex/Pattern$BitClass
instanceKlass java/util/stream/AbstractSpinedBuffer
instanceKlass java/util/stream/Node$Builder
instanceKlass java/util/stream/Node$OfDouble
instanceKlass java/util/stream/Node$OfLong
instanceKlass java/util/stream/Node$OfInt
instanceKlass java/util/stream/Node$OfPrimitive
instanceKlass java/util/stream/Nodes$EmptyNode
instanceKlass java/util/stream/Node
instanceKlass java/util/stream/Nodes
instanceKlass  @bci java/util/stream/ReferencePipeline toArray ()[Ljava/lang/Object; 1 <appendix> argL0 ; # java/util/stream/ReferencePipeline$$Lambda+0x00000008000a8900
instanceKlass java/util/function/IntFunction
instanceKlass java/util/ImmutableCollections$Access$1
instanceKlass jdk/internal/access/JavaUtilCollectionAccess
instanceKlass java/util/ImmutableCollections$Access
instanceKlass  @bci io/ballerina/compiler/syntax/tree/SyntaxInfo <clinit> ()V 16 <appendix> argL0 ; # io/ballerina/compiler/syntax/tree/SyntaxInfo$$Lambda+0x00000008000d3a50
instanceKlass  @bci io/ballerina/compiler/syntax/tree/SyntaxInfo <clinit> ()V 6 <appendix> argL0 ; # io/ballerina/compiler/syntax/tree/SyntaxInfo$$Lambda+0x00000008000d3810
instanceKlass io/ballerina/compiler/syntax/tree/SyntaxInfo
instanceKlass java/util/regex/Pattern$TreeInfo
instanceKlass  @bci java/util/regex/Pattern Single (I)Ljava/util/regex/Pattern$BmpCharPredicate; 1 <appendix> member <vmtarget> ; # java/util/regex/Pattern$$Lambda+0x00000008000a62d0
instanceKlass  @bci java/util/regex/CharPredicates ASCII_SPACE ()Ljava/util/regex/Pattern$BmpCharPredicate; 0 <appendix> argL0 ; # java/util/regex/CharPredicates$$Lambda+0x00000008000a5c08
instanceKlass java/util/regex/Pattern$BmpCharPredicate
instanceKlass java/util/regex/Pattern$CharPredicate
instanceKlass java/util/regex/CharPredicates
instanceKlass java/util/regex/Pattern$Node
instanceKlass java/util/regex/Pattern
instanceKlass  @bci io/ballerina/projects/internal/PackageDiagnostic$DiagnosticLocation <init> (Ljava/lang/String;Lio/ballerina/tools/diagnostics/Location;)V 53 <appendix> form vmentry <vmtarget> ; # java/lang/invoke/LambdaForm$MH+0x00000008000d5000
instanceKlass org/ballerinalang/langserver/commons/DocumentServiceContext
instanceKlass io/ballerina/compiler/syntax/tree/Node
instanceKlass org/ballerinalang/langserver/common/utils/CommonUtil
instanceKlass io/ballerina/projects/CompilationOptions$CompilationOptionsBuilder
instanceKlass io/ballerina/projects/CompilationOptions
instanceKlass io/ballerina/projects/BuildOptions$BuildOptionsBuilder
instanceKlass io/ballerina/projects/BuildOptions
instanceKlass  @bci java/lang/VirtualThread <init> (Ljava/util/concurrent/Executor;Ljava/lang/String;ILjava/lang/Runnable;)V 71 <appendix> member <vmtarget> ; # java/lang/VirtualThread$$Lambda+0x00000008000a4620
instanceKlass java/lang/VirtualThread$VThreadContinuation$1
instanceKlass java/lang/Thread$Constants$1
instanceKlass java/util/concurrent/RunnableScheduledFuture
instanceKlass java/util/concurrent/ScheduledFuture
instanceKlass java/util/concurrent/Delayed
instanceKlass java/util/concurrent/RunnableFuture
instanceKlass java/util/concurrent/BlockingQueue
instanceKlass java/util/concurrent/ThreadPoolExecutor$AbortPolicy
instanceKlass java/util/concurrent/RejectedExecutionHandler
instanceKlass java/util/concurrent/ScheduledExecutorService
instanceKlass java/util/concurrent/Executors
instanceKlass  @bci java/lang/VirtualThread createDelayedTaskScheduler ()Ljava/util/concurrent/ScheduledExecutorService; 22 <appendix> argL0 ; # java/lang/VirtualThread$$Lambda+0x00000008000a0f60
instanceKlass  @bci java/lang/VirtualThread lambda$createDefaultScheduler$4 (Ljava/util/concurrent/ForkJoinPool$ForkJoinWorkerThreadFactory;)Ljava/util/concurrent/ForkJoinPool; 118 <appendix> argL0 ; # java/lang/VirtualThread$$Lambda+0x00000008000a0d20
instanceKlass  @cpi io/ballerina/compiler/syntax/tree/SyntaxInfo 130 form vmentry <vmtarget> ; # java/lang/invoke/LambdaForm$DMH+0x00000008000d4c00
instanceKlass java/util/concurrent/ForkJoinPool$2
instanceKlass jdk/internal/access/JavaUtilConcurrentFJPAccess
instanceKlass jdk/internal/vm/ThreadContainers
instanceKlass java/util/concurrent/ForkJoinPool$DefaultForkJoinWorkerThreadFactory
instanceKlass jdk/internal/vm/StackableScope
instanceKlass java/util/concurrent/ForkJoinPool$WorkQueue
instanceKlass  @bci java/lang/VirtualThread lambda$createDefaultScheduler$4 (Ljava/util/concurrent/ForkJoinPool$ForkJoinWorkerThreadFactory;)Ljava/util/concurrent/ForkJoinPool; 95 <appendix> argL0 ; # java/lang/VirtualThread$$Lambda+0x000000080009eba0
instanceKlass  @cpi java/lang/VirtualThread 875 form vmentry <vmtarget> ; # java/lang/invoke/LambdaForm$DMH+0x00000008000d4800
instanceKlass  @cpi org/wso2/ballerinalang/compiler/parser/BLangNodeBuilder 8245 form vmentry <vmtarget> ; # java/lang/invoke/LambdaForm$DMH+0x00000008000d4400
instanceKlass  @bci java/lang/VirtualThread createDefaultScheduler ()Ljava/util/concurrent/ForkJoinPool; 7 <appendix> member <vmtarget> ; # java/lang/VirtualThread$$Lambda+0x000000080009e988
instanceKlass  @bci java/lang/VirtualThread createDefaultScheduler ()Ljava/util/concurrent/ForkJoinPool; 0 <appendix> argL0 ; # java/lang/VirtualThread$$Lambda+0x000000080009e778
instanceKlass java/util/concurrent/AbstractExecutorService
instanceKlass java/util/concurrent/ExecutorService
instanceKlass java/util/concurrent/Executor
instanceKlass java/util/concurrent/ForkJoinPool$ForkJoinWorkerThreadFactory
instanceKlass jdk/internal/vm/ContinuationSupport
instanceKlass  @bci org/ballerinalang/langserver/workspace/BallerinaWorkspaceManager <init> (Lorg/ballerinalang/langserver/commons/LanguageServerContext;)V 105 <appendix> member <vmtarget> ; # org/ballerinalang/langserver/workspace/BallerinaWorkspaceManager$$Lambda+0x00000008000d1b38
instanceKlass  @cpi org/ballerinalang/pkgsemanticanalyzer/PackageSemanticAnalyzerPlugin$PackageSemanticAnalyzer 141 form vmentry <vmtarget> ; # java/lang/invoke/LambdaForm$DMH+0x00000008000d4000
instanceKlass java/lang/ThreadBuilders
instanceKlass java/lang/ThreadBuilders$BaseThreadBuilder
instanceKlass java/lang/Thread$Builder$OfVirtual
instanceKlass java/lang/Thread$Builder
instanceKlass com/google/common/cache/LocalCache$AbstractReferenceEntry
instanceKlass java/util/concurrent/ConcurrentLinkedQueue$Node
instanceKlass java/lang/invoke/VarForm
instanceKlass java/lang/invoke/VarHandleGuards
instanceKlass java/lang/ClassValue$Version
instanceKlass java/lang/ClassValue$Identity
instanceKlass java/lang/ClassValue
instanceKlass java/lang/invoke/VarHandles
instanceKlass java/util/concurrent/atomic/AtomicReferenceArray
instanceKlass java/util/concurrent/Future
instanceKlass com/google/common/cache/LocalCache$LoadingValueReference
instanceKlass com/google/common/cache/RemovalListener
instanceKlass com/google/common/cache/Weigher
instanceKlass com/google/common/base/Predicate
instanceKlass com/google/common/base/Equivalence
instanceKlass java/util/function/BiPredicate
instanceKlass com/google/common/base/MoreObjects
instanceKlass com/google/common/cache/LocalCache$1
instanceKlass com/google/common/cache/ReferenceEntry
instanceKlass com/google/common/cache/LocalCache$ValueReference
instanceKlass com/google/common/cache/CacheLoader
instanceKlass com/google/common/cache/LocalCache$LocalManualCache
instanceKlass  @bci com/google/common/cache/CacheBuilder <clinit> ()V 29 <appendix> argL0 ; # com/google/common/cache/CacheBuilder$$Lambda+0x00000008000c9248
instanceKlass com/google/common/base/Preconditions
instanceKlass com/google/common/cache/CacheStats
instanceKlass com/google/common/base/Suppliers$SupplierOfInstance
instanceKlass com/google/common/base/Supplier
instanceKlass com/google/common/base/Suppliers
instanceKlass com/google/common/cache/CacheBuilder$1
instanceKlass com/google/common/cache/AbstractCache$StatsCounter
instanceKlass com/google/common/cache/LoadingCache
instanceKlass com/google/common/cache/Cache
instanceKlass com/google/common/base/Ticker
instanceKlass com/google/common/cache/CacheBuilder
instanceKlass org/ballerinalang/langserver/commons/LanguageServerContext$Key
instanceKlass org/ballerinalang/langserver/LSClientLogger
instanceKlass org/ballerinalang/langserver/commons/LSOperation
instanceKlass org/ballerinalang/langserver/workspace/BallerinaWorkspaceManager
instanceKlass org/ballerinalang/langserver/commons/workspace/WorkspaceManager
instanceKlass org/ballerinalang/langserver/workspace/BallerinaWorkspaceManagerProxyImpl
instanceKlass com/google/common/collect/SortedMapDifference
instanceKlass com/google/common/collect/MapDifference
instanceKlass com/google/common/collect/UnmodifiableIterator
instanceKlass com/google/common/collect/Maps$EntryTransformer
instanceKlass com/google/common/base/Converter
instanceKlass com/google/common/base/Function
instanceKlass com/google/common/collect/ImmutableMap
instanceKlass com/google/common/collect/BiMap
instanceKlass com/google/common/collect/Maps
instanceKlass com/google/common/collect/Platform
instanceKlass com/google/common/collect/Multiset
instanceKlass com/google/common/collect/AbstractMultimap
instanceKlass com/google/common/collect/ListMultimap
instanceKlass org/ballerinalang/langserver/contexts/LanguageServerContextImpl
instanceKlass org/ballerinalang/langserver/config/ClientConfigListener
instanceKlass org/eclipse/lsp4j/services/LanguageClient
instanceKlass org/ballerinalang/langserver/commons/capability/LSClientCapabilities
instanceKlass com/google/gson/reflect/TypeToken
instanceKlass org/eclipse/lsp4j/services/NotebookDocumentService
instanceKlass org/eclipse/lsp4j/services/WorkspaceService
instanceKlass org/eclipse/lsp4j/services/TextDocumentService
instanceKlass org/ballerinalang/langserver/commons/LanguageServerContext
instanceKlass org/ballerinalang/langserver/workspace/BallerinaWorkspaceManagerProxy
instanceKlass org/ballerinalang/langserver/commons/workspace/WorkspaceManagerProxy
instanceKlass jdk/internal/foreign/MemorySessionImpl
instanceKlass java/lang/foreign/MemorySegment$Scope
instanceKlass com/google/common/collect/Multimap
instanceKlass org/ballerinalang/langserver/extensions/AbstractExtendedLanguageServer
instanceKlass org/eclipse/lsp4j/jsonrpc/json/JsonRpcMethodProvider
instanceKlass org/eclipse/lsp4j/jsonrpc/Endpoint
instanceKlass org/ballerinalang/langserver/extensions/ExtendedLanguageServer
instanceKlass org/eclipse/lsp4j/services/LanguageServer
instanceKlass org/ballerinalang/langserver/commons/client/ExtendedLanguageClientAware
instanceKlass jdk/internal/logger/DefaultLoggerFinder$1
instanceKlass java/util/logging/Logger$SystemLoggerHelper$1
instanceKlass java/util/logging/Logger$SystemLoggerHelper
instanceKlass java/util/logging/LogManager$4
instanceKlass jdk/internal/logger/BootstrapLogger$BootstrapExecutors
instanceKlass jdk/internal/logger/BootstrapLogger$RedirectedLoggers
instanceKlass java/util/ServiceLoader$ProviderImpl
instanceKlass java/util/ServiceLoader$Provider
instanceKlass java/util/ServiceLoader$1
instanceKlass java/util/concurrent/CopyOnWriteArrayList$COWIterator
instanceKlass jdk/internal/loader/URLClassPath$1
instanceKlass java/lang/CompoundEnumeration
instanceKlass jdk/internal/loader/BuiltinClassLoader$1
instanceKlass java/util/Collections$EmptyEnumeration
instanceKlass java/util/Collections$EmptyIterator
instanceKlass java/util/ServiceLoader$3
instanceKlass java/util/ServiceLoader$2
instanceKlass java/util/ServiceLoader$LazyClassPathLookupIterator
instanceKlass java/util/Spliterators$1Adapter
instanceKlass java/util/Spliterators$ArraySpliterator
instanceKlass java/util/Spliterator$OfDouble
instanceKlass java/util/Spliterator$OfLong
instanceKlass java/util/Spliterator$OfInt
instanceKlass java/util/Spliterator$OfPrimitive
instanceKlass java/util/Spliterators$EmptySpliterator
instanceKlass java/util/Spliterators
instanceKlass java/util/ServiceLoader$ModuleServicesLookupIterator
instanceKlass java/util/ServiceLoader
instanceKlass jdk/internal/logger/BootstrapLogger$DetectBackend$1
instanceKlass jdk/internal/logger/BootstrapLogger$DetectBackend
instanceKlass jdk/internal/logger/BootstrapLogger
instanceKlass sun/util/logging/PlatformLogger$ConfigurableBridge
instanceKlass sun/util/logging/PlatformLogger$Bridge
instanceKlass java/lang/System$Logger
instanceKlass java/util/stream/Streams
instanceKlass java/util/stream/Streams$AbstractStreamBuilderImpl
instanceKlass java/util/stream/Stream$Builder
instanceKlass java/util/stream/Sink$ChainedReference
instanceKlass  @bci java/util/stream/FindOps$FindSink$OfRef <clinit> ()V 43 <appendix> argL0 ; # java/util/stream/FindOps$FindSink$OfRef$$Lambda+0x0000000800090688
instanceKlass  @bci java/util/stream/FindOps$FindSink$OfRef <clinit> ()V 38 <appendix> argL0 ; # java/util/stream/FindOps$FindSink$OfRef$$Lambda+0x0000000800090448
instanceKlass  @bci java/util/stream/FindOps$FindSink$OfRef <clinit> ()V 16 <appendix> argL0 ; # java/util/stream/FindOps$FindSink$OfRef$$Lambda+0x0000000800090238
instanceKlass  @bci java/util/stream/FindOps$FindSink$OfRef <clinit> ()V 11 <appendix> argL0 ; # java/util/stream/FindOps$FindSink$OfRef$$Lambda+0x000000080008fff8
instanceKlass java/util/stream/FindOps$FindOp
instanceKlass java/util/stream/TerminalOp
instanceKlass java/util/stream/FindOps$FindSink
instanceKlass java/util/stream/TerminalSink
instanceKlass java/util/stream/Sink
instanceKlass java/util/function/Consumer
instanceKlass java/util/stream/FindOps
instanceKlass  @bci java/util/logging/Level$KnownLevel findByName (Ljava/lang/String;Ljava/util/function/Function;)Ljava/util/Optional; 29 <appendix> argL0 ; # java/util/logging/Level$KnownLevel$$Lambda+0x000000080008e728
# instanceKlass java/lang/invoke/LambdaForm$MH+0x00000008000c0800
instanceKlass jdk/internal/reflect/MethodHandleAccessorFactory$LazyStaticHolder
instanceKlass sun/reflect/annotation/AnnotationParser
instanceKlass java/lang/Class$3
instanceKlass java/util/EnumMap$1
instanceKlass java/util/stream/StreamOpFlag$MaskBuilder
instanceKlass java/util/stream/PipelineHelper
instanceKlass java/util/stream/Stream
instanceKlass java/util/stream/BaseStream
instanceKlass java/util/stream/StreamSupport
instanceKlass java/util/ArrayList$ArrayListSpliterator
instanceKlass java/util/Spliterator
instanceKlass  @bci java/util/logging/Level findLevel (Ljava/lang/String;)Ljava/util/logging/Level; 13 <appendix> argL0 ; # java/util/logging/Level$$Lambda+0x000000080008a360
instanceKlass java/util/Hashtable$Enumerator
instanceKlass java/util/Collections$SynchronizedCollection
instanceKlass java/util/Properties$EntrySet
instanceKlass java/util/Collections$3
instanceKlass java/util/logging/LogManager$LoggerContext$1
instanceKlass java/util/logging/LogManager$VisitedLoggers
instanceKlass java/util/function/Predicate
instanceKlass  @bci io/ballerina/projects/internal/BalaFiles getModuleDescriptorFromDependencyEntry (Lio/ballerina/projects/internal/bala/ModuleDependency;)Lio/ballerina/projects/ModuleDescriptor; 61 <appendix> form vmentry <vmtarget> ; # java/lang/invoke/LambdaForm$MH+0x00000008000c0400
instanceKlass java/util/logging/Logger$ConfigurationData
instanceKlass java/util/logging/Logger$LoggerBundle
instanceKlass java/util/logging/Handler
instanceKlass java/util/logging/Logger
instanceKlass java/util/logging/LogManager$2
instanceKlass java/lang/System$LoggerFinder
instanceKlass java/security/Security$1
instanceKlass jdk/internal/access/JavaSecurityPropertiesAccess
instanceKlass java/util/concurrent/ConcurrentHashMap$MapEntry
instanceKlass java/io/FileInputStream$1
instanceKlass java/util/Properties$LineReader
instanceKlass  @bci java/security/Security <clinit> ()V 9 <appendix> argL0 ; # java/security/Security$$Lambda+0x0000000800085358
instanceKlass java/security/Security
instanceKlass sun/security/util/SecurityProperties
instanceKlass sun/security/util/FilePermCompat
instanceKlass java/util/logging/LogManager$LoggingProviderAccess
instanceKlass sun/util/logging/internal/LoggingProviderImpl$LogManagerAccess
instanceKlass java/lang/Shutdown$Lock
instanceKlass java/lang/Shutdown
instanceKlass java/lang/ApplicationShutdownHooks$1
instanceKlass java/lang/ApplicationShutdownHooks
instanceKlass java/util/Collections$SynchronizedMap
instanceKlass java/util/logging/LogManager$LogNode
instanceKlass java/util/logging/LogManager$LoggerContext
instanceKlass java/util/logging/LogManager$1
instanceKlass  @bci java/util/logging/Level$KnownLevel add (Ljava/util/logging/Level;)V 49 <appendix> argL0 ; # java/util/logging/Level$KnownLevel$$Lambda+0x0000000800082618
instanceKlass  @bci io/ballerina/modelgenerator/commons/CommonUtils hasAiTypeInclusion (Lio/ballerina/compiler/api/symbols/ClassSymbol;Ljava/lang/String;)Z 11 <appendix> form vmentry <vmtarget> ; # java/lang/invoke/LambdaForm$MH+0x00000008000c0000
instanceKlass jdk/internal/org/objectweb/asm/FieldVisitor
instanceKlass java/util/ArrayList$Itr
instanceKlass java/lang/invoke/InvokerBytecodeGenerator$ClassData
instanceKlass jdk/internal/org/objectweb/asm/Frame
instanceKlass java/lang/invoke/LambdaFormBuffer
instanceKlass java/lang/invoke/LambdaFormEditor$TransformKey
instanceKlass java/lang/invoke/LambdaFormEditor
instanceKlass java/lang/invoke/DelegatingMethodHandle$Holder
instanceKlass java/lang/invoke/DirectMethodHandle$2
instanceKlass java/lang/invoke/ClassSpecializer$Factory
instanceKlass java/lang/invoke/ClassSpecializer$SpeciesData
instanceKlass java/lang/invoke/ClassSpecializer$1
instanceKlass java/lang/invoke/ClassSpecializer
instanceKlass sun/invoke/empty/Empty
instanceKlass sun/invoke/util/VerifyType
instanceKlass  @bci java/util/logging/Level$KnownLevel add (Ljava/util/logging/Level;)V 19 <appendix> argL0 ; # java/util/logging/Level$KnownLevel$$Lambda+0x0000000800002848
instanceKlass java/lang/invoke/MethodHandles$Lookup$ClassDefiner
instanceKlass java/lang/invoke/MethodHandles$Lookup$ClassFile
instanceKlass jdk/internal/org/objectweb/asm/AnnotationVisitor
instanceKlass jdk/internal/org/objectweb/asm/Attribute
instanceKlass jdk/internal/org/objectweb/asm/Handler
instanceKlass jdk/internal/org/objectweb/asm/Label
instanceKlass jdk/internal/org/objectweb/asm/MethodVisitor
instanceKlass java/lang/invoke/LambdaProxyClassArchive
instanceKlass jdk/internal/org/objectweb/asm/ByteVector
instanceKlass jdk/internal/org/objectweb/asm/Symbol
instanceKlass jdk/internal/org/objectweb/asm/SymbolTable
instanceKlass jdk/internal/org/objectweb/asm/ClassVisitor
instanceKlass java/lang/invoke/InfoFromMemberName
instanceKlass java/lang/invoke/MethodHandleInfo
instanceKlass jdk/internal/org/objectweb/asm/ConstantDynamic
instanceKlass sun/invoke/util/BytecodeDescriptor
instanceKlass jdk/internal/org/objectweb/asm/Handle
instanceKlass sun/security/action/GetBooleanAction
instanceKlass jdk/internal/org/objectweb/asm/Type
instanceKlass java/lang/invoke/AbstractValidatingLambdaMetafactory
instanceKlass java/lang/invoke/MethodHandleImpl$1
instanceKlass jdk/internal/access/JavaLangInvokeAccess
instanceKlass java/lang/invoke/Invokers$Holder
instanceKlass java/lang/invoke/BootstrapMethodInvoker
instanceKlass java/lang/invoke/InvokerBytecodeGenerator$1
instanceKlass java/lang/invoke/InvokerBytecodeGenerator
instanceKlass java/lang/invoke/LambdaForm$Holder
instanceKlass java/lang/invoke/LambdaForm$Name
instanceKlass java/lang/invoke/Invokers
instanceKlass java/lang/invoke/MethodHandleImpl
instanceKlass sun/invoke/util/ValueConversions
instanceKlass java/lang/invoke/DirectMethodHandle$Holder
instanceKlass java/lang/invoke/LambdaForm$NamedFunction
instanceKlass sun/invoke/util/Wrapper$Format
instanceKlass java/lang/invoke/MethodTypeForm
instanceKlass jdk/internal/util/StrongReferenceKey
instanceKlass jdk/internal/util/ReferenceKey
instanceKlass jdk/internal/util/ReferencedKeyMap
instanceKlass java/lang/invoke/MethodType$1
instanceKlass java/lang/invoke/LambdaMetafactory
instanceKlass java/util/logging/Level
instanceKlass java/util/logging/LogManager
instanceKlass java/lang/Void
instanceKlass java/lang/PublicMethods$Key
instanceKlass java/lang/PublicMethods$MethodList
instanceKlass jdk/internal/misc/PreviewFeatures
instanceKlass jdk/internal/misc/MainMethodFinder
instanceKlass org/ballerinalang/langserver/launchers/stdio/Main
instanceKlass jdk/internal/jimage/ImageLocation
instanceKlass jdk/internal/jimage/decompressor/Decompressor
instanceKlass jdk/internal/jimage/ImageStringsReader
instanceKlass jdk/internal/jimage/ImageStrings
instanceKlass jdk/internal/jimage/ImageHeader
instanceKlass jdk/internal/jimage/NativeImageBuffer$1
instanceKlass jdk/internal/jimage/NativeImageBuffer
instanceKlass jdk/internal/jimage/BasicImageReader$1
instanceKlass jdk/internal/jimage/BasicImageReader
instanceKlass jdk/internal/jimage/ImageReader
instanceKlass jdk/internal/jimage/ImageReaderFactory$1
instanceKlass java/net/URI$Parser
instanceKlass java/nio/file/FileSystems$DefaultFileSystemHolder$1
instanceKlass java/nio/file/FileSystems$DefaultFileSystemHolder
instanceKlass java/nio/file/FileSystems
instanceKlass java/nio/file/Paths
instanceKlass jdk/internal/jimage/ImageReaderFactory
instanceKlass jdk/internal/module/SystemModuleFinders$SystemImage
instanceKlass jdk/internal/module/SystemModuleFinders$SystemModuleReader
instanceKlass java/lang/module/ModuleReader
instanceKlass jdk/internal/loader/BuiltinClassLoader$5
instanceKlass jdk/internal/loader/BuiltinClassLoader$2
instanceKlass jdk/internal/module/Resources
instanceKlass java/security/SecureClassLoader$DebugHolder
instanceKlass java/security/Permission
instanceKlass java/security/Guard
instanceKlass java/security/PermissionCollection
instanceKlass java/security/SecureClassLoader$1
instanceKlass java/util/zip/Checksum$1
instanceKlass java/util/zip/CRC32
instanceKlass java/util/zip/Checksum
instanceKlass sun/nio/ByteBuffered
instanceKlass java/lang/Package$VersionInfo
instanceKlass jdk/internal/loader/Resource
instanceKlass java/lang/reflect/Array
instanceKlass java/util/jar/Attributes$Name
instanceKlass java/util/jar/Attributes
instanceKlass java/util/TreeMap$PrivateEntryIterator
instanceKlass java/util/TreeMap$Entry
instanceKlass java/util/NavigableMap
instanceKlass java/util/SortedMap
instanceKlass java/util/SequencedMap
instanceKlass java/util/NavigableSet
instanceKlass java/util/SortedSet
instanceKlass java/util/SequencedSet
instanceKlass sun/security/action/GetIntegerAction
instanceKlass sun/security/util/Debug
instanceKlass sun/security/util/SignatureFileVerifier
instanceKlass java/util/zip/ZipFile$InflaterCleanupAction
instanceKlass java/util/zip/Inflater$InflaterZStreamRef
instanceKlass java/util/zip/Inflater
instanceKlass java/util/zip/ZipEntry
instanceKlass java/util/zip/ZipFile$2
instanceKlass java/nio/Bits$1
instanceKlass jdk/internal/misc/VM$BufferPool
instanceKlass java/nio/Bits
instanceKlass sun/nio/ch/DirectBuffer
instanceKlass jdk/internal/perf/PerfCounter$CoreCounters
instanceKlass jdk/internal/perf/Perf
instanceKlass jdk/internal/perf/Perf$GetPerfAction
instanceKlass jdk/internal/perf/PerfCounter
instanceKlass sun/util/locale/LocaleUtils
instanceKlass sun/util/locale/BaseLocale
instanceKlass java/util/Locale
instanceKlass java/nio/file/attribute/FileTime
instanceKlass java/util/zip/ZipUtils
instanceKlass java/util/zip/ZipFile$Source$End
instanceKlass java/io/RandomAccessFile$2
instanceKlass jdk/internal/access/JavaIORandomAccessFileAccess
instanceKlass java/io/RandomAccessFile
instanceKlass java/io/DataInput
instanceKlass java/io/DataOutput
instanceKlass sun/nio/fs/WindowsNativeDispatcher$CompletionStatus
instanceKlass sun/nio/fs/WindowsNativeDispatcher$AclInformation
instanceKlass sun/nio/fs/WindowsNativeDispatcher$Account
instanceKlass sun/nio/fs/WindowsNativeDispatcher$DiskFreeSpace
instanceKlass sun/nio/fs/WindowsNativeDispatcher$VolumeInformation
instanceKlass sun/nio/fs/WindowsNativeDispatcher$FirstStream
instanceKlass sun/nio/fs/WindowsNativeDispatcher$FirstFile
instanceKlass java/util/concurrent/ConcurrentHashMap$Traverser
instanceKlass java/util/Enumeration
instanceKlass jdk/internal/loader/NativeLibraries$3
instanceKlass jdk/internal/loader/NativeLibrary
instanceKlass java/util/ArrayDeque$DeqIterator
instanceKlass jdk/internal/loader/NativeLibraries$NativeLibraryContext$1
instanceKlass jdk/internal/loader/NativeLibraries$NativeLibraryContext
instanceKlass jdk/internal/loader/NativeLibraries$2
instanceKlass jdk/internal/loader/NativeLibraries$1
instanceKlass jdk/internal/loader/NativeLibraries$LibraryPaths
instanceKlass sun/nio/fs/WindowsNativeDispatcher
instanceKlass sun/nio/fs/NativeBuffer$Deallocator
instanceKlass sun/nio/fs/NativeBuffer
instanceKlass java/lang/ThreadLocal$ThreadLocalMap
instanceKlass java/lang/ThreadLocal
instanceKlass sun/nio/fs/NativeBuffers
instanceKlass sun/nio/fs/WindowsFileAttributes
instanceKlass java/nio/file/attribute/DosFileAttributes
instanceKlass sun/nio/fs/AbstractBasicFileAttributeView
instanceKlass sun/nio/fs/DynamicFileAttributeView
instanceKlass sun/nio/fs/WindowsFileAttributeViews
instanceKlass sun/nio/fs/Util
instanceKlass java/nio/file/attribute/BasicFileAttributeView
instanceKlass java/nio/file/attribute/FileAttributeView
instanceKlass java/nio/file/attribute/AttributeView
instanceKlass java/nio/file/Files
instanceKlass java/nio/file/CopyOption
instanceKlass java/nio/file/attribute/BasicFileAttributes
instanceKlass sun/nio/fs/WindowsPath
instanceKlass java/nio/file/Path
instanceKlass java/nio/file/Watchable
instanceKlass java/util/zip/ZipFile$Source$Key
instanceKlass sun/nio/fs/WindowsPathParser$Result
instanceKlass sun/nio/fs/WindowsPathParser
instanceKlass java/nio/file/FileSystem
instanceKlass java/nio/file/OpenOption
instanceKlass java/nio/file/spi/FileSystemProvider
instanceKlass java/util/concurrent/ForkJoinPool$ManagedBlocker
instanceKlass java/util/concurrent/locks/AbstractQueuedSynchronizer$Node
instanceKlass sun/nio/fs/DefaultFileSystemProvider
instanceKlass java/util/zip/ZipFile$Source
instanceKlass java/lang/ref/Cleaner$Cleanable
instanceKlass jdk/internal/ref/CleanerImpl
instanceKlass java/lang/ref/Cleaner$1
instanceKlass java/lang/ref/Cleaner
instanceKlass jdk/internal/ref/CleanerFactory$1
instanceKlass java/util/concurrent/ThreadFactory
instanceKlass jdk/internal/ref/CleanerFactory
instanceKlass java/util/zip/ZipCoder
instanceKlass java/util/zip/ZipFile$CleanableResource
instanceKlass java/lang/Runtime$Version
instanceKlass java/util/jar/JavaUtilJarAccessImpl
instanceKlass jdk/internal/access/JavaUtilJarAccess
instanceKlass java/nio/charset/CoderResult
instanceKlass java/lang/Readable
instanceKlass jdk/internal/loader/FileURLMapper
instanceKlass jdk/internal/loader/URLClassPath$JarLoader$1
instanceKlass java/util/zip/ZipFile$1
instanceKlass jdk/internal/access/JavaUtilZipFileAccess
instanceKlass java/util/zip/ZipFile
instanceKlass java/util/zip/ZipConstants
instanceKlass jdk/internal/loader/URLClassPath$Loader
instanceKlass jdk/internal/loader/URLClassPath$3
instanceKlass java/security/PrivilegedExceptionAction
instanceKlass sun/net/util/URLUtil
instanceKlass java/lang/StringCoding
instanceKlass java/nio/charset/CharsetDecoder
instanceKlass sun/nio/cs/ArrayDecoder
instanceKlass sun/launcher/LauncherHelper
instanceKlass java/lang/NamedPackage
instanceKlass java/lang/invoke/StringConcatFactory
instanceKlass java/lang/ModuleLayer$Controller
instanceKlass java/util/concurrent/CopyOnWriteArrayList
instanceKlass jdk/internal/module/ServicesCatalog$ServiceProvider
instanceKlass jdk/internal/loader/AbstractClassLoaderValue$Memoizer
instanceKlass java/util/ImmutableCollections$ListItr
instanceKlass java/util/ListIterator
instanceKlass java/lang/ModuleLayer
instanceKlass jdk/internal/module/ModuleLoaderMap$Modules
instanceKlass jdk/internal/module/ModuleLoaderMap$Mapper
instanceKlass jdk/internal/module/ModuleLoaderMap
instanceKlass java/util/AbstractMap$1$1
instanceKlass java/lang/module/ResolvedModule
instanceKlass java/lang/module/Configuration
instanceKlass jdk/internal/loader/BuiltinClassLoader$LoadedModule
instanceKlass jdk/internal/loader/AbstractClassLoaderValue
instanceKlass jdk/internal/module/ServicesCatalog
instanceKlass java/util/Deque
instanceKlass java/util/Queue
instanceKlass sun/net/util/IPAddressUtil$MASKS
instanceKlass sun/net/util/IPAddressUtil
instanceKlass java/net/URLStreamHandler
instanceKlass sun/net/www/ParseUtil
instanceKlass java/net/URL$3
instanceKlass jdk/internal/access/JavaNetURLAccess
instanceKlass java/net/URL$DefaultFactory
instanceKlass java/net/URLStreamHandlerFactory
instanceKlass jdk/internal/loader/URLClassPath
instanceKlass java/security/Principal
instanceKlass java/security/ProtectionDomain$Key
instanceKlass java/security/ProtectionDomain$JavaSecurityAccessImpl
instanceKlass jdk/internal/access/JavaSecurityAccess
instanceKlass java/lang/ClassLoader$ParallelLoaders
instanceKlass java/security/cert/Certificate
instanceKlass jdk/internal/loader/ArchivedClassLoaders
instanceKlass java/util/concurrent/ConcurrentHashMap$CollectionView
instanceKlass jdk/internal/loader/ClassLoaderHelper
instanceKlass jdk/internal/loader/NativeLibraries
instanceKlass java/lang/Module$EnableNativeAccess
instanceKlass jdk/internal/loader/BootLoader
instanceKlass java/util/Optional
instanceKlass jdk/internal/module/SystemModuleFinders$SystemModuleFinder
instanceKlass java/lang/module/ModuleFinder
instanceKlass jdk/internal/module/SystemModuleFinders$3
instanceKlass jdk/internal/module/ModuleHashes$HashSupplier
instanceKlass jdk/internal/module/SystemModuleFinders$2
instanceKlass java/util/function/Supplier
instanceKlass java/lang/module/ModuleReference
instanceKlass jdk/internal/module/ModuleResolution
instanceKlass java/util/Collections$UnmodifiableMap
instanceKlass jdk/internal/module/ModuleHashes$Builder
instanceKlass jdk/internal/module/ModuleHashes
instanceKlass jdk/internal/module/ModuleTarget
instanceKlass java/util/ImmutableCollections$Set12$1
instanceKlass java/lang/reflect/AccessFlag$18
instanceKlass java/lang/reflect/AccessFlag$17
instanceKlass java/lang/reflect/AccessFlag$16
instanceKlass java/lang/reflect/AccessFlag$15
instanceKlass java/lang/reflect/AccessFlag$14
instanceKlass java/lang/reflect/AccessFlag$13
instanceKlass java/lang/reflect/AccessFlag$12
instanceKlass java/lang/reflect/AccessFlag$11
instanceKlass java/lang/reflect/AccessFlag$10
instanceKlass java/lang/reflect/AccessFlag$9
instanceKlass java/lang/reflect/AccessFlag$8
instanceKlass java/lang/reflect/AccessFlag$7
instanceKlass java/lang/reflect/AccessFlag$6
instanceKlass java/lang/reflect/AccessFlag$5
instanceKlass java/lang/reflect/AccessFlag$4
instanceKlass java/lang/reflect/AccessFlag$3
instanceKlass java/lang/reflect/AccessFlag$2
instanceKlass java/lang/reflect/AccessFlag$1
instanceKlass java/lang/module/ModuleDescriptor$Version
instanceKlass java/lang/module/ModuleDescriptor$Provides
instanceKlass java/lang/module/ModuleDescriptor$Opens
instanceKlass java/util/ImmutableCollections$SetN$SetNIterator
instanceKlass java/lang/module/ModuleDescriptor$Exports
instanceKlass java/lang/module/ModuleDescriptor$Requires
instanceKlass jdk/internal/module/Builder
instanceKlass jdk/internal/module/SystemModules$default
instanceKlass jdk/internal/module/SystemModules
instanceKlass jdk/internal/module/SystemModulesMap
instanceKlass java/net/URI$1
instanceKlass jdk/internal/access/JavaNetUriAccess
instanceKlass java/net/URI
instanceKlass jdk/internal/module/SystemModuleFinders
instanceKlass jdk/internal/module/ArchivedModuleGraph
instanceKlass jdk/internal/module/ArchivedBootLayer
instanceKlass jdk/internal/module/ModuleBootstrap$Counters
instanceKlass jdk/internal/module/ModulePatcher
instanceKlass java/io/FileSystem
instanceKlass java/io/DefaultFileSystem
instanceKlass java/io/File
instanceKlass java/lang/module/ModuleDescriptor$1
instanceKlass jdk/internal/access/JavaLangModuleAccess
instanceKlass sun/invoke/util/VerifyAccess
instanceKlass java/util/KeyValueHolder
instanceKlass java/util/ImmutableCollections$MapN$MapNIterator
instanceKlass java/lang/StrictMath
instanceKlass java/lang/invoke/MethodHandles$Lookup
instanceKlass java/lang/invoke/MemberName$Factory
instanceKlass java/lang/invoke/MethodHandles
instanceKlass java/lang/module/ModuleDescriptor
instanceKlass jdk/internal/module/ModuleBootstrap
instanceKlass java/lang/Character$CharacterCache
instanceKlass java/util/HexFormat
instanceKlass jdk/internal/util/ClassFileDumper
instanceKlass sun/security/action/GetPropertyAction
instanceKlass java/lang/invoke/MethodHandleStatics
instanceKlass jdk/internal/misc/Blocker
instanceKlass java/util/concurrent/locks/AbstractQueuedSynchronizer$ConditionObject
instanceKlass java/util/concurrent/locks/Condition
instanceKlass java/util/Collections
instanceKlass java/lang/Thread$ThreadIdentifiers
instanceKlass sun/io/Win32ErrorMode
instanceKlass jdk/internal/misc/OSEnvironment
instanceKlass java/lang/Integer$IntegerCache
instanceKlass jdk/internal/misc/Signal$NativeHandler
instanceKlass java/util/Hashtable$Entry
instanceKlass jdk/internal/misc/Signal
instanceKlass java/lang/Terminator$1
instanceKlass jdk/internal/misc/Signal$Handler
instanceKlass java/lang/Terminator
instanceKlass java/nio/ByteOrder
instanceKlass java/nio/Buffer$2
instanceKlass jdk/internal/access/JavaNioAccess
instanceKlass java/nio/Buffer$1
instanceKlass jdk/internal/misc/ScopedMemoryAccess
instanceKlass java/nio/charset/CodingErrorAction
instanceKlass sun/nio/cs/SingleByte
instanceKlass java/lang/StringUTF16
instanceKlass sun/nio/cs/MS1252$Holder
instanceKlass java/nio/charset/CharsetEncoder
instanceKlass sun/nio/cs/ArrayEncoder
instanceKlass java/io/Writer
instanceKlass java/io/PrintStream$1
instanceKlass jdk/internal/access/JavaIOPrintStreamAccess
instanceKlass jdk/internal/misc/InternalLock
instanceKlass java/io/OutputStream
instanceKlass java/io/Flushable
instanceKlass java/io/FileDescriptor$1
instanceKlass jdk/internal/access/JavaIOFileDescriptorAccess
instanceKlass java/io/FileDescriptor
instanceKlass jdk/internal/util/StaticProperty
instanceKlass jdk/internal/reflect/MethodHandleAccessorFactory
instanceKlass java/lang/reflect/Modifier
instanceKlass java/lang/Class$1
instanceKlass java/lang/Class$Atomic
instanceKlass java/lang/Class$ReflectionData
instanceKlass java/nio/charset/StandardCharsets
instanceKlass sun/nio/cs/HistoricallyNamedCharset
instanceKlass java/nio/charset/spi/CharsetProvider
instanceKlass java/nio/charset/Charset
instanceKlass java/util/HashMap$HashIterator
instanceKlass java/util/concurrent/locks/LockSupport
instanceKlass java/util/concurrent/ConcurrentHashMap$Node
instanceKlass java/util/concurrent/ConcurrentHashMap$CounterCell
instanceKlass java/util/concurrent/locks/ReentrantLock
instanceKlass java/util/concurrent/locks/Lock
instanceKlass java/lang/CharacterData
instanceKlass java/util/Arrays
instanceKlass jdk/internal/util/Preconditions$3
instanceKlass jdk/internal/util/Preconditions$2
instanceKlass jdk/internal/util/Preconditions$4
instanceKlass java/util/function/BiFunction
instanceKlass jdk/internal/util/Preconditions$1
instanceKlass java/util/function/Function
instanceKlass jdk/internal/util/Preconditions
instanceKlass java/lang/Runtime
instanceKlass java/lang/VersionProps
instanceKlass java/lang/StringConcatHelper
instanceKlass java/util/HashMap$Node
instanceKlass java/util/Map$Entry
instanceKlass jdk/internal/util/ArraysSupport
instanceKlass jdk/internal/util/SystemProps$Raw
instanceKlass jdk/internal/util/SystemProps
instanceKlass java/lang/System$2
instanceKlass jdk/internal/access/JavaLangAccess
instanceKlass java/lang/ref/NativeReferenceQueue$Lock
instanceKlass java/lang/ref/ReferenceQueue
instanceKlass java/lang/ref/Reference$1
instanceKlass jdk/internal/access/JavaLangRefAccess
instanceKlass jdk/internal/reflect/ReflectionFactory
instanceKlass java/lang/Math
instanceKlass java/lang/StringLatin1
instanceKlass jdk/internal/reflect/Reflection
instanceKlass jdk/internal/reflect/ReflectionFactory$GetReflectionFactoryAction
instanceKlass java/security/PrivilegedAction
instanceKlass jdk/internal/access/SharedSecrets
instanceKlass java/lang/reflect/ReflectAccess
instanceKlass jdk/internal/access/JavaLangReflectAccess
instanceKlass java/util/ImmutableCollections
instanceKlass java/util/Objects
instanceKlass java/util/Set
instanceKlass jdk/internal/misc/CDS
instanceKlass java/lang/Module$ArchivedData
instanceKlass jdk/internal/misc/VM
instanceKlass java/lang/String$CaseInsensitiveComparator
instanceKlass java/util/Comparator
instanceKlass java/io/ObjectStreamField
instanceKlass jdk/internal/vm/FillerObject
instanceKlass jdk/internal/vm/vector/VectorSupport$VectorPayload
instanceKlass jdk/internal/vm/vector/VectorSupport
instanceKlass java/lang/reflect/RecordComponent
instanceKlass java/util/Iterator
instanceKlass java/lang/Number
instanceKlass java/lang/Character
instanceKlass java/lang/Boolean
instanceKlass java/util/concurrent/locks/AbstractOwnableSynchronizer
instanceKlass java/lang/LiveStackFrame
instanceKlass java/lang/StackFrameInfo
instanceKlass java/lang/StackWalker$StackFrame
instanceKlass java/lang/StackStreamFactory$AbstractStackWalker
instanceKlass java/lang/StackWalker
instanceKlass java/nio/Buffer
instanceKlass java/lang/StackTraceElement
instanceKlass java/util/AbstractCollection
instanceKlass java/util/RandomAccess
instanceKlass java/util/List
instanceKlass java/util/SequencedCollection
instanceKlass java/util/Collection
instanceKlass java/lang/Iterable
instanceKlass java/util/AbstractMap
instanceKlass java/util/concurrent/ConcurrentMap
instanceKlass java/security/CodeSource
instanceKlass jdk/internal/loader/ClassLoaders
instanceKlass java/util/jar/Manifest
instanceKlass java/lang/Enum
instanceKlass java/net/URL
instanceKlass java/io/InputStream
instanceKlass java/io/Closeable
instanceKlass java/lang/AutoCloseable
instanceKlass jdk/internal/module/Modules
instanceKlass jdk/internal/misc/Unsafe
instanceKlass jdk/internal/misc/UnsafeConstants
instanceKlass java/lang/AbstractStringBuilder
instanceKlass java/lang/Appendable
instanceKlass java/lang/AssertionStatusDirectives
instanceKlass java/lang/invoke/MethodHandleNatives$CallSiteContext
instanceKlass jdk/internal/foreign/abi/ABIDescriptor
instanceKlass jdk/internal/foreign/abi/NativeEntryPoint
instanceKlass java/lang/invoke/CallSite
instanceKlass java/lang/invoke/MethodType
instanceKlass java/lang/invoke/TypeDescriptor$OfMethod
instanceKlass java/lang/invoke/LambdaForm
instanceKlass java/lang/invoke/MethodHandleNatives
instanceKlass java/lang/invoke/ResolvedMethodName
instanceKlass java/lang/invoke/MemberName
instanceKlass java/lang/invoke/VarHandle
instanceKlass java/lang/invoke/MethodHandle
instanceKlass jdk/internal/reflect/CallerSensitive
instanceKlass java/lang/annotation/Annotation
instanceKlass jdk/internal/reflect/FieldAccessor
instanceKlass jdk/internal/reflect/ConstantPool
instanceKlass jdk/internal/reflect/ConstructorAccessor
instanceKlass jdk/internal/reflect/MethodAccessor
instanceKlass jdk/internal/reflect/MagicAccessorImpl
instanceKlass jdk/internal/vm/StackChunk
instanceKlass jdk/internal/vm/Continuation
instanceKlass jdk/internal/vm/ContinuationScope
instanceKlass java/lang/reflect/Parameter
instanceKlass java/lang/reflect/Member
instanceKlass java/lang/reflect/AccessibleObject
instanceKlass java/lang/Module
instanceKlass java/util/Dictionary
instanceKlass java/util/Map
instanceKlass java/lang/ThreadGroup
instanceKlass java/lang/Thread$UncaughtExceptionHandler
instanceKlass java/lang/Thread$Constants
instanceKlass java/lang/Thread$FieldHolder
instanceKlass java/lang/Thread
instanceKlass java/lang/Runnable
instanceKlass java/lang/ref/Reference
instanceKlass java/lang/Record
instanceKlass java/security/AccessController
instanceKlass java/security/AccessControlContext
instanceKlass java/security/ProtectionDomain
instanceKlass java/lang/SecurityManager
instanceKlass java/lang/Throwable
instanceKlass java/lang/System
instanceKlass java/lang/ClassLoader
instanceKlass java/lang/Cloneable
instanceKlass java/lang/Class
instanceKlass java/lang/invoke/TypeDescriptor$OfField
instanceKlass java/lang/invoke/TypeDescriptor
instanceKlass java/lang/reflect/Type
instanceKlass java/lang/reflect/GenericDeclaration
instanceKlass java/lang/reflect/AnnotatedElement
instanceKlass java/lang/String
instanceKlass java/lang/constant/ConstantDesc
instanceKlass java/lang/constant/Constable
instanceKlass java/lang/CharSequence
instanceKlass java/lang/Comparable
instanceKlass java/io/Serializable
ciInstanceKlass java/lang/Object 1 1 124 100 1 10 12 1 1 10 7 12 1 1 1 10 100 12 1 1 1 10 12 1 1 8 1 10 12 1 1 10 100 12 1 1 1 10 12 1 10 12 1 1 10 7 12 1 1 1 10 12 1 10 12 1 7 1 10 100 12 1 1 1 10 12 1 1 10 12 1 100 1 8 1 10 12 1 3 8 1 100 1 5 0 1 1 1 1 1 1 1 1 1 1 1 1 1 1 1 1 7 1 1 1 1 1 1 1 1 1 1 7 1 1 1 1 1 1 1 1 1 1 3 1 1
ciInstanceKlass java/io/Serializable 1 0 7 100 1 100 1 1 1
ciInstanceKlass java/lang/Comparable 1 0 12 100 1 100 1 1 1 1 1 1 1 1
ciInstanceKlass java/lang/CharSequence 1 1 131 11 7 12 1 1 1 18 12 1 1 100 1 10 100 12 1 1 1 18 10 100 12 1 1 1 11 12 1 1 11 100 1 11 12 1 1 10 100 12 1 1 1 11 12 1 1 100 1 10 12 1 1 10 100 12 1 1 1 100 1 10 10 12 1 1 100 1 1 1 1 1 1 1 1 1 1 1 1 1 1 1 1 1 1 1 1 1 1 1 1 1 1 1 1 1 1 1 1 1 16 1 15 11 12 16 15 11 12 15 10 100 12 1 1 1 1 1 100 1 100 1 1 100 1 1 100 1 100 1 1
ciInstanceKlass java/lang/constant/Constable 1 0 11 100 1 100 1 1 1 1 1 1 1
ciInstanceKlass java/lang/constant/ConstantDesc 1 0 37 100 1 100 1 1 1 1 100 1 1 1 1 100 1 100 1 100 1 100 1 100 1 100 1 100 1 100 1 100 1 1 100 1 100 1 1
ciInstanceKlass java/lang/String 1 1 1443 10 7 12 1 1 1 8 1 9 7 12 1 1 1 9 12 1 1 9 12 1 1 9 12 1 1 10 12 1 10 12 1 1 10 12 1 1 9 12 1 10 7 12 1 1 1 10 7 1 10 7 12 1 1 1 10 12 1 1 10 12 1 1 10 12 1 10 12 1 1 10 12 1 10 7 12 1 1 1 7 1 9 7 12 1 1 1 10 7 12 1 1 1 10 7 12 1 1 1 10 12 1 1 10 12 1 1 10 12 1 1 10 12 1 1 9 7 12 1 1 10 12 9 7 12 1 1 10 12 1 1 3 10 12 1 1 7 1 11 12 1 1 11 12 1 11 12 1 1 10 100 12 1 1 1 10 12 1 1 9 100 12 1 1 1 10 12 1 1 10 12 1 11 12 1 1 10 12 1 1 10 12 10 12 1 1 10 100 12 1 1 1 10 12 1 1 10 12 1 1 100 1 100 1 10 12 1 10 12 1 10 12 1 1 100 1 10 12 1 1 100 1 10 12 1 1 10 12 1 1 10 12 1 10 10 12 1 100 1 100 1 100 1 10 12 1 10 12 1 1 10 12 1 1 10 12 1 10 12 1 1 10 12 1 1 10 100 12 1 1 100 1 11 10 7 12 1 1 11 12 1 11 12 1 10 12 1 1 10 12 1 10 12 10 12 1 1 10 10 100 12 1 1 1 10 100 12 1 1 10 12 1 1 10 100 12 1 1 10 12 1 10 12 1 1 10 12 1 1 10 12 1 10 12 1 10 12 1 1 100 1 10 12 1 1 10 12 10 12 1 10 12 1 1 10 12 1 1 10 7 12 1 1 1 10 12 1 10 12 1 1 10 12 1 10 12 1 3 3 10 12 1 1 10 12 1 10 12 1 1 10 12 1 1 10 12 1 1 10 12 1 10 12 1 1 10 12 1 1 10 12 1 10 12 1 10 12 1 10 12 1 1 10 12 1 10 12 1 10 12 1 10 12 1 10 12 1 10 12 1 10 100 1 10 8 1 10 12 1 1 10 12 1 8 1 10 12 1 1 10 12 10 12 1 8 1 10 10 12 1 1 10 12 1 1 10 12 1 1 10 100 1 10 10 12 1 10 12 1 10 12 1 10 10 12 1 10 12 1 10 12 1 10 12 1 10 12 1 10 12 1 10 12 1 1 10 12 1 1 10 12 1 1 10 10 12 1 1 10 10 12 1 100 1 10 10 12 1 1 10 12 1 1 10 7 1 10 12 1 10 12 1 10 7 12 1 1 1 10 12 1 10 12 1 1 10 12 1 11 7 1 11 12 10 12 1 10 12 1 1 10 12 1 1 10 10 12 1 10 12 1 9 12 1 1 11 7 12 1 1 1 10 12 10 10 12 1 10 12 1 1 10 10 12 1 10 12 1 10 12 1 1 10 12 1 1 10 10 12 1 1 10 12 1 10 10 12 1 10 12 10 10 12 10 10 12 1 10 12 1 10 10 12 10 7 12 1 1 1 10 12 10 10 12 10 12 1 10 12 10 12 10 10 12 1 10 12 1 1 10 12 1 1 10 10 12 1 10 7 12 1 1 1 10 12 1 1 10 10 7 12 1 1 1 11 10 12 1 10 12 1 1 10 12 1 1 10 7 12 1 1 1 10 12 1 10 12 1 10 12 1 10 12 1 10 12 1 10 12 1 100 1 100 1 8 1 10 10 10 12 1 10 12 1 1 8 1 10 12 1 3 3 10 12 1 10 12 1 1 10 12 7 1 10 10 12 1 1 10 12 1 10 12 1 10 12 1 1 10 12 1 1 11 7 12 1 1 1 7 1 10 12 1 10 12 1 1 8 1 10 12 1 1 10 12 1 11 7 12 1 1 1 11 7 12 1 1 11 12 1 10 12 1 10 12 1 1 10 10 100 12 1 1 1 10 12 1 10 12 1 10 10 12 10 12 1 1 10 10 12 1 10 10 12 1 10 10 12 1 10 10 12 1 10 12 1 1 10 10 12 1 8 1 10 12 1 1 18 12 1 1 11 100 12 1 1 1 7 1 3 18 12 1 18 12 1 8 1 10 100 12 1 1 1 11 12 1 1 10 12 10 10 12 1 10 11 12 1 1 10 12 1 1 11 12 1 18 3 11 10 12 1 11 11 10 12 1 10 12 1 1 8 1 10 12 1 10 12 1 10 12 1 1 10 10 12 1 11 100 12 1 7 1 100 1 10 12 100 1 10 10 7 12 1 1 1 100 1 10 7 1 10 10 12 1 10 10 12 1 8 1 10 10 12 1 8 1 8 1 10 12 1 10 12 1 10 10 12 10 100 12 1 1 10 100 12 1 1 10 100 12 1 1 8 1 10 12 1 10 12 1 10 9 12 1 10 12 9 7 12 1 1 1 10 12 1 10 12 1 10 12 1 10 12 1 10 12 1 8 1 10 100 12 1 1 1 10 12 10 12 1 1 10 12 10 10 12 10 12 7 1 9 12 1 1 7 1 10 100 1 100 1 100 1 100 1 1 1 1 1 1 5 0 1 1 1 1 1 3 1 3 1 1 1 1 1 1 1 1 1 1 1 1 1 1 1 100 1 1 1 1 1 1 1 1 1 1 1 1 1 1 1 1 1 1 1 1 1 1 1 1 1 1 1 1 1 1 1 100 1 1 1 1 1 1 1 1 1 1 100 1 1 1 1 1 1 1 1 1 1 1 1 1 1 1 1 1 1 1 1 1 1 1 1 1 1 1 1 1 1 1 1 1 1 1 1 1 1 1 1 1 1 1 1 1 1 1 1 1 1 1 1 1 1 1 1 1 1 1 1 1 1 1 1 1 1 1 1 1 1 1 1 1 1 1 1 1 1 1 1 1 1 1 1 1 1 1 1 1 1 1 1 1 1 1 1 1 1 1 1 1 1 1 1 1 1 1 1 1 1 1 1 1 1 1 1 1 1 1 1 1 1 1 1 1 1 1 1 1 1 1 1 1 1 1 1 1 1 1 1 1 1 1 1 1 1 1 1 1 1 1 1 1 1 1 1 1 1 1 1 1 1 1 1 1 1 1 1 1 1 1 1 1 1 1 100 1 1 1 1 1 1 1 1 1 1 1 1 1 1 1 1 1 1 1 1 1 1 1 100 1 1 1 1 1 1 1 1 1 1 1 1 1 1 1 100 1 1 1 1 1 1 1 1 1 1 1 1 1 1 1 16 15 10 12 16 15 10 12 15 10 12 15 10 12 15 10 100 12 1 1 1 1 1 1 1 100 1 100 1 1 1
staticfield java/lang/String COMPACT_STRINGS Z 1
staticfield java/lang/String serialPersistentFields [Ljava/io/ObjectStreamField; 0 [Ljava/io/ObjectStreamField;
staticfield java/lang/String CASE_INSENSITIVE_ORDER Ljava/util/Comparator; java/lang/String$CaseInsensitiveComparator
ciInstanceKlass java/lang/reflect/AnnotatedElement 1 1 164 11 7 12 1 1 1 11 12 1 1 100 1 10 100 12 1 1 1 10 12 1 1 10 12 1 1 10 12 1 10 100 12 1 1 1 11 12 1 1 11 100 12 1 1 10 100 12 1 1 1 10 12 1 10 100 12 1 1 1 18 12 1 1 11 100 12 1 1 18 12 1 18 12 1 1 10 100 12 1 1 1 11 100 12 1 1 1 100 1 10 100 12 1 1 1 1 1 1 1 1 1 1 1 1 1 1 1 1 1 1 1 1 1 1 1 1 1 100 1 1 1 1 1 1 1 1 1 1 1 16 15 16 1 16 1 15 11 12 16 16 1 15 10 100 12 1 1 1 16 1 15 10 100 12 1 1 1 1 100 1 100 1 1
ciInstanceKlass java/lang/reflect/GenericDeclaration 1 0 30 100 1 100 1 100 1 1 1 1 1 1 1 1 100 1 8 1 1 12 10 1 1 1 8 1 1 1 8 1
ciInstanceKlass java/lang/reflect/Type 1 1 17 11 100 12 1 1 1 100 1 1 1 1 1 1 1 1 1
ciInstanceKlass java/lang/invoke/TypeDescriptor 1 0 17 100 1 100 1 1 1 1 1 1 100 1 100 1 1 1 1
ciInstanceKlass java/lang/invoke/TypeDescriptor$OfField 1 0 21 100 1 100 1 100 1 1 1 1 1 1 1 1 1 1 1 1 1 1 1
ciInstanceKlass java/lang/Class 1 1 1698 10 7 12 1 1 1 9 7 12 1 1 1 9 12 1 1 10 12 1 1 8 1 10 12 1 8 1 8 1 10 12 1 1 10 7 12 1 1 1 10 12 1 7 1 10 10 12 1 10 12 1 1 10 12 1 1 10 12 1 1 10 7 12 1 1 10 12 1 10 12 1 10 12 1 8 1 10 12 1 8 1 10 12 1 8 1 8 1 10 12 1 1 10 100 12 1 1 1 18 12 1 1 11 100 12 1 1 1 8 1 8 1 8 1 10 100 12 1 1 1 11 12 1 1 8 1 10 12 1 10 11 100 12 1 1 1 11 100 12 1 1 1 11 8 1 18 8 1 10 12 1 10 7 12 1 1 10 12 1 1 10 7 12 1 1 1 10 12 1 1 10 12 1 1 10 7 12 1 1 1 10 12 9 100 12 1 1 1 10 100 12 1 1 1 10 12 1 10 7 12 1 1 1 10 12 1 1 18 12 1 1 10 7 12 1 1 1 10 7 12 1 10 12 1 1 10 7 1 100 1 10 12 1 1 9 12 1 1 7 1 8 1 10 12 1 10 12 1 1 10 12 1 1 10 7 12 1 1 1 7 1 10 12 1 7 1 7 1 10 10 12 1 1 10 12 1 1 100 1 10 100 12 1 1 1 10 12 1 1 10 12 1 1 9 12 1 1 10 12 1 10 12 1 1 9 12 1 1 9 12 1 1 10 12 1 1 10 7 1 10 12 1 10 12 1 10 12 1 1 10 9 12 1 10 12 1 8 1 10 12 1 1 10 12 1 1 10 12 1 10 12 1 1 10 12 1 1 10 12 1 1 9 7 12 1 1 1 10 7 12 1 1 10 12 10 12 1 10 12 1 10 12 1 10 12 1 9 100 12 1 1 1 9 12 1 10 12 1 10 100 12 1 1 1 10 12 1 1 10 100 12 1 1 10 12 1 10 12 1 1 10 100 12 1 1 1 10 12 1 10 12 1 1 10 12 1 10 12 1 10 12 1 1 10 7 1 10 10 10 12 1 1 10 12 1 1 10 12 10 10 12 1 1 100 1 8 1 10 10 12 1 1 10 12 1 100 1 11 12 1 10 100 12 1 1 10 12 1 10 12 1 10 100 12 1 1 10 10 12 1 1 8 1 10 12 1 10 12 1 1 8 1 10 12 1 9 12 1 10 12 1 10 12 1 10 12 1 10 12 100 1 9 12 1 10 12 1 9 12 1 10 12 1 10 12 1 10 12 1 10 10 12 1 10 12 1 10 7 12 1 1 10 12 1 10 12 1 10 12 1 1 10 12 1 10 12 1 10 12 1 100 1 10 12 1 10 12 1 1 10 12 1 1 10 12 1 1 10 12 1 1 10 12 1 1 10 12 1 1 7 1 10 10 12 1 1 10 12 1 1 10 12 1 1 10 10 12 1 10 12 1 1 10 12 1 1 10 12 1 1 10 12 1 1 7 1 10 10 12 11 100 12 1 1 10 12 1 10 12 1 10 100 12 1 1 1 10 12 1 1 10 10 12 1 1 100 1 10 10 12 1 1 10 100 12 1 1 1 100 1 7 1 10 12 1 1 10 12 1 10 10 12 1 1 10 12 1 10 12 1 10 12 1 10 100 12 1 1 1 11 7 12 1 1 10 12 1 10 12 1 9 12 1 10 12 1 1 10 12 1 9 12 1 1 100 1 10 9 12 1 1 10 12 100 1 10 12 1 9 12 1 10 100 12 1 1 1 10 12 1 10 12 1 10 100 12 1 1 1 10 12 1 10 12 10 12 1 1 100 1 10 8 1 10 12 1 11 11 12 1 1 11 7 12 1 1 11 12 1 8 1 10 12 1 10 12 1 1 9 12 1 9 12 1 1 10 7 12 1 1 9 12 1 10 12 1 1 10 10 12 1 10 7 12 1 1 1 10 7 12 1 1 10 7 12 1 1 9 12 1 1 10 12 1 9 12 1 10 12 1 10 12 1 1 9 12 1 1 9 12 1 10 12 1 10 12 1 1 9 12 1 100 1 10 10 12 1 1 7 1 10 12 1 1 100 11 100 1 9 12 1 1 9 12 1 7 1 10 12 1 9 12 1 1 9 12 1 10 12 1 10 12 1 1 9 12 1 7 1 10 10 12 1 1 10 10 12 1 10 12 10 10 12 1 9 12 1 10 12 1 1 10 7 12 1 1 1 10 12 1 1 10 12 1 8 10 100 8 1 18 8 1 8 1 10 12 1 9 12 1 9 12 1 1 10 12 1 7 1 7 1 10 12 1 9 12 1 1 7 1 10 10 12 1 10 7 1 9 12 1 8 1 10 12 1 7 1 10 12 1 10 12 1 1 100 1 100 1 9 12 1 100 1 8 1 10 10 7 12 1 1 1 10 12 11 7 12 1 1 1 10 12 1 10 12 1 1 10 8 1 8 1 10 12 1 1 9 7 12 1 1 11 12 7 1 11 100 12 1 1 9 12 1 10 100 12 1 1 1 10 7 12 1 1 10 12 1 1 9 12 1 9 10 12 1 1 10 12 1 1 10 12 1 1 10 12 1 1 10 12 1 1 11 12 1 100 1 11 12 1 10 100 12 1 1 1 10 12 1 11 12 1 10 100 12 1 1 1 10 12 1 10 100 12 1 1 1 11 12 1 11 12 1 1 10 12 1 10 12 1 1 9 12 1 1 9 100 12 1 1 10 12 1 10 100 12 1 1 1 10 12 1 1 10 12 1 10 12 1 10 12 1 10 7 12 1 1 1 10 12 1 8 1 10 12 1 10 12 1 10 12 1 100 1 10 12 10 100 12 1 1 1 11 100 12 1 1 1 10 12 1 1 10 12 1 18 12 1 1 11 12 1 1 18 11 12 1 18 12 1 11 12 1 10 12 1 1 10 12 1 10 12 1 10 12 1 10 12 1 10 12 10 12 1 8 1 10 12 1 7 1 9 12 1 1 100 1 100 1 100 1 100 1 1 1 3 1 3 1 3 1 1 1 1 1 1 1 5 0 1 1 1 1 1 1 1 1 1 1 1 1 1 1 1 1 1 1 1 1 1 1 1 1 100 1 1 1 1 1 1 1 100 1 1 1 1 1 7 1 1 1 1 1 1 1 1 1 1 1 1 1 1 1 1 1 1 1 1 1 1 1 1 1 1 1 1 1 1 1 1 1 1 1 1 1 1 1 1 1 1 100 1 1 1 1 1 1 1 1 1 1 1 1 1 1 1 1 1 1 1 1 1 1 1 1 1 1 1 1 1 1 1 100 1 1 1 1 1 1 1 1 1 1 1 1 1 1 1 1 1 1 1 1 3 1 1 1 1 1 1 1 1 1 1 1 1 1 1 1 1 1 1 1 1 1 1 1 1 1 1 1 1 1 1 1 1 1 1 1 100 1 100 1 1 1 1 1 1 1 1 1 1 1 1 1 1 1 1 1 1 1 1 1 1 1 1 1 1 1 1 1 1 1 1 1 1 1 1 1 1 1 1 1 1 1 1 1 1 1 1 1 1 1 1 1 1 1 1 1 1 1 1 1 1 1 1 1 1 1 1 1 1 1 1 1 1 1 1 1 1 1 1 1 1 1 1 1 1 1 1 1 1 1 1 1 1 1 1 1 1 1 1 1 1 1 1 1 1 1 1 1 1 1 1 1 1 1 1 1 1 1 1 1 1 1 1 1 1 1 1 1 1 1 1 16 15 10 12 16 15 11 12 16 1 16 15 16 15 10 12 16 16 15 10 12 16 15 16 1 15 10 12 16 15 10 100 12 1 1 1 1 1 1 1 1 1 1 1 1 100 1 1 100 1 100 1 1 100 1 100 1 1 100 1 100 1 1
staticfield java/lang/Class EMPTY_CLASS_ARRAY [Ljava/lang/Class; 0 [Ljava/lang/Class;
staticfield java/lang/Class serialPersistentFields [Ljava/io/ObjectStreamField; 0 [Ljava/io/ObjectStreamField;
ciInstanceKlass java/lang/Cloneable 1 0 7 100 1 100 1 1 1
instanceKlass jdk/internal/reflect/DelegatingClassLoader
instanceKlass java/security/SecureClassLoader
ciInstanceKlass java/lang/ClassLoader 1 1 1108 9 7 12 1 1 1 10 7 12 1 1 1 9 12 1 1 10 7 12 1 1 1 7 1 10 12 1 1 10 12 1 1 9 12 1 1 10 12 1 1 100 1 10 12 1 10 12 1 1 10 7 12 1 1 1 100 1 8 1 10 12 1 10 7 12 1 1 1 10 100 12 1 10 7 1 10 7 1 7 1 7 1 10 12 1 10 12 1 9 12 1 1 10 10 7 12 1 1 1 9 12 1 1 9 12 1 9 12 1 1 9 12 1 9 12 1 1 9 12 1 1 7 1 10 12 1 9 12 1 1 10 12 1 1 10 7 12 1 1 1 9 12 1 9 12 1 1 9 12 1 10 12 1 1 9 12 10 12 1 1 7 1 10 8 1 10 12 1 1 10 12 1 10 7 1 7 1 10 12 1 1 10 7 12 1 1 1 8 1 10 12 1 10 12 1 10 12 1 1 10 12 1 1 10 12 1 1 10 12 1 1 10 12 1 1 10 12 1 100 1 10 12 1 10 100 12 1 1 1 10 12 1 1 10 12 1 10 12 1 10 12 1 10 12 1 10 12 1 1 10 10 12 1 10 12 1 10 100 12 1 1 10 12 1 1 10 12 1 1 10 12 1 100 1 10 12 1 100 1 10 12 1 10 100 12 1 1 1 10 10 12 1 1 10 12 1 1 100 1 8 1 10 8 1 10 12 1 10 12 1 100 1 8 1 10 12 1 1 10 12 1 1 10 10 12 1 1 10 12 1 1 10 12 1 1 10 7 1 10 12 1 1 10 12 1 1 10 12 1 1 10 12 1 1 10 12 1 1 10 12 1 1 10 12 1 10 7 12 1 1 1 10 12 1 10 12 1 10 12 1 1 10 12 1 10 12 1 10 12 1 10 12 1 1 10 12 1 10 12 1 1 8 1 9 12 1 10 12 1 1 8 1 8 1 10 7 12 1 1 100 1 10 10 12 10 12 1 10 12 1 10 12 1 10 12 1 1 10 7 12 1 1 10 12 1 10 7 1 7 1 10 12 1 1 10 12 1 10 7 1 10 12 1 100 1 18 12 1 10 100 12 1 1 1 10 100 12 1 1 1 10 7 12 1 1 10 12 1 10 12 1 100 1 10 12 1 8 1 10 10 12 1 1 10 12 1 10 12 1 1 100 1 10 12 1 10 12 1 1 10 7 12 1 1 10 12 1 8 1 100 1 10 10 12 1 9 12 1 10 7 12 1 1 10 12 1 100 1 8 1 10 12 1 10 8 1 8 1 10 12 1 1 10 12 1 1 10 12 1 1 10 100 12 1 1 100 1 100 1 10 12 1 1 100 1 100 1 10 100 12 1 1 10 12 1 10 12 1 1 10 12 1 10 12 1 1 10 12 1 1 9 100 12 1 1 1 10 12 1 1 10 12 1 10 12 1 10 12 1 1 10 12 1 8 1 7 1 18 12 1 1 10 12 1 1 10 12 1 10 12 1 10 12 1 8 1 10 12 1 10 12 1 18 12 1 11 100 12 1 1 1 100 1 10 12 1 1 10 12 1 10 11 12 1 1 10 18 10 12 1 1 11 100 12 1 18 12 1 11 12 1 1 10 12 10 12 1 1 10 12 1 1 100 1 8 1 10 10 12 1 8 1 8 1 10 100 12 1 1 10 12 1 100 1 10 10 12 1 8 1 8 1 8 1 10 12 1 10 12 1 1 10 12 1 10 100 12 1 1 1 11 100 12 1 1 100 1 10 11 10 12 1 10 12 1 10 12 1 1 9 100 12 1 1 9 12 1 1 9 12 9 12 1 9 12 1 9 12 1 8 10 12 1 1 10 7 12 1 1 1 10 12 1 1 10 12 1 1 10 12 1 10 10 12 1 11 12 1 1 10 100 12 1 1 1 100 1 10 12 1 10 12 1 10 12 1 1 1 1 1 1 1 1 1 1 1 1 1 1 1 1 1 1 1 1 1 1 1 1 1 1 1 1 100 1 1 1 1 1 1 1 1 1 1 1 1 1 1 1 1 1 1 1 1 1 100 1 1 1 1 1 1 1 1 1 1 100 1 1 1 1 1 1 1 1 1 1 1 1 1 1 1 1 1 1 1 1 1 1 1 1 1 1 1 1 1 1 1 1 1 1 1 1 1 1 1 1 1 100 1 1 1 1 1 1 1 1 1 1 1 1 1 1 1 1 1 1 1 100 1 1 1 1 1 1 1 1 1 1 1 1 1 1 1 1 1 1 1 1 1 1 1 1 1 1 1 1 1 1 1 1 1 1 1 1 1 1 1 1 1 1 1 1 1 1 1 1 1 1 100 1 1 1 1 1 1 1 1 1 1 1 1 1 1 1 1 1 1 1 1 1 1 1 1 1 1 1 1 1 1 1 1 1 1 1 1 1 1 1 1 1 1 1 1 1 1 16 1 15 10 12 16 1 16 15 10 12 16 1 16 1 15 10 12 16 15 10 12 16 15 10 12 16 15 10 100 12 1 1 1 1 1 100 1 100 1 1
staticfield java/lang/ClassLoader nocerts [Ljava/security/cert/Certificate; 0 [Ljava/security/cert/Certificate;
staticfield java/lang/ClassLoader $assertionsDisabled Z 1
ciInstanceKlass java/lang/System 1 1 834 10 100 12 1 1 1 9 7 12 1 1 1 10 12 1 10 12 1 1 10 12 1 1 10 12 1 9 12 1 1 10 7 12 1 1 1 11 100 12 1 1 1 10 100 12 1 1 1 10 12 1 1 10 12 1 1 100 1 8 1 10 12 1 10 100 12 1 1 1 10 100 12 1 1 1 18 12 1 1 10 100 12 1 1 1 100 1 10 12 1 1 10 100 12 1 1 1 10 12 1 10 7 12 1 1 1 9 100 12 1 1 1 10 100 12 1 1 1 11 7 12 1 1 1 10 12 1 1 10 100 12 1 1 1 100 1 10 10 12 1 1 8 1 10 12 1 8 1 10 12 1 9 12 1 1 8 1 10 7 12 1 1 1 10 12 1 1 100 1 8 1 10 9 12 1 1 8 1 10 12 1 1 10 100 12 1 1 1 8 1 10 12 1 100 1 10 12 1 8 1 10 12 1 10 12 1 1 100 1 10 12 10 12 1 9 12 1 1 9 12 1 1 10 7 12 1 1 1 10 7 12 1 1 1 10 12 1 1 10 12 1 10 12 1 10 7 12 1 1 1 10 12 1 100 1 100 1 8 1 10 12 1 10 12 1 1 7 1 10 12 1 100 1 8 1 10 10 12 1 100 1 8 1 10 8 1 10 7 12 1 1 8 1 10 12 100 1 8 1 10 10 12 1 1 10 100 12 1 1 1 100 1 18 12 1 100 1 9 100 12 1 1 1 10 12 1 100 1 10 12 1 1 10 12 1 1 10 7 12 1 1 1 10 12 1 1 10 12 1 10 12 1 10 12 1 1 10 12 1 7 1 10 12 1 9 7 12 1 1 1 10 7 12 1 1 1 10 12 1 10 12 1 10 7 12 1 1 1 100 1 8 1 10 9 12 1 9 12 1 10 12 1 10 100 12 1 1 10 12 1 10 12 1 1 8 1 10 12 1 1 8 1 11 12 1 10 12 11 12 1 1 11 7 12 1 1 1 11 7 12 1 1 11 12 1 1 7 1 11 12 1 10 12 1 8 1 10 12 1 1 8 1 8 1 8 1 8 1 11 12 1 10 12 1 10 12 1 10 12 1 8 1 10 12 1 1 8 1 9 12 1 8 1 10 7 12 1 1 8 1 7 1 9 7 12 1 1 1 10 12 1 7 1 9 12 10 9 12 7 1 10 12 9 12 1 1 8 1 10 12 1 1 8 1 10 7 12 1 1 10 12 1 10 12 1 1 11 7 12 1 1 10 12 10 7 12 1 1 1 9 12 1 1 100 1 8 1 10 12 1 1 10 7 12 1 1 1 7 1 10 12 1 1 10 12 1 8 1 8 1 10 8 1 8 1 8 1 8 1 10 10 7 12 1 1 10 12 1 10 12 1 1 10 12 1 1 10 12 1 10 100 12 1 1 1 10 100 1 8 1 10 10 10 12 1 1 10 12 1 1 8 1 10 12 1 8 1 8 1 10 12 1 10 7 12 1 1 1 10 12 1 1 7 1 10 10 12 1 10 12 1 9 12 1 1 3 1 3 1 1 1 1 1 1 1 1 1 1 1 1 100 1 1 100 1 1 1 1 1 1 1 1 1 1 1 100 1 100 1 1 1 1 1 1 1 1 1 1 1 1 1 1 1 1 1 1 1 1 1 1 1 1 1 1 1 1 1 1 1 1 1 1 1 1 1 1 1 1 1 1 1 1 1 1 1 1 1 1 1 1 1 1 1 1 1 1 100 1 1 1 1 1 1 1 1 1 1 1 1 1 1 1 1 1 1 1 1 1 1 1 1 1 1 1 1 1 1 1 1 1 100 1 1 16 15 10 12 1 1 16 15 10 12 16 1 15 10 100 12 1 1 1 1 1 1 1 1 1 100 1 100 1 1
staticfield java/lang/System in Ljava/io/InputStream; java/io/BufferedInputStream
staticfield java/lang/System out Ljava/io/PrintStream; java/io/PrintStream
staticfield java/lang/System err Ljava/io/PrintStream; java/io/PrintStream
instanceKlass java/lang/Exception
instanceKlass java/lang/Error
ciInstanceKlass java/lang/Throwable 1 1 404 10 7 12 1 1 1 9 7 12 1 1 1 9 12 1 1 9 12 1 9 12 1 1 9 12 1 10 12 1 1 9 12 1 1 10 12 1 1 10 12 1 100 1 100 1 10 8 1 10 12 1 1 8 1 10 100 12 1 1 10 10 12 1 100 1 8 1 10 10 12 1 1 10 7 12 1 1 10 12 1 8 1 9 100 12 1 1 1 10 12 1 1 100 1 10 12 10 12 1 10 100 12 1 1 1 100 1 10 12 10 12 1 10 12 1 100 1 10 10 7 12 1 1 1 11 100 12 1 1 1 10 12 1 1 10 12 1 1 8 1 10 12 1 10 12 1 1 8 1 8 1 10 12 1 1 10 12 1 8 1 8 1 9 12 1 1 10 12 1 1 100 1 10 11 12 1 8 1 8 1 10 7 12 1 1 8 1 10 12 1 8 1 100 1 10 12 1 9 12 1 1 10 12 1 10 100 12 1 9 12 1 1 10 12 1 1 100 1 8 1 10 12 1 10 100 12 1 1 10 12 1 1 100 1 10 100 12 1 1 1 10 12 1 11 100 12 1 1 1 11 100 12 1 1 11 12 1 8 1 10 12 1 1 8 1 10 10 9 100 12 1 1 1 8 1 10 12 1 1 11 10 100 1 8 1 10 11 12 1 1 8 1 9 12 1 10 100 12 1 1 11 9 12 1 1 11 12 1 1 100 10 12 1 10 12 1 1 100 1 1 1 1 5 0 1 1 1 1 1 1 1 1 1 1 1 1 1 100 1 1 1 1 1 1 1 1 1 1 1 1 1 1 1 1 1 1 1 1 1 1 1 1 1 1 1 1 1 1 1 1 1 1 1 1 1 1 1 1 1 1 1 1 100 1 100 1 1 1 1 1 1 1 1 1 1 1 1 1 1 1 1 1 1
staticfield java/lang/Throwable UNASSIGNED_STACK [Ljava/lang/StackTraceElement; 0 [Ljava/lang/StackTraceElement;
staticfield java/lang/Throwable SUPPRESSED_SENTINEL Ljava/util/List; java/util/Collections$EmptyList
staticfield java/lang/Throwable EMPTY_THROWABLE_ARRAY [Ljava/lang/Throwable; 0 [Ljava/lang/Throwable;
staticfield java/lang/Throwable $assertionsDisabled Z 1
instanceKlass java/util/ServiceConfigurationError
instanceKlass com/google/common/util/concurrent/ExecutionError
instanceKlass java/lang/AssertionError
instanceKlass java/lang/VirtualMachineError
instanceKlass java/lang/LinkageError
ciInstanceKlass java/lang/Error 1 1 40 10 7 12 1 1 1 10 12 1 10 12 1 10 12 1 10 12 1 100 1 1 1 1 5 0 1 1 1 1 1 1 1 1 1 1 1 1 1 1
instanceKlass io/ballerina/openapi/core/generators/client/exception/ClientException
instanceKlass io/ballerina/openapi/core/generators/common/exception/BallerinaOpenApiException
instanceKlass java/security/PrivilegedActionException
instanceKlass java/util/concurrent/TimeoutException
instanceKlass sun/nio/fs/WindowsException
instanceKlass org/ballerinalang/langserver/commons/command/LSCommandExecutorException
instanceKlass org/ballerinalang/toml/exceptions/TomlException
instanceKlass io/ballerina/xsd/extension/XSDTypeGenerator$XSDGenerationException
instanceKlass io/ballerina/edi/extension/EDITypeGenerator$EDIGenerationException
instanceKlass org/ballerinalang/langserver/commons/eventsync/exceptions/EventSyncException
instanceKlass io/ballerina/architecturemodelgenerator/core/diagnostics/ArchitectureModelException
instanceKlass org/ballerinalang/langserver/exception/LSConnectorException
instanceKlass java/text/ParseException
instanceKlass java/net/URISyntaxException
instanceKlass java/lang/CloneNotSupportedException
instanceKlass org/ballerinalang/toml/exceptions/SettingsTomlException
instanceKlass org/ballerinalang/central/client/exceptions/CentralClientException
instanceKlass org/ballerinalang/formatter/core/FormatterException
instanceKlass io/ballerina/converters/exception/JsonToRecordConverterException
instanceKlass java/io/IOException
instanceKlass org/ballerinalang/langserver/commons/workspace/WorkspaceDocumentException
instanceKlass java/util/concurrent/ExecutionException
instanceKlass java/lang/InterruptedException
instanceKlass java/lang/ReflectiveOperationException
instanceKlass java/lang/RuntimeException
ciInstanceKlass java/lang/Exception 1 1 40 10 7 12 1 1 1 10 12 1 10 12 1 10 12 1 10 12 1 100 1 1 1 1 5 0 1 1 1 1 1 1 1 1 1 1 1 1 1 1
instanceKlass io/ballerina/projects/exceptions/InvalidBalaException
instanceKlass java/io/UncheckedIOException
instanceKlass java/lang/MatchException
instanceKlass io/ballerina/toml/validator/schema/JsonSchemaException
instanceKlass java/util/MissingResourceException
instanceKlass java/util/ConcurrentModificationException
instanceKlass org/eclipse/lsp4j/jsonrpc/JsonRpcException
instanceKlass org/eclipse/lsp4j/jsonrpc/MessageIssueException
instanceKlass org/eclipse/lsp4j/jsonrpc/ResponseErrorException
instanceKlass java/lang/reflect/UndeclaredThrowableException
instanceKlass com/github/zafarkhaja/semver/ParseException
instanceKlass com/github/zafarkhaja/semver/util/UnexpectedElementException
instanceKlass org/ballerinalang/compiler/BLangCompilerException
instanceKlass java/util/NoSuchElementException
instanceKlass com/google/gson/JsonParseException
instanceKlass java/lang/SecurityException
instanceKlass com/google/common/util/concurrent/UncheckedExecutionException
instanceKlass com/google/common/cache/CacheLoader$InvalidCacheLoadException
instanceKlass java/lang/IndexOutOfBoundsException
instanceKlass java/lang/IllegalStateException
instanceKlass io/ballerina/projects/ProjectException
instanceKlass org/ballerinalang/langserver/exception/UserErrorException
instanceKlass java/lang/UnsupportedOperationException
instanceKlass java/lang/IllegalArgumentException
instanceKlass java/lang/ArithmeticException
instanceKlass java/lang/NullPointerException
instanceKlass java/lang/IllegalMonitorStateException
instanceKlass java/lang/ArrayStoreException
instanceKlass java/lang/ClassCastException
ciInstanceKlass java/lang/RuntimeException 1 1 40 10 7 12 1 1 1 10 12 1 10 12 1 10 12 1 10 12 1 100 1 1 1 1 5 0 1 1 1 1 1 1 1 1 1 1 1 1 1 1
ciInstanceKlass java/lang/SecurityManager 0 0 576 10 100 12 1 1 1 9 100 12 1 1 1 10 100 12 1 1 1 100 1 8 1 10 12 1 10 12 1 1 10 100 12 1 1 1 10 100 1 10 100 1 10 9 100 12 1 1 1 10 100 12 1 1 1 10 12 1 1 10 100 12 1 1 100 1 8 1 10 9 12 1 1 9 12 1 8 1 9 12 1 100 1 10 8 1 10 12 1 1 10 12 1 10 12 1 1 100 1 10 10 12 1 1 100 1 8 1 10 12 1 8 1 8 1 8 1 8 1 8 1 8 1 10 12 1 8 1 8 1 8 1 8 1 8 1 10 100 12 1 1 1 10 12 1 1 8 1 100 1 8 1 10 8 1 8 1 8 1 8 1 8 1 10 100 12 1 1 8 1 100 1 8 1 8 1 10 8 1 10 12 1 100 1 8 1 10 10 12 1 1 10 12 1 10 12 1 10 12 1 10 100 12 1 1 1 10 12 1 10 100 12 1 1 11 100 12 1 1 1 18 12 1 1 11 100 12 1 1 1 18 12 1 1 11 12 1 1 18 18 11 12 1 18 12 1 11 12 1 1 9 12 1 1 9 12 1 9 12 1 9 12 1 100 1 10 100 12 1 1 10 12 1 10 12 1 18 12 1 18 10 100 12 1 1 1 18 12 1 10 12 1 18 18 8 1 10 12 1 9 12 1 1 11 100 12 1 1 1 8 1 100 1 10 12 1 10 12 1 1 10 12 1 1 9 12 1 1 10 12 1 10 12 1 1 8 1 100 1 10 9 12 1 8 1 10 12 1 8 1 100 1 10 10 100 12 1 1 10 100 1 9 100 12 1 1 1 11 12 1 1 10 12 1 11 12 1 10 12 1 100 1 10 10 12 1 1 10 12 1 1 1 1 1 1 1 1 1 1 1 100 1 1 1 1 1 1 1 1 1 1 1 1 1 1 1 1 1 1 1 1 1 1 1 1 1 1 1 1 1 1 1 1 1 1 1 1 1 1 1 1 1 1 1 1 1 1 1 1 1 1 1 1 1 1 1 1 3 1 1 1 1 1 1 1 1 1 1 100 1 1 1 1 1 1 1 1 1 1 1 1 1 1 1 1 1 1 1 1 1 1 1 1 1 1 1 1 1 1 1 1 1 1 1 1 1 1 16 15 10 100 12 1 1 1 16 1 16 15 10 12 16 1 15 10 12 16 15 11 100 1 16 1 16 1 15 10 12 16 15 10 12 16 15 10 12 1 16 1 15 11 12 1 15 10 12 16 15 10 16 1 15 10 100 12 1 1 1 1 1 1 100 1 100 1 1
ciInstanceKlass java/security/ProtectionDomain 1 1 348 10 7 12 1 1 1 9 7 12 1 1 1 7 1 10 9 12 1 1 9 12 1 1 9 12 1 1 10 7 12 1 1 7 1 9 12 1 9 12 1 1 7 1 9 12 1 1 9 12 1 10 100 12 1 1 10 100 12 1 1 1 10 12 1 1 10 12 1 9 12 1 9 100 12 1 1 10 12 1 1 10 100 1 10 12 1 1 8 1 100 1 8 1 10 12 1 10 11 10 100 12 1 1 1 10 12 1 1 8 1 11 8 1 10 12 1 8 1 8 1 10 12 1 1 10 12 1 10 12 1 1 10 12 1 8 1 10 12 1 8 1 8 1 10 100 12 1 1 1 9 100 12 1 1 1 10 12 1 1 9 100 12 1 1 1 10 100 12 1 1 1 100 1 18 12 1 1 10 100 12 1 1 1 10 100 1 10 12 1 10 12 1 1 11 100 12 1 1 11 12 1 100 1 11 100 12 1 1 1 10 12 1 10 11 12 1 1 11 12 1 1 10 12 1 10 7 12 1 1 10 100 12 1 1 11 12 1 10 12 10 12 1 8 1 8 1 10 7 12 1 1 1 7 1 10 10 7 12 1 1 1 1 1 1 1 1 1 1 100 1 1 100 1 1 1 1 1 1 1 1 1 1 1 1 1 1 1 1 1 1 1 1 1 1 1 1 1 1 1 1 1 1 1 1 1 1 1 1 1 1 1 1 1 1 1 1 100 1 1 1 1 1 1 100 1 1 16 15 10 12 16 15 10 100 12 1 1 1 1 1 1 1 100 1 100 1 1
staticfield java/security/ProtectionDomain filePermCompatInPD Z 0
ciInstanceKlass java/security/AccessControlContext 1 1 374 9 7 12 1 1 1 9 12 1 1 10 100 12 1 1 1 8 1 10 100 12 1 1 1 10 7 12 1 1 1 9 12 1 9 12 1 1 9 12 1 1 10 7 12 1 1 100 1 10 12 1 11 100 12 1 1 1 11 12 1 11 12 1 11 12 1 1 7 1 11 12 1 1 10 12 1 10 7 12 1 1 1 9 100 12 1 1 1 10 100 12 1 1 1 11 100 12 1 1 1 10 7 1 100 1 8 1 10 12 1 10 12 1 1 7 1 10 7 12 1 1 1 9 12 1 9 12 1 9 12 1 9 12 1 1 9 12 1 1 9 12 1 9 12 1 10 7 12 1 1 1 9 12 1 10 12 1 1 10 12 1 1 8 1 10 12 1 1 10 12 1 1 10 100 12 1 1 1 100 1 10 10 12 1 1 10 100 12 1 1 1 10 8 1 10 100 12 1 1 8 1 10 100 12 1 1 8 1 8 1 10 12 1 8 1 10 12 1 8 1 10 12 1 10 12 1 10 12 1 1 8 1 8 1 100 1 10 12 1 10 12 1 1 100 1 10 12 1 8 1 10 12 1 10 12 1 10 8 1 10 12 1 1 10 12 1 1 10 12 1 1 10 12 1 1 10 12 1 10 12 1 11 10 12 1 10 12 1 1 10 10 10 12 1 1 1 1 1 1 1 1 1 1 1 1 1 1 1 1 1 1 1 1 1 1 1 1 100 1 1 1 1 1 1 1 1 1 1 1 1 1 1 1 1 1 1 1 1 1 1 1 1 1 1 1 1 1 1 1 1 1 1 1 1 1 1 1 1 1 1 1 1 1 1 1 1 1 1 1 1 3 1 1
ciInstanceKlass java/security/AccessController 1 1 295 10 100 12 1 1 1 10 7 12 1 1 1 10 7 12 1 1 1 10 12 1 1 10 12 1 1 10 7 12 1 1 1 10 12 1 1 10 12 1 10 12 1 1 10 12 1 100 1 8 1 10 12 1 10 12 1 10 12 1 1 10 12 1 100 1 100 1 10 12 1 1 10 12 1 10 12 1 10 12 1 1 10 7 12 1 1 1 10 12 1 1 9 100 12 1 1 1 10 100 12 1 1 1 10 12 1 10 12 1 9 100 12 1 1 1 10 12 1 10 12 1 1 9 12 1 1 10 100 1 10 11 7 12 1 1 1 10 7 12 1 1 11 7 1 100 1 10 12 1 10 12 1 10 12 1 8 1 10 12 1 1 8 1 10 100 12 1 1 1 8 1 100 1 10 10 12 1 1 10 12 1 10 7 12 1 1 1 10 12 1 8 1 10 100 12 1 1 8 1 8 1 10 12 1 8 1 10 12 1 10 12 1 1 10 12 1 1 1 1 1 1 1 1 1 1 1 1 1 1 1 1 1 1 1 1 1 1 1 1 1 1 1 1 100 1 1 1 1 1 1 1 1 1 1 1 1 1 1 1 1 1 1 1 1 1 1 1 1 1 1 1 1 1 1 1 1 1 1 100 1 100 1 1 1 1 1 1 1 1 1 3 1 1 1
staticfield java/security/AccessController $assertionsDisabled Z 1
instanceKlass jdk/internal/loader/BuiltinClassLoader
instanceKlass java/net/URLClassLoader
ciInstanceKlass java/security/SecureClassLoader 1 1 102 10 7 12 1 1 1 7 1 10 12 1 9 7 12 1 1 1 10 12 1 10 12 1 10 12 1 1 10 12 1 1 10 12 1 7 1 10 7 1 10 12 1 7 1 10 12 1 11 7 12 1 1 1 7 1 11 12 1 10 12 1 1 1 1 1 1 1 1 1 1 1 1 1 1 1 1 1 1 1 1 1 1 1 1 1 1 1 1 1 1 1 1 1 1 1 1 100 1 1 1 1
instanceKlass java/lang/reflect/InvocationTargetException
instanceKlass java/lang/InstantiationException
instanceKlass java/lang/IllegalAccessException
instanceKlass java/lang/NoSuchFieldException
instanceKlass java/lang/NoSuchMethodException
instanceKlass java/lang/ClassNotFoundException
ciInstanceKlass java/lang/ReflectiveOperationException 1 1 34 10 7 12 1 1 1 10 12 1 10 12 1 10 12 1 100 1 1 1 1 5 0 1 1 1 1 1 1 1 1 1 1 1
ciInstanceKlass java/lang/ClassNotFoundException 1 1 96 7 1 10 7 12 1 1 1 10 12 1 10 12 1 1 10 100 12 1 1 1 8 1 10 100 12 1 1 1 10 7 12 1 1 10 100 12 1 1 1 10 100 12 1 1 1 10 12 1 1 7 1 10 12 1 9 12 1 1 1 1 1 5 0 1 1 1 1 1 1 1 1 1 1 1 1 1 1 1 1 1 1 100 1 1 1 1 1 1 1 1 1 1 1 1
staticfield java/lang/ClassNotFoundException serialPersistentFields [Ljava/io/ObjectStreamField; 1 [Ljava/io/ObjectStreamField;
instanceKlass io/ballerina/artifactsgenerator/Artifact
instanceKlass org/ballerinalang/langserver/diagnostic/DiagnosticsHelper$DiagnosticsResponse
instanceKlass org/ballerinalang/langserver/diagnostic/DiagnosticsHelper$PackageDiagnostics
instanceKlass io/ballerina/testmanagerservice/extension/model/FunctionTreeNode
instanceKlass io/ballerina/types/CombinedRange
instanceKlass org/wso2/ballerinalang/compiler/semantics/analyzer/TypeChecker$GlobalStateSnapshot
instanceKlass io/ballerina/types/typeops/FieldPair
instanceKlass io/ballerina/types/FunctionAtomicType
instanceKlass io/ballerina/types/definition/FunctionQualifiers
instanceKlass io/ballerina/types/definition/Member
instanceKlass io/ballerina/types/definition/ObjectQualifiers
instanceKlass io/ballerina/types/definition/Field
instanceKlass org/wso2/ballerinalang/compiler/BIRPackageSymbolEnter$AtomOffsets
instanceKlass io/ballerina/projects/PackageManifest$Module
instanceKlass org/wso2/ballerinalang/compiler/semantics/model/types/SemNamedType
instanceKlass io/ballerina/types/definition/CellField
instanceKlass io/ballerina/types/subtypedata/BddNodeImpl
instanceKlass io/ballerina/types/ListAtomicType
instanceKlass io/ballerina/types/FixedLengthArray
instanceKlass io/ballerina/types/MappingAtomicType
instanceKlass io/ballerina/types/TypeAtom
instanceKlass io/ballerina/types/PredefinedTypeEnv$InitializedTypeAtom
instanceKlass io/ballerina/types/CellAtomicType
instanceKlass io/ballerina/types/Atom$AtomIdentifier
instanceKlass io/ballerina/types/typeops/BddCommonOps$BddOpMemoKey
instanceKlass io/ballerina/types/typeops/BddCommonOps$BddOpMemo
instanceKlass io/ballerina/types/subtypedata/BddNodeSimple
instanceKlass io/ballerina/types/ListMemberTypes
instanceKlass io/ballerina/types/ComplexSemTypeImpl
instanceKlass java/util/stream/Collectors$CollectorImpl
instanceKlass java/nio/DirectByteBuffer$Deallocator
instanceKlass org/ballerinalang/langserver/LSPackageLoader$ListenerData
instanceKlass io/ballerina/testmanagerservice/extension/response/GetTestFunctionResponse
instanceKlass io/ballerina/testmanagerservice/extension/response/TestsDiscoveryResponse
instanceKlass io/ballerina/testmanagerservice/extension/response/CommonSourceResponse
instanceKlass io/ballerina/testmanagerservice/extension/request/UpdateTestFunctionRequest
instanceKlass io/ballerina/testmanagerservice/extension/request/AddTestFunctionRequest
instanceKlass io/ballerina/testmanagerservice/extension/request/GetTestFunctionRequest
instanceKlass io/ballerina/testmanagerservice/extension/request/TestsDiscoveryRequest
instanceKlass io/ballerina/servicemodelgenerator/extension/model/response/ListenerDiscoveryResponse
instanceKlass io/ballerina/servicemodelgenerator/extension/model/response/TriggerListResponse
instanceKlass io/ballerina/servicemodelgenerator/extension/model/response/ServiceModelResponse
instanceKlass io/ballerina/servicemodelgenerator/extension/model/response/ListenerModelResponse
instanceKlass io/ballerina/servicemodelgenerator/extension/model/response/FunctionModelResponse
instanceKlass io/ballerina/servicemodelgenerator/extension/model/response/ListenerFromSourceResponse
instanceKlass io/ballerina/servicemodelgenerator/extension/model/response/ServiceFromSourceResponse
instanceKlass io/ballerina/servicemodelgenerator/extension/model/response/FunctionFromSourceResponse
instanceKlass io/ballerina/servicemodelgenerator/extension/model/request/TriggerListRequest
instanceKlass io/ballerina/servicemodelgenerator/extension/model/request/FunctionModelRequest
instanceKlass io/ballerina/servicemodelgenerator/extension/model/request/ListenerModelRequest
instanceKlass io/ballerina/servicemodelgenerator/extension/model/request/ServiceClassSourceRequest
instanceKlass io/ballerina/servicemodelgenerator/extension/model/request/ServiceModifierRequest
instanceKlass io/ballerina/servicemodelgenerator/extension/model/request/AddFieldRequest
instanceKlass io/ballerina/servicemodelgenerator/extension/model/request/ServiceSourceRequest
instanceKlass io/ballerina/servicemodelgenerator/extension/model/request/ServiceModelRequest
instanceKlass io/ballerina/servicemodelgenerator/extension/model/request/ClassFieldModifierRequest
instanceKlass io/ballerina/servicemodelgenerator/extension/model/request/ServiceInitSourceRequest
instanceKlass io/ballerina/servicemodelgenerator/extension/model/request/CommonModelFromSourceRequest
instanceKlass io/ballerina/servicemodelgenerator/extension/model/request/ListenerDiscoveryRequest
instanceKlass io/ballerina/servicemodelgenerator/extension/model/TriggerBasicInfo
instanceKlass io/ballerina/servicemodelgenerator/extension/model/response/ServiceClassModelResponse
instanceKlass io/ballerina/servicemodelgenerator/extension/model/request/ClassModelFromSourceRequest
instanceKlass io/ballerina/servicemodelgenerator/extension/model/request/FunctionSourceRequest
instanceKlass io/ballerina/servicemodelgenerator/extension/model/request/ListenerSourceRequest
instanceKlass io/ballerina/servicemodelgenerator/extension/model/response/TriggerResponse
instanceKlass io/ballerina/servicemodelgenerator/extension/model/request/TriggerRequest
instanceKlass io/ballerina/servicemodelgenerator/extension/model/request/FunctionModifierRequest
instanceKlass io/ballerina/servicemodelgenerator/extension/model/request/TypesRequest
instanceKlass io/ballerina/servicemodelgenerator/extension/model/response/CommonSourceResponse
instanceKlass io/ballerina/servicemodelgenerator/extension/model/request/ListenerModifierRequest
instanceKlass io/ballerina/flowmodelgenerator/extension/request/GetAllLibrariesRequest
instanceKlass io/ballerina/flowmodelgenerator/extension/request/GetSelectedLibrariesRequest
instanceKlass io/ballerina/flowmodelgenerator/extension/request/GetToolsRequest
instanceKlass io/ballerina/flowmodelgenerator/extension/request/GenToolRequest
instanceKlass io/ballerina/flowmodelgenerator/extension/request/GetToolRequest
instanceKlass io/ballerina/flowmodelgenerator/extension/request/GetModelsRequest
instanceKlass io/ballerina/flowmodelgenerator/extension/request/GetAiModuleOrgRequest
instanceKlass io/ballerina/flowmodelgenerator/extension/request/GetAllMemoryManagersRequest
instanceKlass io/ballerina/flowmodelgenerator/extension/request/McpToolsRequest
instanceKlass io/ballerina/flowmodelgenerator/extension/request/GetAllModelsRequest
instanceKlass io/ballerina/flowmodelgenerator/extension/request/GetAllAgentsRequest
instanceKlass io/ballerina/flowmodelgenerator/extension/request/GetConnectorActionsRequest
instanceKlass io/ballerina/flowmodelgenerator/extension/request/CreateFilesRequest
instanceKlass io/ballerina/flowmodelgenerator/extension/request/OpenAPIClientGenerationRequest
instanceKlass io/ballerina/flowmodelgenerator/extension/request/OpenAPIGeneratedModulesRequest
instanceKlass io/ballerina/flowmodelgenerator/extension/request/OpenAPIClientDeleteRequest
instanceKlass io/ballerina/flowmodelgenerator/extension/TypesManagerService$CacheKey
instanceKlass io/ballerina/flowmodelgenerator/extension/request/UpdatedRecordConfigRequest
instanceKlass io/ballerina/flowmodelgenerator/extension/request/FindTypeRequest$TypePackageInfo
instanceKlass io/ballerina/flowmodelgenerator/extension/request/RecordValueGenerateRequest
instanceKlass io/ballerina/flowmodelgenerator/extension/request/JsonToTypeRequest
instanceKlass io/ballerina/flowmodelgenerator/extension/request/DeleteTypeRequest
instanceKlass io/ballerina/flowmodelgenerator/extension/request/VerifyTypeDeleteRequest
instanceKlass io/ballerina/flowmodelgenerator/extension/request/FindTypeRequest
instanceKlass io/ballerina/flowmodelgenerator/extension/request/RecordConfigRequest
instanceKlass io/ballerina/flowmodelgenerator/extension/request/TypeUpdateRequest
instanceKlass io/ballerina/flowmodelgenerator/extension/request/MultipleTypeUpdateRequest
instanceKlass io/ballerina/flowmodelgenerator/extension/request/GetTypeRequest
instanceKlass io/ballerina/flowmodelgenerator/extension/request/DataMapperConvertRequest
instanceKlass io/ballerina/flowmodelgenerator/extension/request/DataMapperDeleteSubMappingRequest
instanceKlass io/ballerina/flowmodelgenerator/extension/request/DataMapperClausePositionRequest
instanceKlass io/ballerina/flowmodelgenerator/extension/request/DataMapperSubMappingSourceRequest
instanceKlass io/ballerina/flowmodelgenerator/extension/request/DataMappingDeleteRequest
instanceKlass io/ballerina/flowmodelgenerator/extension/request/DataMapperFieldPositionRequest
instanceKlass io/ballerina/flowmodelgenerator/extension/request/DataMapperSubMappingRequest
instanceKlass io/ballerina/flowmodelgenerator/extension/request/DataMapperCustomFunctionRequest
instanceKlass io/ballerina/flowmodelgenerator/extension/request/DataMapperTargetFieldPositionRequest
instanceKlass io/ballerina/flowmodelgenerator/extension/request/DataMapperAddClausesRequest
instanceKlass io/ballerina/flowmodelgenerator/extension/request/DataMapperDeleteClauseRequest
instanceKlass io/ballerina/flowmodelgenerator/extension/request/DataMapperVisualizeRequest
instanceKlass io/ballerina/flowmodelgenerator/extension/request/DataMapperAddElementRequest
instanceKlass io/ballerina/flowmodelgenerator/extension/request/DataMapperNodePositionRequest
instanceKlass io/ballerina/flowmodelgenerator/extension/request/DataMapperTransformFunctionRequest
instanceKlass io/ballerina/flowmodelgenerator/extension/request/DataMapperQueryConvertRequest
instanceKlass io/ballerina/flowmodelgenerator/extension/request/DataMapperSourceRequest
instanceKlass io/ballerina/flowmodelgenerator/extension/request/DataMapperModelRequest
instanceKlass io/ballerina/flowmodelgenerator/extension/request/DataMapperTypesRequest
instanceKlass io/ballerina/flowmodelgenerator/core/model/Property
instanceKlass io/ballerina/flowmodelgenerator/extension/request/ConfigVariableGetRequest
instanceKlass io/ballerina/flowmodelgenerator/extension/request/ConfigVariableNodeTemplateRequest
instanceKlass io/ballerina/flowmodelgenerator/extension/request/ConfigVariableUpdateRequest
instanceKlass io/ballerina/flowmodelgenerator/extension/request/ConfigVariableDeleteRequest
instanceKlass io/ballerina/flowmodelgenerator/core/model/FlowNode
instanceKlass io/ballerina/flowmodelgenerator/core/expressioneditor/services/DiagnosticsRequest$Diagnostics
instanceKlass io/ballerina/flowmodelgenerator/extension/request/VisibleVariableTypeRequest
instanceKlass io/ballerina/flowmodelgenerator/extension/request/ImportModuleRequest
instanceKlass io/ballerina/flowmodelgenerator/extension/request/FunctionCallTemplateRequest
instanceKlass io/ballerina/flowmodelgenerator/extension/request/ExpressionEditorSemanticTokensRequest
instanceKlass io/ballerina/flowmodelgenerator/extension/request/ExpressionEditorDiagnosticsRequest
instanceKlass io/ballerina/flowmodelgenerator/extension/request/ExpressionEditorCompletionRequest
instanceKlass io/ballerina/flowmodelgenerator/extension/request/ExpressionEditorSignatureRequest
instanceKlass io/ballerina/flowmodelgenerator/extension/request/ExpressionEditorTypesRequest
instanceKlass io/ballerina/flowmodelgenerator/extension/request/CopilotContextRequest
instanceKlass io/ballerina/flowmodelgenerator/extension/request/FunctionDefinitionRequest
instanceKlass io/ballerina/flowmodelgenerator/extension/request/FlowModelGeneratorRequest
instanceKlass io/ballerina/flowmodelgenerator/extension/request/FlowNodeDeleteRequest
instanceKlass io/ballerina/flowmodelgenerator/extension/request/FlowModelNodeTemplateRequest
instanceKlass io/ballerina/flowmodelgenerator/extension/request/ServiceFieldNodesRequest
instanceKlass io/ballerina/flowmodelgenerator/extension/request/ComponentDeleteRequest
instanceKlass io/ballerina/flowmodelgenerator/extension/request/FilePathRequest
instanceKlass io/ballerina/flowmodelgenerator/extension/request/EnclosedFuncDefRequest
instanceKlass io/ballerina/flowmodelgenerator/extension/request/SuggestedComponentRequest
instanceKlass io/ballerina/flowmodelgenerator/extension/request/SearchNodesRequest
instanceKlass io/ballerina/flowmodelgenerator/extension/request/FlowModelSuggestedGenerationRequest
instanceKlass io/ballerina/flowmodelgenerator/extension/request/FlowModelAvailableNodesRequest
instanceKlass io/ballerina/flowmodelgenerator/extension/request/FlowModelSourceGeneratorRequest
instanceKlass io/ballerina/flowmodelgenerator/extension/request/SearchRequest
instanceKlass io/ballerina/copilotagent/extension/request/SemanticDiffRequest
instanceKlass io/ballerina/projectservice/extension/response/ImportTibcoResponse
instanceKlass io/ballerina/projectservice/extension/request/ImportTibcoRequest
instanceKlass io/ballerina/projectservice/extension/response/MigrationToolListResponse
instanceKlass io/ballerina/projectservice/extension/response/ImportMuleResponse
instanceKlass io/ballerina/projectservice/extension/request/ImportMuleRequest
instanceKlass io/ballerina/designmodelgenerator/extension/request/ArtifactsRequest
instanceKlass io/ballerina/designmodelgenerator/extension/request/GetDesignModelRequest
instanceKlass io/ballerina/designmodelgenerator/extension/request/ProjectInfoRequest
instanceKlass org/ballerinalang/langserver/extensions/ballerina/runner/BallerinaRunnerService$MainFunctionParamsResponse
instanceKlass java/lang/reflect/Executable$ParameterData
instanceKlass io/ballerina/servicemodelgenerator/extension/model/TriggerProperty
instanceKlass io/ballerina/projectservice/core/MigrationToolParameter
instanceKlass io/ballerina/projectservice/core/MigrationTool
instanceKlass java/lang/reflect/Proxy$ProxyBuilder$ProxyClassContext
instanceKlass io/ballerina/trigger/BallerinaTriggerService$InBuiltTrigger
instanceKlass java/security/SecureClassLoader$CodeSourceKey
instanceKlass jdk/internal/reflect/ReflectionFactory$Config
instanceKlass jdk/internal/foreign/abi/UpcallLinker$CallRegs
instanceKlass jdk/internal/foreign/abi/VMStorage
ciInstanceKlass java/lang/Record 1 1 22 10 7 12 1 1 1 100 1 1 1 1 1 1 1 1 1 1 1 1 1 1
instanceKlass java/lang/IncompatibleClassChangeError
instanceKlass java/lang/BootstrapMethodError
instanceKlass java/lang/NoClassDefFoundError
ciInstanceKlass java/lang/LinkageError 1 1 31 10 7 12 1 1 1 10 12 1 10 12 1 100 1 1 1 1 5 0 1 1 1 1 1 1 1 1 1 1 1
ciInstanceKlass java/lang/NoClassDefFoundError 0 0 26 10 100 12 1 1 1 10 12 1 100 1 1 1 1 5 0 1 1 1 1 1 1 1 1 1
ciInstanceKlass java/lang/ClassCastException 1 1 26 10 100 12 1 1 1 10 12 1 100 1 1 1 1 5 0 1 1 1 1 1 1 1 1 1
ciInstanceKlass java/lang/ArrayStoreException 1 1 26 10 100 12 1 1 1 10 12 1 100 1 1 1 1 5 0 1 1 1 1 1 1 1 1 1
instanceKlass java/lang/StackOverflowError
instanceKlass java/lang/OutOfMemoryError
instanceKlass java/lang/InternalError
ciInstanceKlass java/lang/VirtualMachineError 1 1 34 10 100 12 1 1 1 10 12 1 10 12 1 10 12 1 100 1 1 1 1 5 0 1 1 1 1 1 1 1 1 1 1 1
ciInstanceKlass java/lang/InternalError 0 0 34 10 100 12 1 1 1 10 12 1 10 12 1 10 12 1 100 1 1 1 1 5 0 1 1 1 1 1 1 1 1 1 1 1
ciInstanceKlass java/lang/OutOfMemoryError 1 1 26 10 100 12 1 1 1 10 12 1 100 1 1 1 1 5 0 1 1 1 1 1 1 1 1 1
ciInstanceKlass java/lang/StackOverflowError 1 1 26 10 100 12 1 1 1 10 12 1 100 1 1 1 1 5 0 1 1 1 1 1 1 1 1 1
ciInstanceKlass java/lang/IllegalMonitorStateException 1 1 26 10 100 12 1 1 1 10 12 1 100 1 1 1 1 5 0 1 1 1 1 1 1 1 1 1
instanceKlass java/lang/ref/PhantomReference
instanceKlass java/lang/ref/FinalReference
instanceKlass java/lang/ref/WeakReference
instanceKlass java/lang/ref/SoftReference
ciInstanceKlass java/lang/ref/Reference 1 1 190 9 7 12 1 1 1 9 7 12 1 1 10 12 1 1 10 12 1 1 9 12 1 1 10 12 1 1 9 12 1 1 9 12 1 1 7 1 10 12 1 10 7 12 1 1 10 12 1 10 12 1 1 10 12 1 7 1 8 1 10 12 1 1 7 1 10 12 1 1 10 12 1 1 10 12 1 9 12 1 10 12 1 1 10 12 1 10 12 1 9 12 1 100 1 100 1 10 12 9 12 1 9 12 1 100 1 10 10 12 1 10 10 7 12 1 1 7 1 10 10 7 12 1 1 1 1 1 1 1 1 1 1 1 1 1 1 1 1 1 1 1 100 1 1 1 100 1 1 1 1 1 1 1 1 1 1 1 1 1 1 1 1 1 1 1 1 1 1 1 1 1 1 1 1 1 1 1 1 1 1 1 100 1 100 1 100 1 1 1
staticfield java/lang/ref/Reference processPendingLock Ljava/lang/Object; java/lang/Object
staticfield java/lang/ref/Reference $assertionsDisabled Z 1
instanceKlass java/util/ResourceBundle$BundleReference
instanceKlass sun/util/locale/provider/LocaleResources$ResourceReference
instanceKlass sun/util/resources/Bundles$BundleReference
instanceKlass sun/util/locale/LocaleObjectCache$CacheEntry
instanceKlass java/lang/invoke/LambdaFormEditor$Transform
ciInstanceKlass java/lang/ref/SoftReference 1 1 47 10 7 12 1 1 1 9 7 12 1 1 1 9 12 1 10 12 1 10 12 1 1 1 1 1 1 1 1 1 1 1 1 1 1 1 1 1 1 1 1 100 1 1 1 1 1
instanceKlass java/util/ResourceBundle$KeyElementReference
instanceKlass java/lang/WeakPairMap$WeakRefPeer
instanceKlass java/lang/ClassValue$Entry
instanceKlass java/util/logging/LogManager$LoggerWeakRef
instanceKlass jdk/internal/util/WeakReferenceKey
instanceKlass java/util/logging/Level$KnownLevel
instanceKlass java/lang/ThreadLocal$ThreadLocalMap$Entry
instanceKlass java/util/WeakHashMap$Entry
ciInstanceKlass java/lang/ref/WeakReference 1 1 31 10 7 12 1 1 1 10 12 1 100 1 1 1 1 1 1 1 1 1 1 1 1 1 1 1 1 1 1 1 1
instanceKlass java/lang/ref/Finalizer
ciInstanceKlass java/lang/ref/FinalReference 1 1 50 10 100 12 1 1 1 10 100 12 1 1 1 10 12 1 1 100 1 8 1 10 12 1 1 1 1 1 1 1 1 1 1 1 1 1 1 1 1 1 1 1 1 1 1 1 1 1 100 1
instanceKlass jdk/internal/ref/PhantomCleanable
instanceKlass jdk/internal/ref/Cleaner
ciInstanceKlass java/lang/ref/PhantomReference 1 1 39 10 100 12 1 1 1 10 7 12 1 1 1 1 1 1 1 1 1 1 1 1 1 1 1 1 1 1 1 1 1 1 1 1 1 1 1 1 1
ciInstanceKlass java/lang/ref/Finalizer 1 1 155 9 7 12 1 1 1 10 100 12 1 1 1 9 12 1 1 9 12 1 1 9 12 1 9 12 1 9 12 1 1 10 12 1 100 1 8 1 10 12 1 10 12 1 1 9 12 1 100 1 10 12 1 100 1 11 100 12 1 1 10 12 1 100 1 10 12 1 100 1 10 12 1 10 100 12 1 1 1 10 100 12 1 1 1 100 1 10 10 12 1 7 1 10 12 1 7 1 10 12 1 1 10 12 1 1 10 12 1 10 7 12 1 1 1 7 1 10 7 1 10 10 12 1 1 1 1 1 1 1 1 1 1 1 1 1 1 1 1 1 1 1 1 1 1 1 1 1 1 1 1 1 1 1 1
staticfield java/lang/ref/Finalizer lock Ljava/lang/Object; java/lang/Object
staticfield java/lang/ref/Finalizer ENABLED Z 1
staticfield java/lang/ref/Finalizer $assertionsDisabled Z 1
ciInstanceKlass java/lang/Runnable 1 0 11 100 1 100 1 1 1 1 1 1 1
instanceKlass java/util/logging/LogManager$Cleaner
instanceKlass jdk/internal/misc/InnocuousThread
instanceKlass java/util/concurrent/ForkJoinWorkerThread
instanceKlass java/lang/ref/Finalizer$FinalizerThread
instanceKlass java/lang/ref/Reference$ReferenceHandler
instanceKlass java/lang/BaseVirtualThread
ciInstanceKlass java/lang/Thread 1 1 870 10 7 12 1 1 1 9 12 1 1 10 7 12 1 1 10 12 1 10 100 12 1 1 100 1 8 1 10 12 1 1 9 12 1 9 12 1 1 9 12 1 1 100 1 10 12 1 1 10 12 1 10 100 12 1 1 1 10 12 9 12 1 1 10 12 1 100 1 10 12 1 100 1 8 1 10 9 100 12 1 1 1 10 12 1 1 10 12 1 1 10 12 1 1 10 12 1 10 12 1 1 3 8 1 100 1 5 0 10 7 12 1 1 1 9 12 1 10 12 1 1 10 7 12 1 1 1 10 7 12 1 1 1 10 12 1 1 10 12 1 1 9 12 1 1 10 100 1 8 1 10 7 1 10 12 1 9 12 1 1 10 100 12 1 1 1 10 10 12 1 1 9 100 12 1 1 1 10 12 1 1 10 12 1 1 10 7 12 1 1 10 12 1 10 12 1 10 7 12 1 1 9 12 1 10 7 12 1 1 1 10 12 1 1 9 12 1 1 9 12 1 1 10 7 12 1 1 1 9 12 1 1 10 100 12 1 1 10 100 12 1 1 1 10 12 1 10 12 1 10 7 12 1 1 9 12 1 8 1 9 7 12 1 1 9 12 1 1 5 0 100 1 10 7 1 10 100 1 10 7 1 10 8 1 10 12 1 1 10 7 12 1 10 12 1 10 12 1 100 1 8 1 10 10 12 1 10 12 1 1 10 100 12 1 1 1 10 100 12 1 1 1 10 12 1 7 1 9 12 1 1 100 1 10 10 12 1 9 12 1 1 10 12 1 1 10 12 1 1 10 12 1 10 12 1 9 12 1 1 10 10 12 1 1 10 12 1 1 11 7 12 1 1 10 100 12 1 1 9 12 1 9 12 1 1 9 12 1 1 10 100 12 1 1 10 12 1 1 9 7 12 1 1 1 10 7 12 1 1 10 12 1 10 12 1 100 1 10 10 12 9 12 1 1 10 12 1 11 100 12 1 1 10 12 1 10 12 1 10 12 1 9 12 1 10 10 12 1 10 12 1 1 9 12 1 9 12 10 12 1 8 1 10 12 1 10 12 1 10 12 1 10 12 1 10 12 1 1 10 12 1 10 12 1 1 10 12 1 10 12 1 10 12 1 10 12 1 10 12 1 1 9 7 12 1 1 1 8 1 10 9 12 1 10 12 1 100 1 8 1 10 10 12 1 8 1 10 12 1 1 9 12 10 12 8 1 10 10 12 1 10 12 1 8 1 10 12 1 10 8 1 10 100 12 1 1 10 12 1 1 100 1 8 1 10 9 12 1 9 12 1 1 10 12 1 1 10 10 12 1 10 12 1 100 10 7 12 1 1 1 9 12 1 10 12 1 1 10 12 1 1 10 100 12 1 1 1 11 100 12 1 1 1 9 100 12 1 1 1 10 100 12 1 1 1 100 1 10 12 1 100 1 10 12 1 10 12 1 1 10 12 1 1 8 1 9 12 1 10 12 1 10 12 1 1 11 100 12 1 1 1 10 12 1 1 1 1 3 1 3 1 3 1 3 1 1 1 1 1 1 1 1 1 1 1 1 1 1 1 1 1 1 1 1 1 100 1 1 1 1 1 1 1 1 1 1 1 1 1 1 1 1 1 1 1 1 1 1 100 1 1 1 1 1 1 1 1 1 1 1 1 1 1 1 1 100 1 100 1 1 1 1 1 1 1 1 1 1 1 1 1 1 1 1 1 1 1 1 1 1 1 1 1 1 1 1 1 1 1 1 1 1 1 1 1 1 1 1 1 1 1 1 1 1 1 1 1 1 1 1 1 1 1 1 1 1 1 1 1 1 1 1 1 1 1 1 1 1 1 1 1 1 1 1 100 100 1 1 1 1 1 1 1 1 1 1 1 1 1 1 1 1 1 1 1 1 1 1 1 1 1 1 100 1 100 1 100 1 100 1 100 1 1 100 1 1 1 1 1 1 1 1 1 1 1 1 1 1 1
staticfield java/lang/Thread NEW_THREAD_BINDINGS Ljava/lang/Object; java/lang/Class
staticfield java/lang/Thread EMPTY_STACK_TRACE [Ljava/lang/StackTraceElement; 0 [Ljava/lang/StackTraceElement;
ciInstanceKlass java/lang/Thread$FieldHolder 1 1 48 10 7 12 1 1 1 9 7 12 1 1 1 9 12 1 1 9 12 1 1 9 12 1 1 9 12 1 1 1 1 1 1 1 1 1 1 100 1 100 1 1 1 1 100 1 1 1
ciInstanceKlass java/lang/Thread$Constants 1 1 59 100 1 10 100 12 1 1 1 7 1 10 10 7 12 1 1 1 7 1 8 1 10 12 1 9 7 12 1 1 1 7 1 7 1 10 12 1 10 12 1 9 12 1 1 1 1 1 1 1 1 1 1 1 1 1 1 1 1
staticfield java/lang/Thread$Constants VTHREAD_GROUP Ljava/lang/ThreadGroup; java/lang/ThreadGroup
staticfield java/lang/Thread$Constants NO_PERMISSIONS_ACC Ljava/security/AccessControlContext; java/security/AccessControlContext
ciInstanceKlass java/lang/Thread$UncaughtExceptionHandler 1 0 16 100 1 100 1 1 1 1 1 1 1 1 100 1 1 1
ciInstanceKlass java/lang/ThreadGroup 1 1 411 10 7 12 1 1 1 9 7 12 1 1 1 8 1 9 12 1 1 100 1 9 12 1 1 9 12 1 1 10 7 12 1 1 1 10 12 1 1 10 12 1 10 12 1 10 12 1 10 12 1 1 10 12 1 1 10 12 1 10 12 1 1 10 12 1 10 12 1 10 100 12 1 1 1 10 12 1 1 18 12 1 1 11 100 12 1 1 1 10 7 12 1 1 1 10 100 12 1 10 12 1 1 10 12 1 1 10 12 1 1 10 100 12 1 1 1 10 12 1 11 12 1 1 11 100 12 1 1 11 12 1 1 10 12 1 1 10 12 1 10 12 1 11 12 1 11 12 1 1 100 1 10 10 12 1 100 1 10 18 12 1 1 11 100 12 1 1 1 11 12 1 1 9 12 1 1 10 12 1 1 8 1 10 100 12 1 1 1 10 100 12 1 1 1 10 12 1 1 11 12 10 12 1 1 10 12 1 1 11 100 1 9 12 1 100 1 10 8 1 10 12 1 1 10 12 1 1 8 1 10 12 1 10 100 12 1 1 1 10 12 1 1 10 7 1 8 1 10 8 1 10 12 1 10 12 1 8 1 9 12 1 1 9 12 1 10 100 12 1 1 1 100 9 12 1 1 7 1 9 12 1 10 12 10 12 1 1 100 10 12 9 12 1 10 12 1 100 1 10 11 12 1 1 100 1 10 10 12 1 10 12 1 1 1 1 1 1 1 1 1 1 1 1 1 1 1 1 1 1 3 1 1 1 1 1 1 1 1 1 1 1 1 100 1 1 1 1 1 1 1 1 1 1 1 1 1 1 1 1 1 1 1 1 1 1 1 1 1 1 1 1 1 1 1 1 1 1 1 1 1 1 1 1 1 1 1 16 15 10 12 16 16 15 10 12 16 15 10 100 12 1 1 1 1 1 100 1 100 1 1
staticfield java/lang/ThreadGroup $assertionsDisabled Z 1
instanceKlass java/lang/ThreadBuilders$BoundVirtualThread
instanceKlass java/lang/VirtualThread
ciInstanceKlass java/lang/BaseVirtualThread 1 1 36 10 7 12 1 1 1 100 1 1 1 1 1 1 1 1 1 1 1 1 1 1 1 1 1 1 1 1 100 1 100 1 1 100 1 1
ciInstanceKlass java/lang/VirtualThread 1 1 907 9 7 12 1 1 1 10 7 12 1 1 1 10 7 12 1 1 1 10 7 12 1 1 1 9 12 1 1 9 12 1 1 7 1 10 12 1 9 12 1 1 18 12 1 1 9 12 1 1 10 12 1 1 100 1 10 12 1 10 12 1 1 10 12 1 1 10 12 1 1 10 12 1 10 100 12 1 10 12 1 10 12 1 10 12 1 10 12 1 11 100 12 1 1 1 100 1 10 12 1 1 10 100 12 1 1 1 10 7 12 1 1 1 10 12 1 100 1 10 10 12 1 10 12 1 1 9 12 1 1 10 12 1 1 9 12 1 1 10 12 1 9 12 1 1 9 12 1 100 1 10 10 12 1 10 100 12 1 1 10 9 10 10 12 1 1 10 12 1 1 10 100 12 1 1 10 100 1 10 9 10 10 12 1 100 1 10 12 1 1 10 12 1 10 12 1 10 12 1 1 9 12 1 10 12 1 10 12 1 9 12 1 1 10 12 1 10 12 1 9 12 1 1 10 12 1 10 12 1 10 12 1 11 100 12 1 1 10 12 1 1 10 12 1 1 10 12 1 1 9 12 1 10 100 1 10 12 1 1 10 12 1 1 10 12 1 10 12 1 10 12 1 10 12 9 12 1 1 10 100 12 1 1 10 12 1 10 12 1 1 10 100 12 1 1 10 12 1 100 1 8 1 10 12 1 10 12 1 1 10 12 1 10 12 1 10 100 12 1 1 10 12 1 10 12 1 1 10 12 1 10 12 1 1 10 7 12 1 1 10 12 1 1 10 12 1 1 100 1 10 10 12 1 100 1 9 12 1 1 10 7 12 1 1 10 9 12 1 1 18 9 7 12 1 1 1 11 100 12 1 1 1 11 100 1 11 12 10 12 1 10 12 1 1 10 12 1 100 1 10 10 12 1 10 12 1 1 10 12 1 1 10 12 1 10 12 1 10 12 1 9 12 1 1 11 100 12 1 1 10 12 9 100 12 1 1 1 9 12 1 10 12 1 1 9 12 1 9 12 1 9 12 1 100 1 10 10 12 1 1 10 12 1 10 12 100 1 100 1 10 8 1 10 12 1 1 10 12 1 10 12 1 10 10 12 1 8 1 10 10 12 1 10 12 1 10 100 12 1 1 8 1 8 1 10 9 100 12 1 1 1 10 12 1 1 10 12 1 10 10 10 12 9 12 1 10 12 1 1 9 12 1 10 12 1 1 9 12 1 10 12 1 1 18 12 1 1 18 12 1 10 7 12 1 1 1 8 1 10 7 12 1 1 1 10 7 12 1 1 1 18 12 1 10 7 12 1 1 1 7 1 10 12 1 8 1 10 12 1 8 1 10 12 1 1 8 1 8 1 10 100 12 1 1 8 1 10 12 1 8 1 8 1 10 7 12 1 1 1 10 12 1 10 12 1 1 10 12 1 18 12 1 1 18 12 1 1 5 0 9 12 1 10 12 1 18 12 1 100 1 10 12 10 7 12 1 1 10 12 1 1 7 1 8 1 10 10 12 1 10 12 1 1 10 12 1 9 12 1 8 10 12 1 1 8 8 9 12 1 8 10 12 1 1 3 1 3 1 3 1 3 1 3 1 3 1 3 1 3 1 3 1 3 1 3 1 3 3 1 3 1 1 1 1 1 1 1 1 1 1 1 1 1 1 100 1 1 1 1 1 1 1 1 1 1 1 1 1 1 100 1 1 1 1 1 1 1 1 1 1 1 100 1 1 1 1 1 1 1 1 1 1 1 1 1 1 1 1 1 1 1 1 1 1 1 1 1 1 1 1 1 1 1 1 1 1 1 1 1 1 1 100 1 1 1 1 1 1 1 1 1 1 1 1 1 1 1 1 1 1 1 1 1 1 1 1 1 1 1 1 1 1 1 1 1 1 1 100 1 1 1 1 1 1 1 1 1 1 1 1 1 1 100 1 1 16 15 10 12 15 16 15 10 12 16 15 10 12 16 16 15 10 12 16 15 10 12 16 15 10 12 16 15 10 12 16 1 15 10 7 12 1 1 1 1 1 1 1 100 1 1 100 1 100 1 1
staticfield java/lang/VirtualThread U Ljdk/internal/misc/Unsafe; jdk/internal/misc/Unsafe
staticfield java/lang/VirtualThread VTHREAD_SCOPE Ljdk/internal/vm/ContinuationScope; jdk/internal/vm/ContinuationScope
staticfield java/lang/VirtualThread DEFAULT_SCHEDULER Ljava/util/concurrent/ForkJoinPool; java/util/concurrent/ForkJoinPool
staticfield java/lang/VirtualThread UNPARKER Ljava/util/concurrent/ScheduledExecutorService; java/util/concurrent/ScheduledThreadPoolExecutor
staticfield java/lang/VirtualThread TRACE_PINNING_MODE I 0
staticfield java/lang/VirtualThread STATE J 116
staticfield java/lang/VirtualThread PARK_PERMIT J 120
staticfield java/lang/VirtualThread CARRIER_THREAD J 136
staticfield java/lang/VirtualThread TERMINATION J 140
staticfield java/lang/VirtualThread $assertionsDisabled Z 1
ciInstanceKlass java/lang/ThreadBuilders$BoundVirtualThread 0 0 132 10 100 12 1 1 1 9 100 12 1 1 1 10 100 12 1 1 1 9 12 1 1 10 12 1 1 10 12 1 1 9 12 1 1 10 100 12 1 1 1 10 12 1 1 100 1 8 1 10 12 1 10 12 1 1 10 12 1 1 10 12 1 1 10 100 12 1 1 1 8 1 10 12 1 8 1 10 12 1 1 10 100 12 1 1 9 100 12 1 1 1 10 12 1 1 10 10 12 1 1 1 1 1 1 1 1 1 1 1 1 1 1 1 1 1 1 1 1 1 1 1 1 1 1 1 1 100 1 1 1 1
ciInstanceKlass java/util/Map 1 1 263 11 7 12 1 1 1 11 12 1 1 10 100 12 1 1 11 12 1 1 11 7 12 1 1 1 11 100 12 1 1 1 11 12 1 1 7 1 11 12 1 11 12 1 100 1 100 1 10 12 1 1 11 100 12 1 1 1 11 100 12 1 1 1 11 12 1 11 12 1 10 12 1 1 11 12 1 11 100 12 1 9 7 12 1 1 1 100 1 10 12 7 1 7 1 10 12 1 7 1 10 7 1 11 12 1 11 12 1 1 11 12 1 1 7 1 11 12 1 1 1 1 1 1 1 1 1 1 1 1 1 1 1 1 1 1 1 1 1 1 1 1 1 1 1 1 1 1 1 1 1 1 1 1 1 1 1 1 1 1 1 1 1 1 1 1 1 1 1 1 1 1 1 1 1 1 1 1 1 1 1 1 1 1 1 1 1 1 1 1 1 1 1 1 1 1 1 1 1 1 1 1 1 1 1 1 1 1 1 1 1 1 1 1 1 1 1 1 1 1 1 1 1 1 1 1 1 1 1 1 1 1 1 1 1 1 1 1 1 1 1 1 1 1 100 1 1 1 1 1 1 1 1 1 1 1 1 1 1 1 1 1 1
instanceKlass java/util/Hashtable
ciInstanceKlass java/util/Dictionary 1 1 36 10 7 12 1 1 1 100 1 1 1 1 1 1 1 1 1 1 1 1 1 1 1 1 1 1 1 1 1 1 1 1 1 1 1 1
instanceKlass java/util/Properties
ciInstanceKlass java/util/Hashtable 1 1 516 100 1 10 7 12 1 1 1 9 7 12 1 1 1 100 1 100 1 10 8 1 10 12 1 1 10 12 1 10 12 1 1 10 12 1 10 7 12 1 1 1 8 1 10 12 1 9 12 1 1 7 1 9 12 1 1 4 10 7 12 1 1 1 9 12 1 4 10 12 1 11 100 12 1 1 1 10 12 1 1 10 12 1 1 9 12 1 10 12 1 1 100 1 10 9 12 1 1 10 7 12 1 1 1 9 12 1 1 10 12 1 10 12 1 3 9 12 1 9 12 1 3 10 12 1 10 12 1 10 12 1 1 11 12 1 1 11 100 12 1 1 1 11 100 12 1 1 1 11 12 1 100 1 11 12 1 11 12 1 10 12 1 1 10 12 1 1 10 12 1 9 12 1 1 9 12 9 12 1 1 10 100 1 100 1 10 12 1 10 8 1 10 10 12 1 8 1 10 8 1 10 100 12 1 1 1 7 1 10 12 1 10 12 1 100 1 10 12 1 10 12 1 1 100 1 10 100 1 10 10 12 1 1 11 12 1 1 11 12 1 100 1 10 10 10 100 12 1 1 11 100 12 1 1 1 100 1 10 11 100 12 1 1 11 100 12 1 10 12 1 10 12 1 1 10 100 12 1 1 10 12 1 1 10 12 1 1 10 12 1 1 10 100 12 1 1 1 8 10 100 12 1 1 100 1 8 1 10 4 4 10 12 1 1 10 12 1 8 1 4 10 12 10 100 12 1 1 1 100 1 11 100 12 1 1 1 10 100 12 1 1 1 10 12 1 10 12 1 1 10 100 1 100 1 1 1 1 1 1 5 0 1 1 1 1 1 3 1 3 1 3 1 1 1 1 1 1 1 1 1 1 1 1 1 1 1 1 1 1 1 1 1 1 1 1 1 100 1 1 1 1 1 1 1 1 1 1 1 1 1 1 1 1 1 1 1 1 1 1 1 1 1 1 1 1 1 100 1 1 1 1 1 1 1 1 1 1 1 1 1 1 100 1 1 1 1 1 1 1 1 1 1 1 1 1 1 1 1 1 1 1 1 1 1 1 1 1 1 1 1 1 1 1 1 1 1 1 1 1 1 1 1 1 1 1 1 100 1 1 1 100 1 1 1 1 1 100 1 1 1 1 1 1 1 1 1 1 1 1 1 1 1 1 1 1
instanceKlass java/security/Provider
ciInstanceKlass java/util/Properties 1 1 690 10 7 12 1 1 1 100 1 10 7 12 1 1 7 1 10 12 1 9 12 1 1 9 12 1 1 9 12 1 1 10 7 12 1 1 1 10 12 1 1 8 1 10 7 12 1 1 1 7 1 10 12 1 10 12 1 1 8 1 10 12 1 7 1 10 12 10 12 1 1 9 12 1 1 10 12 1 1 7 1 10 12 1 10 12 1 10 12 1 1 100 1 8 1 10 12 1 10 12 1 10 12 1 1 10 12 1 100 1 3 10 10 100 12 1 1 1 10 12 1 10 12 1 1 8 1 10 12 1 10 12 1 1 8 1 10 100 12 1 1 10 12 1 1 10 12 1 10 12 1 1 100 1 10 12 1 10 12 1 1 100 1 9 100 12 1 1 1 10 12 1 10 12 1 1 10 12 1 1 10 12 1 1 100 1 9 12 1 1 7 1 100 1 10 12 1 100 1 11 7 12 1 1 1 11 12 1 1 11 100 12 1 1 1 11 7 12 1 1 1 11 12 1 1 11 12 1 11 12 1 10 12 1 1 8 1 10 12 1 10 100 12 1 1 10 12 1 100 1 10 10 12 1 10 12 1 100 1 10 10 12 1 1 10 100 12 1 1 9 100 12 1 1 10 12 1 1 10 100 12 1 1 1 100 1 100 1 100 1 10 8 1 8 1 10 12 1 10 12 1 10 12 1 1 10 10 12 1 1 10 12 1 1 7 1 10 10 12 1 11 7 12 1 1 10 7 12 1 1 1 8 1 10 100 12 1 1 11 11 7 1 8 1 10 100 1 11 10 12 1 10 10 12 1 10 12 1 1 10 12 1 1 10 12 1 1 10 12 1 10 12 1 10 10 12 1 10 12 1 10 12 1 10 10 12 1 1 10 12 1 1 10 10 12 1 10 12 1 10 12 1 10 12 1 10 12 1 1 10 12 1 1 10 12 1 10 12 1 10 12 1 1 10 12 10 12 1 1 10 12 1 1 10 12 1 10 12 1 1 10 12 1 1 10 12 10 11 12 1 4 11 10 12 1 1 10 100 12 1 1 11 12 1 10 12 1 1 10 100 12 1 1 10 12 1 100 1 8 1 10 12 1 10 10 100 12 1 1 1 100 1 6 0 10 12 1 1 11 100 12 1 1 1 10 12 1 10 12 1 1 1 1 1 5 0 1 1 1 1 1 1 1 1 1 1 1 1 1 1 1 1 1 1 1 1 1 1 1 1 1 1 1 1 1 1 1 1 1 1 1 1 1 1 1 100 1 1 1 1 1 1 1 1 1 1 1 1 1 1 1 1 1 1 1 1 100 1 1 1 1 1 1 1 1 1 1 1 1 100 1 100 1 1 1 1 1 100 1 1 1 1 1 1 1 1 1 1 1 1 1 1 1 1 1 1 1 1 1 1 1 1 1 1 1 1 1 1 1 1 1 1 1 1 1 1 1 1 1 1 1 1 1 1 1 1 1 1 1 1 1 1 1 1 1 1 1 1 1 1 1 1 1 1 1 1 1 1 1 1 1 1 1 1 1 100 1 1 1 1 1 1 1 1 1 1 1 100 1 1
staticfield java/util/Properties UNSAFE Ljdk/internal/misc/Unsafe; jdk/internal/misc/Unsafe
ciInstanceKlass java/lang/Module 1 1 1070 10 7 12 1 1 1 9 7 12 1 1 1 10 7 12 1 1 1 9 12 1 9 12 1 1 9 12 1 1 10 12 1 1 10 12 1 10 12 1 1 10 7 12 1 1 1 7 1 10 7 12 1 1 1 10 12 1 1 11 7 12 1 1 1 10 12 1 1 10 7 12 1 1 1 10 12 1 1 10 7 12 1 1 1 9 100 12 1 1 1 10 100 12 1 1 1 10 12 1 8 1 10 7 12 1 1 1 10 7 12 1 1 1 10 7 12 1 1 1 10 12 1 10 12 1 9 12 1 1 10 100 12 1 1 100 1 100 1 10 8 1 10 12 1 1 10 12 1 10 12 10 12 1 10 7 12 1 1 8 1 8 1 10 8 1 8 1 9 12 1 1 8 1 10 100 12 1 1 1 10 12 1 9 12 1 1 11 12 1 9 7 12 1 1 10 7 12 1 1 1 10 100 12 1 1 1 10 12 1 1 8 1 10 12 1 1 10 12 1 10 12 1 1 9 7 12 1 1 1 10 12 1 1 10 12 1 1 9 12 1 10 12 1 10 12 1 9 12 1 1 11 7 12 1 1 10 12 1 1 9 12 1 9 12 1 10 12 1 10 12 1 100 1 8 1 10 10 12 1 1 10 12 1 8 1 10 12 1 1 8 1 8 1 10 12 1 1 10 12 1 10 12 1 1 18 12 1 1 10 12 1 1 11 12 1 9 12 1 11 12 10 100 12 1 1 100 1 8 1 10 11 12 1 1 10 7 12 1 1 1 10 12 1 10 12 1 1 11 12 1 1 11 7 12 1 1 11 12 1 1 9 12 1 11 12 1 10 12 1 1 10 12 1 1 9 12 1 10 12 10 7 12 1 1 10 7 1 18 12 1 1 11 100 12 1 1 1 18 12 1 11 12 1 1 10 100 12 1 1 1 11 12 1 1 10 7 12 1 1 7 1 11 12 1 7 1 7 1 10 12 1 10 7 12 1 1 1 10 11 7 12 1 8 1 10 10 12 1 1 10 7 12 1 1 10 12 1 10 12 1 7 1 10 12 1 10 11 12 1 1 10 12 10 12 1 1 9 12 1 1 100 1 10 10 12 1 1 11 7 1 10 12 1 1 11 12 1 10 10 12 1 11 10 12 1 1 10 12 1 1 10 12 1 1 10 7 12 1 1 10 12 1 10 12 1 1 10 10 12 1 1 10 12 1 18 12 1 11 12 1 18 12 1 10 12 1 10 12 1 10 12 7 1 10 12 1 10 12 1 10 12 1 9 12 1 7 1 10 10 10 10 12 1 10 12 1 10 12 1 10 12 1 1 10 12 1 1 10 12 1 9 12 1 18 12 1 1 10 100 12 1 1 1 100 1 8 1 10 12 1 1 10 12 1 1 10 100 12 1 1 100 1 10 12 1 1 100 1 8 1 10 12 1 1 100 1 11 12 1 1 10 100 12 1 1 1 18 12 1 1 11 100 12 1 1 1 100 1 10 12 1 10 12 1 1 100 1 100 1 10 12 8 1 10 12 1 1 10 12 1 1 10 100 12 1 1 10 12 1 1 10 12 1 10 12 10 12 1 1 100 1 10 10 12 1 1 10 100 12 1 1 1 100 1 10 12 1 1 10 100 12 1 1 8 1 18 12 1 1 100 1 100 1 9 12 1 1 9 12 1 9 12 1 11 100 12 1 1 1 100 1 11 12 1 1 100 1 10 12 1 8 1 10 12 1 10 12 10 12 1 8 1 10 10 100 12 1 1 7 1 10 10 12 1 10 7 12 1 1 9 12 1 9 12 1 9 12 1 9 12 1 10 12 11 12 1 10 12 1 100 1 1 1 1 1 1 1 1 1 1 1 1 1 1 1 1 1 1 1 100 1 1 1 1 1 1 1 1 1 1 1 1 1 1 1 1 1 1 1 1 1 1 1 1 1 1 1 1 1 1 1 1 1 1 1 1 1 1 1 1 1 1 1 1 1 1 1 1 1 1 1 1 1 1 1 1 1 1 1 1 1 1 1 1 1 1 1 1 1 1 1 1 1 1 1 1 1 1 1 1 1 1 1 1 1 1 1 1 1 1 1 1 1 1 1 100 100 1 1 1 1 1 1 1 1 1 1 1 1 1 1 1 1 1 1 1 1 1 1 1 1 1 1 1 100 1 100 1 1 1 1 1 1 1 1 1 1 1 1 1 1 1 1 1 1 1 1 100 1 1 1 1 1 1 1 1 1 1 1 1 1 1 1 1 1 1 1 1 1 1 1 16 15 10 12 16 16 15 10 12 16 16 15 10 16 1 15 10 12 16 1 15 10 12 16 1 16 15 10 12 16 16 1 15 10 12 16 15 10 7 12 1 1 1 15 10 100 12 1 1 1 1 1 1 1 1 1 1 1 100 1 100 1 1 100 1 100 1 1
staticfield java/lang/Module ALL_UNNAMED_MODULE Ljava/lang/Module; java/lang/Module
staticfield java/lang/Module ALL_UNNAMED_MODULE_SET Ljava/util/Set; java/util/ImmutableCollections$Set12
staticfield java/lang/Module EVERYONE_MODULE Ljava/lang/Module; java/lang/Module
staticfield java/lang/Module EVERYONE_SET Ljava/util/Set; java/util/ImmutableCollections$Set12
staticfield java/lang/Module $assertionsDisabled Z 1
instanceKlass java/lang/reflect/Executable
instanceKlass java/lang/reflect/Field
ciInstanceKlass java/lang/reflect/AccessibleObject 1 1 400 10 7 12 1 1 1 9 100 12 1 1 1 10 100 12 1 1 1 10 7 12 1 1 10 7 12 1 1 1 10 7 12 1 1 1 10 12 1 1 10 12 1 1 9 12 1 1 7 1 10 7 12 1 1 1 11 12 1 100 1 10 12 1 7 1 100 1 10 12 1 10 12 1 1 10 12 1 1 10 12 1 1 10 12 1 1 7 1 10 100 12 1 1 1 10 12 1 1 11 10 7 12 1 1 1 10 12 1 1 10 12 1 10 12 1 10 12 1 1 10 12 1 8 1 100 1 100 1 10 10 12 1 1 8 1 10 12 1 10 12 1 8 1 8 1 8 1 8 1 8 1 8 1 8 1 8 1 8 1 100 1 10 12 1 10 12 1 9 12 1 1 10 12 1 1 10 12 1 10 100 1 100 1 8 1 10 8 1 10 12 1 8 1 10 12 1 10 12 1 1 10 100 1 8 1 10 11 7 12 1 1 1 10 12 1 1 10 12 1 1 10 12 1 1 9 12 1 1 100 1 10 12 1 7 1 10 12 1 10 12 1 1 10 100 1 10 12 1 10 12 10 12 1 10 12 1 10 12 1 1 10 12 1 9 12 1 10 100 12 1 1 8 1 10 100 12 1 1 1 8 1 10 100 12 1 1 1 9 12 1 100 1 10 7 1 10 10 7 12 1 1 1 7 1 10 10 7 12 1 1 1 7 1 9 12 1 1 1 1 1 1 1 1 1 1 1 1 1 1 1 1 1 1 1 1 1 1 1 1 1 1 1 1 1 1 1 1 1 1 1 1 1 1 1 1 1 1 1 1 1 1 1 1 1 1 1 1 1 1 1 1 1 1 1 1 1 1 1 1 1 1 1 1 1 1 1 1 1 1 1 1 1 1 1 1 1 1 1 1
staticfield java/lang/reflect/AccessibleObject reflectionFactory Ljdk/internal/reflect/ReflectionFactory; jdk/internal/reflect/ReflectionFactory
ciInstanceKlass java/lang/reflect/Member 1 1 37 100 1 10 12 1 1 100 1 100 1 1 1 1 3 1 3 1 1 1 1 1 1 1 1 1 1 1 1 1 1 1 1 1 1 1 1
ciInstanceKlass java/lang/reflect/Field 1 1 457 9 7 12 1 1 1 10 12 1 1 10 7 12 1 1 1 10 7 12 1 1 9 12 1 1 10 12 1 1 10 12 1 1 10 7 12 1 1 10 7 12 1 1 1 9 12 1 1 9 12 1 9 12 1 9 12 1 1 9 12 1 1 9 12 1 9 12 1 1 9 12 1 1 100 1 8 1 10 12 1 10 12 1 9 12 1 1 9 12 1 10 12 1 10 7 12 1 1 10 12 1 1 10 12 1 1 10 12 1 10 12 1 1 9 100 12 1 1 1 10 100 12 1 1 1 7 1 10 12 1 1 10 12 1 1 10 12 1 1 10 12 1 10 12 1 10 7 1 10 100 12 1 1 100 1 10 8 1 10 12 1 1 10 12 1 1 8 1 10 12 10 12 1 8 1 8 1 10 11 100 1 9 12 1 10 12 1 1 10 12 1 1 11 7 12 1 1 1 10 12 1 11 12 1 1 11 12 1 1 11 12 1 1 11 12 1 1 11 12 1 1 11 12 1 1 11 12 1 1 11 12 1 1 11 12 1 1 11 12 1 1 11 12 1 1 11 12 1 1 11 12 1 1 11 12 1 1 11 12 1 1 11 12 1 1 11 12 1 1 10 12 1 10 100 12 1 1 10 12 1 10 12 1 10 12 1 9 12 1 1 10 7 12 1 1 1 10 12 1 1 10 12 1 10 7 12 1 1 10 12 1 1 11 7 1 10 12 1 100 1 10 100 12 1 1 1 10 7 12 1 1 1 9 12 1 10 7 12 1 1 1 11 7 12 1 1 1 10 12 1 1 10 12 1 1 9 100 12 1 1 10 100 12 1 1 1 10 12 1 1 100 1 1 1 1 1 1 1 1 1 1 1 1 1 1 1 1 1 1 1 1 1 1 1 1 1 1 1 1 1 1 1 1 1 1 1 1 1 1 1 100 1 1 1 1 1 1 1 1 1 1 1 1 1 1 1 1 1 1 1 1 1 1 1 1 1 1 1 1 1 1 1 1 100 1 1 1 1 1 1 1 1 1 100 1 1
ciInstanceKlass java/lang/reflect/Parameter 1 1 243 10 7 12 1 1 1 9 7 12 1 1 1 9 12 1 1 9 12 1 1 9 12 1 10 12 1 1 10 12 1 1 10 7 12 1 1 1 100 1 10 10 12 1 1 11 100 12 1 1 1 10 12 1 10 100 12 1 1 1 10 12 1 1 10 12 1 10 12 1 8 1 8 1 10 100 12 1 1 1 10 12 1 10 12 9 100 12 1 1 1 10 100 12 1 1 1 10 12 1 8 1 10 12 1 9 12 1 1 10 12 1 1 9 12 1 1 10 12 1 1 10 12 1 1 10 12 1 1 10 12 1 10 10 12 1 10 100 12 1 1 1 10 12 1 1 11 100 12 1 1 10 100 12 1 1 100 1 10 100 12 1 1 1 10 12 1 1 10 12 1 1 10 12 1 1 10 12 1 1 9 12 1 100 1 10 11 12 1 1 11 12 1 1 100 1 1 1 1 1 1 1 1 1 1 1 1 1 1 1 1 1 1 1 1 1 1 1 1 1 1 1 1 1 1 1 1 1 1 1 1 1 1 1 1 1 100 1 1 1 1 1 1
instanceKlass java/lang/reflect/Constructor
instanceKlass java/lang/reflect/Method
ciInstanceKlass java/lang/reflect/Executable 1 1 577 10 7 12 1 1 1 10 7 12 1 1 1 10 7 12 1 1 1 11 7 12 1 1 1 10 7 12 1 1 1 10 12 1 1 10 7 12 1 1 1 10 7 12 1 1 1 10 12 1 8 1 10 10 12 1 1 10 12 1 1 10 100 12 1 1 1 18 12 1 1 11 100 12 1 1 1 8 1 8 1 8 1 10 100 12 1 1 1 11 12 1 1 100 1 8 1 8 1 10 12 1 100 1 8 1 10 12 1 8 1 11 100 12 1 1 1 100 1 11 100 12 1 1 1 11 12 1 8 1 18 8 1 10 12 1 10 12 1 1 18 8 1 10 12 1 100 1 10 12 1 10 12 1 11 12 1 10 12 1 1 8 1 8 1 10 12 1 1 10 12 1 1 10 10 12 1 9 100 12 1 1 1 10 100 12 1 1 1 10 12 1 10 12 1 1 10 7 12 1 1 10 12 1 10 12 1 10 12 1 10 12 1 1 10 7 12 1 1 10 12 1 10 12 1 1 9 7 12 1 1 1 10 7 12 1 1 10 12 1 8 1 10 12 1 10 12 1 3 100 1 8 1 10 12 1 10 12 1 10 10 12 1 10 12 1 1 8 1 8 1 8 1 9 12 1 1 9 12 1 10 12 1 100 1 8 1 10 12 1 10 12 1 10 12 1 1 10 12 1 1 10 12 1 10 12 10 12 1 100 1 10 12 1 10 12 1 1 100 1 10 100 12 1 1 1 7 1 10 7 12 1 1 1 10 12 1 1 11 7 12 1 1 10 7 12 1 1 10 100 12 1 1 1 10 12 1 1 9 12 1 10 12 1 1 10 12 1 10 12 1 1 9 100 12 1 1 1 10 100 12 1 1 1 10 12 1 10 12 1 1 9 12 1 10 10 10 10 100 12 1 1 1 10 12 1 9 12 1 10 12 1 1 9 12 1 100 1 100 1 1 1 1 1 1 1 1 1 1 1 1 1 1 1 1 1 1 1 1 1 1 1 1 1 1 1 1 1 1 1 1 1 1 1 1 100 1 1 1 1 1 1 1 1 100 1 1 1 1 1 1 1 1 1 1 1 1 100 1 1 1 1 1 1 1 1 1 1 1 1 1 1 1 1 1 1 1 1 1 1 1 1 1 1 1 1 1 1 1 1 1 1 1 1 1 1 1 1 1 1 1 100 1 1 1 1 1 1 1 1 1 1 1 1 1 1 1 1 1 1 1 1 1 1 100 1 100 1 1 16 15 16 1 16 1 15 10 12 16 15 10 100 12 1 1 1 1 1 1 100 1 1 100 1 100 1 1
ciInstanceKlass java/lang/reflect/Method 1 1 472 9 7 12 1 1 1 10 7 12 1 1 1 10 7 12 1 1 9 12 1 1 10 12 1 1 10 12 1 1 10 7 12 1 1 10 7 12 1 1 1 9 12 1 1 9 12 1 9 12 1 1 9 12 1 9 12 1 9 12 1 1 9 12 1 9 12 1 1 9 12 1 9 12 1 9 12 1 1 100 1 8 1 10 12 1 10 12 1 9 12 1 1 8 1 10 7 12 1 1 10 7 12 1 1 1 10 12 1 1 10 12 1 1 10 12 1 10 12 1 1 10 12 1 1 9 100 12 1 1 1 10 12 1 1 10 12 10 7 12 1 1 10 12 1 1 10 12 1 10 12 1 10 12 1 10 7 12 1 1 1 10 12 1 1 10 7 1 10 100 12 1 1 1 10 7 12 1 1 10 12 1 1 10 12 1 1 10 12 1 10 7 12 1 1 1 10 12 1 10 8 1 10 12 1 10 12 1 7 1 8 1 8 1 8 1 10 12 1 10 12 1 1 10 12 1 1 10 10 12 1 1 10 12 1 11 100 1 10 12 1 9 12 1 1 10 12 1 1 10 12 1 10 12 1 1 10 12 1 1 11 7 12 1 1 1 11 12 1 9 12 1 1 10 12 1 10 12 1 10 12 1 10 12 1 10 12 1 10 12 1 9 12 1 1 10 7 12 1 1 1 10 7 12 1 1 10 12 1 1 10 7 12 1 1 1 10 7 12 1 1 1 10 7 12 1 1 1 11 7 12 1 1 1 10 7 12 1 1 1 7 1 100 1 100 1 10 12 1 10 12 1 1 10 12 1 100 1 8 1 10 12 1 10 10 12 1 1 10 12 1 1 10 12 1 1 10 12 1 1 8 1 10 12 1 1 1 1 1 1 1 1 1 1 1 1 1 1 1 1 1 1 1 1 1 1 1 1 1 1 1 1 1 1 1 1 1 1 1 1 1 1 1 1 1 1 1 1 1 1 1 1 1 1 1 1 1 100 1 100 1 100 1 1 1 1 1 1 1 1 1 1 1 1 1 1 1 1 1 1 1 1 1 1 1 1 1 1 1 1 1 1
ciInstanceKlass java/lang/reflect/Constructor 1 1 439 10 100 12 1 1 1 10 100 12 1 1 9 7 12 1 1 1 10 12 1 1 10 12 1 1 10 100 12 1 1 9 12 1 1 10 7 12 1 1 1 9 12 1 1 9 12 1 1 9 12 1 9 12 1 1 9 12 1 9 12 1 1 9 12 1 1 9 12 1 100 1 8 1 10 12 1 10 12 1 9 12 1 1 10 7 12 1 1 10 7 12 1 1 1 10 12 1 1 10 12 1 1 10 12 1 7 1 100 1 8 1 10 10 12 1 10 12 1 10 12 1 1 10 12 1 1 9 100 12 1 1 1 10 7 12 1 1 10 12 1 1 10 12 1 10 12 1 1 10 100 12 1 1 1 10 100 12 1 1 10 12 1 1 10 12 1 10 100 12 1 1 1 8 1 10 10 12 1 100 1 8 1 10 12 1 10 12 1 1 10 12 1 1 10 12 1 10 12 1 10 12 1 1 10 12 1 1 9 12 1 1 10 12 1 1 10 12 1 1 10 12 1 1 11 7 12 1 1 1 10 12 1 1 10 12 1 10 12 1 10 12 1 8 1 9 12 1 1 10 7 12 1 1 1 10 7 12 1 1 10 12 1 1 10 12 1 1 10 12 1 1 10 12 1 1 10 12 1 9 100 12 1 1 10 12 1 10 12 1 10 12 1 100 1 8 1 10 10 12 1 1 10 12 1 10 10 12 1 1 10 12 1 1 10 100 12 1 1 1 11 100 12 1 1 1 10 12 1 1 9 100 12 1 1 1 10 100 12 1 1 1 10 12 1 1 1 1 1 1 1 1 1 1 1 1 1 1 1 1 1 1 1 1 1 1 1 1 1 1 1 1 1 1 1 1 1 1 1 1 1 1 1 1 1 1 1 1 1 1 1 1 1 1 1 1 100 1 100 1 100 1 100 1 1 1 1 1 1 1 1 1 1 1 1 1 1 1 1 1 1 1 1 1 1 1 1 1 1 1 1 1 1 1 1 1 100 1 1
ciInstanceKlass jdk/internal/vm/ContinuationScope 1 1 50 10 7 12 1 1 1 10 7 12 1 1 1 7 1 9 7 12 1 1 1 10 12 1 1 10 100 12 1 1 1 10 12 1 1 10 12 1 1 1 1 1 1 1 1 1 1 1 1 1
instanceKlass java/lang/VirtualThread$VThreadContinuation
ciInstanceKlass jdk/internal/vm/Continuation 1 1 549 9 7 12 1 1 1 9 12 1 9 12 1 100 1 100 1 10 12 1 1 8 1 10 12 1 1 10 12 1 10 12 1 1 10 12 1 9 7 12 1 1 1 11 100 12 1 1 1 10 7 1 9 12 1 1 9 12 1 1 10 8 1 10 12 1 9 12 1 1 10 11 12 1 1 100 1 10 100 12 1 1 1 10 12 1 1 10 12 1 10 12 1 1 11 12 1 1 9 12 1 1 10 12 1 1 18 12 1 1 10 100 12 1 1 1 100 1 10 12 1 11 100 12 1 1 1 10 12 1 9 12 1 10 12 1 1 100 1 8 1 10 12 1 10 12 1 1 9 12 1 1 11 12 1 1 9 12 1 1 8 1 10 11 12 1 1 11 12 1 1 10 12 1 1 10 12 1 1 9 12 1 10 12 1 10 10 12 1 8 1 10 12 1 8 1 8 1 10 100 12 1 1 1 10 100 12 1 1 1 10 12 1 9 12 1 11 12 1 100 1 10 12 1 10 12 1 1 9 12 1 1 100 1 10 12 1 1 9 12 1 1 10 12 1 10 12 1 11 100 12 1 1 10 7 1 10 12 1 8 1 9 12 1 10 12 1 1 9 12 1 1 10 7 12 1 1 8 1 8 1 8 1 8 1 10 12 1 1 10 12 1 10 12 1 10 12 1 10 12 1 1 10 12 1 1 8 1 10 12 1 1 9 12 1 1 10 12 1 1 9 12 1 8 1 10 100 12 1 1 1 10 12 1 8 1 100 1 8 1 10 9 12 1 1 8 1 10 100 12 1 1 10 100 12 1 1 8 1 8 1 10 12 10 7 12 1 1 1 10 100 1 10 100 12 1 1 1 18 11 100 12 1 1 1 18 12 1 11 12 1 1 100 1 10 7 12 1 1 10 12 1 1 8 10 12 1 1 10 7 12 1 1 1 10 7 12 1 1 10 12 1 8 1 10 12 1 100 1 100 1 10 12 1 1 1 1 1 1 1 1 1 1 1 1 1 1 1 1 1 1 1 1 1 1 1 1 1 1 1 1 1 1 1 1 1 1 1 1 1 1 1 1 1 1 1 1 1 1 1 1 1 1 1 1 1 1 1 1 1 1 1 1 1 1 1 1 1 1 1 1 1 1 1 1 1 1 1 100 1 1 16 1 15 10 12 16 15 11 100 12 1 1 1 16 1 16 1 15 10 12 16 15 10 100 12 1 1 1 1 1 1 1 1 100 1 100 1 1
staticfield jdk/internal/vm/Continuation U Ljdk/internal/misc/Unsafe; jdk/internal/misc/Unsafe
staticfield jdk/internal/vm/Continuation MOUNTED_OFFSET J 13
staticfield jdk/internal/vm/Continuation PRESERVE_SCOPED_VALUE_CACHE Z 1
staticfield jdk/internal/vm/Continuation JLA Ljdk/internal/access/JavaLangAccess; java/lang/System$2
staticfield jdk/internal/vm/Continuation $assertionsDisabled Z 1
ciInstanceKlass jdk/internal/vm/StackChunk 1 1 32 10 100 12 1 1 1 9 100 12 1 1 1 9 12 1 1 9 12 1 1 1 1 1 1 1 1 1 1 1 1 1
instanceKlass jdk/internal/reflect/FieldAccessorImpl
instanceKlass jdk/internal/reflect/ConstructorAccessorImpl
instanceKlass jdk/internal/reflect/MethodAccessorImpl
ciInstanceKlass jdk/internal/reflect/MagicAccessorImpl 1 1 16 10 7 12 1 1 1 100 1 1 1 1 1 1 1 1
ciInstanceKlass jdk/internal/reflect/MethodAccessor 1 0 17 100 1 100 1 1 1 1 100 1 100 1 1 1 1 1 1
instanceKlass jdk/internal/reflect/DirectMethodHandleAccessor
ciInstanceKlass jdk/internal/reflect/MethodAccessorImpl 1 1 38 10 7 12 1 1 1 10 100 12 1 1 1 100 1 1 1 1 1 1 1 100 1 100 1 1 1 1 1 1 1 1 1 1 1 1 1 1
ciInstanceKlass jdk/internal/reflect/ConstructorAccessor 1 0 16 100 1 100 1 1 1 1 100 1 100 1 100 1 1 1
instanceKlass jdk/internal/reflect/DirectConstructorHandleAccessor$NativeAccessor
instanceKlass jdk/internal/reflect/DirectConstructorHandleAccessor
instanceKlass jdk/internal/reflect/NativeConstructorAccessorImpl
ciInstanceKlass jdk/internal/reflect/ConstructorAccessorImpl 1 1 27 10 7 12 1 1 1 100 1 100 1 1 1 1 1 1 1 1 1 100 1 100 1 100 1 1 1
ciInstanceKlass jdk/internal/reflect/DelegatingClassLoader 0 0 18 10 100 12 1 1 1 100 1 1 1 1 1 1 1 1 1 1
ciInstanceKlass jdk/internal/reflect/ConstantPool 1 1 142 10 100 12 1 1 1 9 7 12 1 1 1 10 12 1 1 10 12 1 1 10 12 1 10 12 1 1 10 12 1 1 10 12 1 10 12 1 1 10 12 1 10 12 1 1 10 12 1 10 12 1 10 12 1 10 12 1 1 10 12 1 1 10 12 1 1 10 12 1 1 10 12 1 10 12 1 1 10 100 12 1 1 1 8 11 7 12 1 1 1 10 7 12 1 1 1 1 1 1 1 1 1 1 1 1 1 1 1 1 1 1 1 1 1 1 1 1 1 1 1 1 1 1 1 1 1 1 1 1 1 1 1 1 1 1 1 1 1 1 1 1
ciInstanceKlass jdk/internal/reflect/FieldAccessor 1 0 48 100 1 100 1 1 1 1 100 1 1 1 1 1 1 1 1 1 1 1 1 1 1 1 1 1 1 1 100 1 1 1 1 1 1 1 1 1 1 1 1 1 1 1 1 1 1 1
instanceKlass jdk/internal/reflect/MethodHandleFieldAccessorImpl
instanceKlass jdk/internal/reflect/UnsafeFieldAccessorImpl
ciInstanceKlass jdk/internal/reflect/FieldAccessorImpl 1 1 269 10 7 12 1 1 1 9 7 12 1 1 1 10 100 12 1 1 1 10 100 12 1 1 10 100 12 1 1 1 10 12 1 1 100 1 10 10 12 1 1 10 12 1 1 8 1 10 10 12 1 100 1 8 1 10 12 1 8 1 10 12 1 8 1 10 12 1 100 1 10 12 1 1 10 8 1 10 12 1 1 8 1 10 100 12 1 1 8 1 10 100 12 1 1 8 1 10 100 12 1 1 8 1 10 100 12 1 1 8 1 10 100 12 1 1 8 1 10 100 12 1 1 8 1 10 100 12 1 1 8 1 10 100 12 1 1 10 12 1 1 8 1 10 12 1 1 10 100 12 1 1 1 8 1 10 12 1 8 1 8 1 8 1 8 1 10 100 12 1 1 1 8 1 8 1 8 1 10 12 100 1 1 1 1 1 1 1 1 1 1 1 1 1 1 1 1 1 1 1 1 1 1 1 1 1 1 1 1 1 1 1 1 1 1 1 1 1 1 1 1 1 1 1 1 1 1 1 1 1 1 1 1 1 1 1 1 1 1 1 1 1 1 1 1 1 1 1 1 1 1 1 1 1 1 1 1 1 1 1 1 1 1 1 1 1 1 1 1
instanceKlass jdk/internal/reflect/UnsafeStaticFieldAccessorImpl
ciInstanceKlass jdk/internal/reflect/UnsafeFieldAccessorImpl 0 0 62 10 100 12 1 1 1 10 100 12 1 1 1 10 100 12 1 1 1 9 100 12 1 1 10 12 1 9 12 1 1 10 100 12 1 1 1 9 12 1 1 10 12 1 10 12 1 1 1 1 1 1 1 1 1 1 1 1 1 1 1 1
ciInstanceKlass jdk/internal/reflect/UnsafeStaticFieldAccessorImpl 0 0 47 10 100 12 1 1 1 9 100 12 1 1 1 10 100 12 1 1 1 9 12 1 1 8 11 100 12 1 1 1 10 100 12 1 1 1 1 1 1 1 1 1 1 1 1 1 1
ciInstanceKlass java/lang/annotation/Annotation 1 0 17 100 1 100 1 1 1 1 1 1 1 1 1 1 1 1 1
ciInstanceKlass jdk/internal/reflect/CallerSensitive 1 0 17 100 1 100 1 100 1 1 1 1 1 1 1 1 1 1 1
ciInstanceKlass jdk/internal/reflect/NativeConstructorAccessorImpl 0 0 125 10 100 12 1 1 1 9 100 12 1 1 1 100 1 10 12 1 9 12 1 1 9 12 1 1 10 100 12 1 1 1 10 100 12 1 1 1 10 100 12 1 1 1 9 12 1 9 12 1 1 9 12 1 1 10 100 12 1 1 1 100 1 10 10 12 1 1 10 12 1 10 12 1 1 10 12 1 100 1 10 12 1 1 10 12 1 1 8 10 12 1 1 1 1 1 1 1 1 1 1 1 1 1 1 1 1 1 1 1 1 1 1 100 1 100 1 100 1 1 1 1 1 1 1
instanceKlass java/lang/invoke/DelegatingMethodHandle
instanceKlass java/lang/invoke/BoundMethodHandle
instanceKlass java/lang/invoke/DirectMethodHandle
ciInstanceKlass java/lang/invoke/MethodHandle 1 1 736 100 1 9 7 12 1 1 1 10 7 12 1 1 1 10 7 12 1 1 1 7 1 7 1 10 12 1 1 9 12 1 1 10 12 1 10 12 1 1 10 12 1 1 10 100 12 1 1 1 10 12 1 1 10 12 1 1 11 100 12 1 1 1 10 12 1 1 10 12 1 10 12 1 10 12 1 1 9 12 1 1 9 12 1 1 10 100 12 1 1 1 10 12 1 1 10 12 1 10 12 1 100 1 100 1 10 8 1 10 12 1 1 10 12 1 8 1 10 12 1 1 10 12 1 10 7 12 1 1 1 10 12 1 1 10 12 1 1 10 12 1 1 10 7 12 1 1 1 10 12 1 1 10 12 1 1 10 12 1 10 12 1 1 10 100 12 1 1 10 7 12 1 1 10 12 1 10 12 1 10 12 1 1 10 12 1 1 10 12 1 1 10 12 1 1 10 7 12 1 1 1 10 7 12 1 1 1 10 12 1 1 10 12 1 1 10 12 1 1 8 1 10 7 12 1 1 1 8 1 10 12 1 10 12 1 1 10 12 1 1 10 12 1 8 1 10 12 1 1 8 1 10 12 1 8 1 10 100 12 1 1 1 9 12 1 1 100 1 10 9 100 12 1 1 1 9 100 1 8 1 10 12 1 1 10 12 1 10 12 1 1 10 12 1 10 12 1 1 10 12 1 10 12 1 1 10 12 1 10 12 1 1 10 12 1 1 8 1 10 12 1 1 8 1 10 12 1 10 12 1 1 10 12 1 10 12 1 10 12 1 1 9 100 12 1 1 1 10 12 1 1 11 12 1 10 12 1 10 12 1 1 10 100 12 1 1 100 1 11 12 1 10 100 1 11 12 1 100 1 10 12 1 11 12 1 9 100 12 1 1 1 11 12 1 1 11 100 12 1 1 1 10 12 1 1 9 12 1 11 12 1 9 12 1 9 12 1 9 12 1 11 12 1 1 9 12 1 9 12 1 9 12 1 9 12 1 9 12 1 9 12 1 9 12 1 8 1 10 12 1 10 12 1 8 1 10 12 1 10 12 1 10 12 1 1 10 10 10 7 12 1 1 10 12 1 1 100 1 100 1 8 1 8 1 10 10 12 1 1 10 12 1 10 12 1 100 1 10 100 12 1 1 1 10 9 7 12 1 1 1 10 12 1 1 10 12 1 1 8 1 8 1 10 100 12 1 1 9 12 1 9 12 1 1 9 12 1 1 10 12 1 7 1 10 12 1 10 12 1 1 9 12 1 1 9 12 1 1 10 7 12 1 1 1 11 7 12 1 1 9 12 1 10 12 1 1 10 12 1 9 12 1 10 12 1 8 10 12 1 1 8 1 1 1 1 1 1 1 1 100 1 1 1 1 1 1 1 1 1 1 1 1 1 1 1 1 1 1 1 1 1 1 1 1 1 1 1 1 1 1 100 1 1 1 1 1 1 1 1 1 1 1 1 1 1 1 1 1 1 1 1 1 1 1 1 1 1 1 1 1 1 1 1 1 1 1 1 1 1 1 1 1 1 1 1 1 1 1 1 1 1 1 1 1 1 1 1 1 1 1 1 1 1 1 1 1 1 1 1 1 1 1 1 1 1 1 1 1 1 1 1 1 1 1 1 1 1 100 1 1 100 1 100 1 100 1 1 100 1 1 100 1 1 1 1
staticfield java/lang/invoke/MethodHandle FORM_OFFSET J 20
staticfield java/lang/invoke/MethodHandle UPDATE_OFFSET J 13
staticfield java/lang/invoke/MethodHandle $assertionsDisabled Z 1
instanceKlass java/lang/invoke/DirectMethodHandle$StaticAccessor
instanceKlass java/lang/invoke/DirectMethodHandle$Interface
instanceKlass java/lang/invoke/DirectMethodHandle$Special
instanceKlass java/lang/invoke/DirectMethodHandle$Accessor
instanceKlass java/lang/invoke/DirectMethodHandle$Constructor
ciInstanceKlass java/lang/invoke/DirectMethodHandle 1 1 923 7 1 7 1 100 1 7 1 7 1 10 7 12 1 1 1 10 7 12 1 1 1 100 1 10 12 1 10 12 1 1 10 7 12 1 1 10 12 1 1 10 12 1 10 12 1 7 1 10 12 1 1 10 12 1 1 10 12 1 10 12 1 1 10 7 12 1 1 1 10 12 1 9 12 1 1 100 1 10 9 12 1 1 9 12 1 10 12 1 10 12 1 10 12 1 1 10 12 1 10 12 1 10 12 1 10 7 12 1 1 1 10 12 1 10 12 1 1 8 1 10 12 1 1 7 1 10 12 1 7 1 10 10 12 1 10 12 1 10 12 1 10 7 12 1 1 1 10 12 1 1 7 1 10 12 1 10 12 1 7 1 10 12 1 10 12 1 1 10 12 1 1 10 12 1 8 10 100 12 1 1 1 10 12 1 10 12 1 10 12 1 1 10 12 1 9 7 12 1 1 1 7 1 10 12 1 10 7 12 1 1 1 10 12 1 10 12 1 1 9 12 1 1 100 1 10 8 1 10 12 1 1 10 12 1 1 8 1 10 12 1 10 12 1 10 10 12 1 10 12 1 10 12 1 10 12 1 10 12 1 1 10 12 1 10 12 1 1 10 12 1 10 12 1 1 10 10 7 12 1 1 1 10 12 1 10 12 1 1 10 12 1 10 12 1 1 8 1 9 7 12 1 1 1 8 1 9 12 1 9 12 1 8 1 9 12 1 9 12 1 8 1 9 12 1 9 12 1 8 1 10 12 1 10 12 1 1 9 12 1 1 7 1 10 12 1 1 100 1 10 7 12 1 1 1 10 12 1 1 10 12 1 10 12 1 1 7 1 10 12 1 1 10 12 1 10 12 1 1 7 1 10 12 1 1 10 12 1 10 7 12 1 1 1 10 12 1 10 12 1 1 10 12 1 9 12 1 1 10 7 1 9 12 9 12 1 10 7 12 1 1 1 10 12 1 7 1 7 1 7 1 9 12 1 1 10 7 12 1 1 1 10 12 10 12 1 7 1 10 12 1 10 12 1 1 8 1 9 12 1 9 12 1 10 12 1 1 9 12 1 1 10 7 12 1 1 1 9 12 1 1 9 12 1 1 10 12 1 10 12 1 10 12 1 10 12 1 1 10 12 1 9 12 1 10 12 1 10 12 1 10 12 1 10 12 1 1 10 12 1 1 9 12 1 1 10 12 1 1 9 7 12 1 1 1 9 12 1 9 12 1 9 12 1 9 12 1 9 12 1 9 12 1 9 12 1 9 12 1 9 12 1 9 12 1 9 12 1 9 12 1 9 12 1 9 12 1 9 12 1 9 12 1 9 12 1 9 12 1 9 12 1 9 12 1 9 12 1 9 12 1 9 12 1 9 12 1 9 12 1 9 12 1 9 12 1 9 12 1 9 12 1 9 12 1 9 12 1 9 12 1 9 12 1 9 12 1 9 12 1 9 12 1 8 1 9 12 1 1 9 12 1 1 10 12 1 10 12 1 1 9 7 1 10 12 1 9 12 1 1 10 12 10 12 1 10 12 1 10 12 1 10 12 1 10 8 1 8 1 8 1 8 1 10 12 1 1 9 12 1 1 10 12 1 10 100 12 1 1 1 8 9 12 1 1 10 12 1 1 8 1 8 8 9 12 1 8 1 8 8 8 8 8 1 8 10 12 1 7 1 10 12 1 8 1 8 1 10 12 1 10 12 1 10 12 1 10 12 1 1 7 1 1 1 1 3 1 3 1 3 1 3 1 3 1 3 1 3 1 3 1 3 1 3 1 1 1 1 1 1 1 1 1 1 3 1 3 1 1 1 1 3 1 1 1 1 1 1 1 1 1 1 1 1 1 1 1 1 1 1 1 1 1 1 1 1 1 1 1 1 1 1 1 1 1 1 1 1 1 1 1 1 1 1 1 1 1 1 1 1 1 1 1 1 1 1 1 1 1 100 1 1 1 1 1 1 1 1 1 100 1 1 1 1 1 1 1 1 1 1 1 1 1 1 1 1 1 1 1 1 1 1 1 1 1 1 1 1 1 1 1 1 1 1 1 1 1 1 1 1 1 1 1 1 1 1 1 1 1 1 1 1
staticfield java/lang/invoke/DirectMethodHandle IMPL_NAMES Ljava/lang/invoke/MemberName$Factory; java/lang/invoke/MemberName$Factory
staticfield java/lang/invoke/DirectMethodHandle FT_UNCHECKED_REF I 8
staticfield java/lang/invoke/DirectMethodHandle ACCESSOR_FORMS [Ljava/lang/invoke/LambdaForm; 132 [Ljava/lang/invoke/LambdaForm;
staticfield java/lang/invoke/DirectMethodHandle ALL_WRAPPERS [Lsun/invoke/util/Wrapper; 10 [Lsun/invoke/util/Wrapper;
staticfield java/lang/invoke/DirectMethodHandle NFS [Ljava/lang/invoke/LambdaForm$NamedFunction; 12 [Ljava/lang/invoke/LambdaForm$NamedFunction;
staticfield java/lang/invoke/DirectMethodHandle OBJ_OBJ_TYPE Ljava/lang/invoke/MethodType; java/lang/invoke/MethodType
staticfield java/lang/invoke/DirectMethodHandle LONG_OBJ_TYPE Ljava/lang/invoke/MethodType; java/lang/invoke/MethodType
staticfield java/lang/invoke/DirectMethodHandle $assertionsDisabled Z 1
instanceKlass java/lang/invoke/VarHandleByteArrayAsDoubles$ByteArrayViewVarHandle
instanceKlass java/lang/invoke/VarHandleByteArrayAsFloats$ByteArrayViewVarHandle
instanceKlass java/lang/invoke/VarHandleByteArrayAsChars$ByteArrayViewVarHandle
instanceKlass java/lang/invoke/VarHandleByteArrayAsShorts$ByteArrayViewVarHandle
instanceKlass java/lang/invoke/VarHandleByteArrayAsLongs$ByteArrayViewVarHandle
instanceKlass java/lang/invoke/VarHandleByteArrayAsInts$ByteArrayViewVarHandle
instanceKlass java/lang/invoke/VarHandleInts$FieldInstanceReadOnly
instanceKlass java/lang/invoke/VarHandleBooleans$FieldInstanceReadOnly
instanceKlass java/lang/invoke/VarHandleReferences$FieldInstanceReadOnly
instanceKlass java/lang/invoke/VarHandleReferences$Array
ciInstanceKlass java/lang/invoke/VarHandle 1 1 473 10 7 12 1 1 1 10 7 12 1 1 9 12 1 1 9 12 1 1 100 1 10 8 1 10 12 1 1 10 7 12 1 1 1 10 12 1 1 10 100 12 1 1 1 9 100 12 1 1 1 10 12 1 1 10 7 12 1 1 1 10 12 1 1 9 12 1 10 12 1 9 12 1 1 10 7 12 1 1 10 12 1 9 7 12 1 1 1 9 12 1 1 10 12 1 1 100 1 100 1 10 8 1 10 12 1 1 10 12 1 8 1 10 12 1 10 12 1 9 12 1 1 9 12 1 10 12 1 10 12 1 1 10 12 1 10 10 100 12 1 1 1 10 12 1 1 10 12 1 1 10 100 12 1 1 1 10 100 12 1 1 1 10 100 12 1 1 1 9 12 1 1 9 10 12 1 10 12 1 10 12 1 1 10 12 1 10 100 12 1 1 1 9 12 1 1 10 12 1 1 9 12 1 10 12 1 10 12 1 10 100 12 1 1 100 1 10 9 7 12 1 1 1 9 12 1 1 10 7 12 1 1 1 10 12 1 10 12 1 10 12 1 10 12 1 10 12 1 10 12 1 1 8 10 12 1 1 7 1 10 12 1 1 100 1 1 1 1 1 1 1 1 1 1 1 1 1 1 1 1 1 1 1 1 1 1 1 1 1 1 1 1 1 1 1 1 1 1 1 1 1 1 1 1 1 1 1 1 1 1 1 1 1 1 1 1 1 1 1 1 1 1 1 1 1 1 1 1 1 1 1 1 100 1 1 1 1 1 1 1 1 100 1 1 1 1 1 1 1 1 1 1 1 1 100 1 100 1 1 100 1 100 1 100 1 100 1 100 1 100 1 100 1 100 1 100 1 100 1 100 1 100 1 100 1 100 1 100 1 100 1 100 1 100 1 100 1 100 1 100 1 100 1 100 1 100 1 100 1 100 1 100 1 100 1 100 1 100 1 100 1 100 1 100 1 100 1 100 1 1 1 1 1 1 100 1 1 1 100 1 1 100 1 100 1 100 1 100 1 100 1 100 1 1 1 1 100 1 100 1 100 1 100 1 100 1 100 1 100 1 100 1
staticfield java/lang/invoke/VarHandle VFORM_OFFSET J 16
staticfield java/lang/invoke/VarHandle $assertionsDisabled Z 1
ciInstanceKlass java/lang/invoke/MemberName 1 1 724 7 1 7 1 100 1 9 12 1 1 10 7 12 1 1 1 9 12 1 1 10 12 1 1 10 12 1 1 10 12 1 1 10 12 1 10 12 1 1 10 7 12 1 1 1 10 12 1 9 7 12 1 1 10 12 1 100 1 7 1 10 12 1 8 1 10 12 1 1 10 12 1 10 12 1 1 10 12 1 9 12 1 1 8 1 10 100 12 1 1 1 7 1 10 10 12 1 1 100 1 100 1 10 12 1 9 12 1 1 100 1 8 1 10 12 1 10 12 1 10 12 1 10 12 1 10 12 1 1 10 12 1 10 12 1 10 12 1 1 8 1 8 1 10 12 1 8 1 9 12 1 1 3 10 12 1 10 12 1 10 12 1 10 10 7 12 1 1 1 10 12 1 10 12 1 10 12 1 10 12 1 7 1 8 10 12 1 1 10 12 1 1 8 1 9 100 1 8 9 100 1 10 12 1 1 10 12 1 10 12 1 8 1 10 12 1 1 10 12 1 10 12 1 10 12 1 10 12 1 1 100 1 10 12 1 1 10 12 1 8 1 10 12 1 10 12 1 8 1 10 12 1 1 10 12 1 1 100 1 10 12 1 1 10 12 8 1 8 1 100 1 10 12 1 10 100 12 1 1 1 100 1 10 12 10 12 1 10 12 1 10 12 1 10 12 1 10 10 12 1 10 12 1 10 12 1 3 10 12 1 3 10 12 1 3 3 3 3 3 3 10 12 1 3 9 12 1 10 12 1 1 3 10 12 1 10 10 7 12 1 1 1 10 12 1 1 10 7 12 1 1 10 10 12 1 10 12 1 1 10 12 1 10 10 12 1 1 10 12 1 10 12 1 10 12 1 100 1 10 10 10 12 100 1 10 10 10 12 1 1 10 12 1 1 10 10 12 1 8 10 7 1 10 12 1 10 7 1 10 12 1 10 12 1 10 12 1 10 10 12 1 10 12 1 1 10 12 1 1 10 12 1 10 12 1 10 12 1 100 1 10 12 1 1 100 1 8 1 10 7 1 10 12 1 10 12 10 12 1 1 10 12 1 10 12 1 8 1 8 1 8 1 8 1 10 12 1 10 12 1 10 7 12 1 1 1 8 1 8 1 10 12 1 8 1 10 10 10 12 1 10 12 1 8 1 8 1 10 10 12 1 8 1 10 100 12 1 1 1 8 1 100 1 10 12 1 10 12 1 1 10 12 1 8 1 8 1 8 1 8 1 100 1 10 8 1 8 1 8 1 8 1 10 12 1 7 1 100 1 7 1 10 100 1 10 7 1 10 7 12 1 1 1 9 7 12 1 1 1 100 1 100 1 1 1 1 1 1 1 3 1 3 1 3 1 3 1 3 1 3 1 1 1 1 1 1 1 1 3 1 3 1 1 1 1 1 1 1 1 1 1 1 1 1 1 1 1 1 1 1 1 1 1 1 1 1 1 1 1 1 1 1 1 1 1 1 1 1 1 1 1 1 1 1 1 1 1 1 1 1 1 1 1 1 1 1 1 1 1 1 1 1 1 1 1 1 1 1 1 1 1 1 1 1 1 1 1 1 1 1 1 1 1 1 1 1 1 1 1 1 1 1 1 1 1 1 1 100 1 1 1 1 1 1 1 1 1 1 1 1 1 1 1
staticfield java/lang/invoke/MemberName $assertionsDisabled Z 1
ciInstanceKlass java/lang/invoke/ResolvedMethodName 1 1 16 10 100 12 1 1 1 100 1 1 1 1 1 1 1 1
ciInstanceKlass java/lang/invoke/MethodHandleNatives 1 1 690 100 1 10 7 12 1 1 1 9 7 12 1 1 1 10 12 1 1 100 1 10 10 12 1 1 10 12 1 10 12 1 8 1 8 1 8 1 8 1 8 1 8 1 8 1 8 1 8 1 8 1 10 12 1 1 7 1 10 7 12 1 1 1 10 100 12 1 1 1 7 1 10 10 12 1 1 8 1 10 12 1 8 1 10 12 1 1 8 1 10 12 1 1 9 100 12 1 1 1 8 1 10 100 12 1 1 1 100 1 10 12 100 1 100 1 8 1 7 1 10 10 12 1 7 1 9 7 12 1 1 10 12 1 1 10 12 1 10 7 12 1 1 1 10 12 1 1 9 12 1 8 1 10 12 1 1 10 12 1 8 1 10 12 1 1 7 1 10 12 1 10 7 12 1 1 1 10 12 1 10 12 1 1 10 12 1 1 8 1 10 12 1 1 8 1 10 12 1 8 1 8 1 8 1 100 1 10 12 1 8 1 10 100 12 1 1 1 10 12 1 1 10 100 12 1 1 10 10 12 1 1 10 12 1 10 100 12 1 1 1 100 1 8 1 10 100 12 1 1 1 7 1 8 1 10 12 1 8 1 8 1 8 1 8 1 8 1 10 12 1 1 10 12 1 1 10 12 1 10 12 1 1 10 12 1 1 7 1 10 12 1 100 1 100 1 10 12 1 10 12 1 8 1 8 1 10 10 12 1 1 10 12 1 1 8 1 10 100 12 1 1 8 1 8 1 10 12 1 1 10 7 12 1 1 1 100 1 10 12 1 1 7 1 9 12 1 1 10 7 12 1 1 1 10 10 12 1 9 12 1 10 12 1 9 12 1 9 12 1 10 12 1 1 10 12 1 10 12 1 1 7 1 7 1 10 12 1 1 10 12 1 10 12 1 1 10 7 12 1 1 1 10 12 1 8 1 10 12 1 10 12 1 10 12 1 1 10 12 1 10 7 12 1 1 1 10 12 1 1 100 1 8 1 10 9 7 12 1 1 1 10 12 1 1 10 12 1 1 100 1 10 12 1 1 10 12 1 1 100 1 100 1 10 10 100 1 100 1 10 100 1 10 10 12 1 1 10 100 1 10 12 1 10 12 1 1 10 12 1 1 10 12 1 1 10 12 1 10 12 1 1 10 8 1 10 12 1 10 12 1 10 12 1 10 12 1 10 12 1 1 10 12 1 10 12 1 10 12 1 10 10 7 12 1 1 10 12 1 1 1 1 1 1 1 1 1 1 1 1 1 100 1 1 1 1 1 1 1 1 1 1 1 1 1 1 1 1 1 1 1 1 1 1 1 1 1 1 1 1 1 1 1 1 1 1 1 1 1 1 1 1 1 1 1 1 1 1 1 1 1 1 1 1 1 1 1 1 1 1 1 1 1 1 1 1 1 100 1 1 1 1 1 1 1 1 1 1 1 1 1 1 1 1 1 1 1 1 1 1 1 1 1 1 1 1 1 1 1 1 1 100 1 1 1 1 1 1 1 1 1 1 1 1 1 1 1 1 1 1 1 1 1 1 1 1 1 1 100 1 1 1 1 1 1 1 100 1 1 1
staticfield java/lang/invoke/MethodHandleNatives $assertionsDisabled Z 1
ciInstanceKlass java/lang/invoke/LambdaForm 1 1 1059 7 1 100 1 10 7 12 1 1 1 9 12 1 1 9 12 1 9 12 1 9 12 1 1 9 12 1 1 9 12 1 1 9 12 1 1 9 12 1 1 9 12 1 10 7 12 1 1 9 12 1 10 12 1 1 100 1 10 10 12 1 1 10 12 1 10 12 1 10 12 1 1 10 12 1 9 12 1 9 12 1 10 12 1 1 10 7 12 1 1 1 10 12 1 1 9 100 12 1 1 1 10 12 1 1 9 7 12 1 1 10 12 1 10 12 1 1 10 12 1 1 10 12 1 1 7 1 10 7 12 1 1 1 10 12 1 1 10 12 1 10 12 1 1 9 12 1 1 9 12 1 9 12 1 1 10 12 1 9 12 1 10 100 12 1 1 1 10 12 1 1 100 1 10 12 1 9 12 1 1 10 100 12 1 1 1 10 12 1 10 12 1 7 1 10 12 1 10 12 1 10 12 1 1 10 12 1 1 10 12 1 10 12 1 10 12 1 10 12 1 1 8 1 10 12 1 10 12 1 10 10 12 1 8 1 8 1 9 12 1 9 12 1 1 10 12 1 1 10 12 1 9 12 1 10 12 1 1 10 7 12 1 1 1 10 12 1 1 10 12 1 10 12 1 10 100 12 1 1 1 9 12 1 10 12 1 8 1 8 1 8 1 8 1 8 1 8 1 8 1 8 1 10 12 1 9 12 1 7 1 10 12 1 1 9 12 1 10 12 1 10 12 1 1 10 12 10 12 1 10 12 1 1 10 12 1 1 10 10 12 1 1 10 12 1 1 7 1 8 1 10 12 1 1 10 12 1 10 12 1 1 10 8 1 10 12 1 1 8 1 8 1 8 1 10 12 1 10 12 1 10 12 1 1 100 1 10 12 1 1 10 12 1 1 10 7 12 1 1 1 10 12 1 1 9 12 1 1 8 1 10 100 12 1 1 1 10 7 12 1 1 10 12 10 12 1 1 10 12 1 1 9 12 1 8 10 12 1 1 100 1 10 12 1 1 10 12 1 9 7 12 1 1 9 100 12 1 1 1 8 1 10 100 12 1 1 10 12 1 1 100 1 100 1 10 10 12 1 1 10 12 1 1 8 1 8 1 100 1 8 1 10 12 10 12 1 10 12 1 10 12 1 1 8 1 8 1 10 12 1 10 12 1 1 8 1 8 1 8 1 100 1 8 1 100 1 8 1 100 1 8 1 10 12 1 8 1 9 10 7 12 1 1 1 10 12 1 9 12 1 1 10 12 1 10 10 12 1 10 12 1 10 12 1 10 12 1 1 10 12 1 10 12 1 1 10 12 1 1 10 12 1 1 10 12 1 1 8 1 100 10 12 1 10 12 1 9 12 1 1 10 7 12 1 1 8 1 8 1 100 1 8 1 8 1 8 1 8 1 8 1 8 1 8 1 8 1 10 12 1 1 10 12 1 1 10 12 1 10 12 1 10 12 1 10 12 1 8 1 8 1 8 1 10 12 1 8 1 10 12 1 8 1 8 1 8 1 8 1 8 1 10 12 1 10 12 1 10 12 1 1 10 7 12 1 1 1 10 12 1 10 12 1 10 12 1 10 12 1 10 12 1 10 12 1 10 12 1 9 12 1 1 8 1 10 12 1 1 9 12 1 1 10 12 1 1 9 12 1 9 12 1 1 9 12 1 9 12 1 1 7 1 10 7 12 1 1 1 9 12 1 10 12 1 10 12 1 8 1 10 12 1 9 12 1 1 7 1 10 7 12 1 1 1 8 1 100 1 10 12 1 9 12 1 9 12 1 10 12 1 10 12 1 10 7 12 1 1 1 10 12 1 9 7 12 1 1 10 12 1 1 10 12 1 10 12 1 10 12 1 9 12 10 12 1 10 10 12 1 9 12 1 9 9 12 1 7 9 12 1 1 10 12 1 1 9 12 1 10 12 1 10 7 1 9 1 1 1 1 3 1 3 1 1 3 1 3 1 1 1 1 1 1 1 1 1 1 1 1 1 1 1 1 1 1 1 1 1 1 1 1 1 1 1 1 1 1 1 1 1 1 1 1 1 1 1 1 1 1 1 1 1 1 1 1 1 1 1 100 1 1 1 1 1 1 1 1 1 1 1 1 1 1 1 1 1 1 1 1 1 1 1 1 1 1 1 1 1 1 1 1 1 1 1 1 1 1 1 1 1 1 1 1 1 1 1 1 1 1 1 1 1 1 1 1 1 1 1 1 1 1 100 1 1 1 1 1 1 1 1 1 1 1 1 1 1 1 1 1 1 1 1 1 1 1 1 1 1 1 1 1 1 1 1 1 1 100 1 1 1 1 1 1 1 1 1 1 1 1 1 1 1 1 1 1 1 1 1 1 100 1 1 1 100 1 1 100 1 1 1 1 1 1 1 1 1 1 1
staticfield java/lang/invoke/LambdaForm DEFAULT_CUSTOMIZED Ljava/lang/invoke/MethodHandle; null
staticfield java/lang/invoke/LambdaForm DEFAULT_KIND Ljava/lang/invoke/LambdaForm$Kind; java/lang/invoke/LambdaForm$Kind
staticfield java/lang/invoke/LambdaForm COMPILE_THRESHOLD I 0
staticfield java/lang/invoke/LambdaForm INTERNED_ARGUMENTS [[Ljava/lang/invoke/LambdaForm$Name; 5 [[Ljava/lang/invoke/LambdaForm$Name;
staticfield java/lang/invoke/LambdaForm IMPL_NAMES Ljava/lang/invoke/MemberName$Factory; java/lang/invoke/MemberName$Factory
staticfield java/lang/invoke/LambdaForm LF_identity [Ljava/lang/invoke/LambdaForm; 6 [Ljava/lang/invoke/LambdaForm;
staticfield java/lang/invoke/LambdaForm LF_zero [Ljava/lang/invoke/LambdaForm; 6 [Ljava/lang/invoke/LambdaForm;
staticfield java/lang/invoke/LambdaForm NF_identity [Ljava/lang/invoke/LambdaForm$NamedFunction; 6 [Ljava/lang/invoke/LambdaForm$NamedFunction;
staticfield java/lang/invoke/LambdaForm NF_zero [Ljava/lang/invoke/LambdaForm$NamedFunction; 6 [Ljava/lang/invoke/LambdaForm$NamedFunction;
staticfield java/lang/invoke/LambdaForm createFormsLock Ljava/lang/Object; java/lang/Object
staticfield java/lang/invoke/LambdaForm DEBUG_NAME_COUNTERS Ljava/util/HashMap; null
staticfield java/lang/invoke/LambdaForm DEBUG_NAMES Ljava/util/HashMap; null
staticfield java/lang/invoke/LambdaForm TRACE_INTERPRETER Z 0
staticfield java/lang/invoke/LambdaForm $assertionsDisabled Z 1
ciInstanceKlass java/lang/invoke/TypeDescriptor$OfMethod 1 0 43 100 1 100 1 100 1 1 1 1 1 1 1 1 1 1 1 1 1 1 1 1 1 1 1 1 1 1 1 1 1 1 1 1 1 1 1 1 1 1 100 1 1
ciInstanceKlass java/lang/invoke/MethodType 1 1 780 7 1 10 7 12 1 1 1 9 12 1 1 9 12 1 1 9 12 1 1 10 7 12 1 1 1 9 7 12 1 1 8 1 10 100 12 1 1 1 9 7 1 9 7 1 10 12 1 1 7 1 10 8 1 10 12 1 1 10 12 1 10 12 1 1 100 1 8 1 10 12 1 100 1 10 10 12 1 10 12 1 1 10 12 1 1 11 7 12 1 1 1 9 12 1 11 12 1 1 7 10 12 1 1 10 12 1 1 7 1 7 1 10 7 12 1 1 1 10 12 1 10 12 1 9 12 1 1 10 7 12 1 1 10 12 1 1 10 7 12 1 1 1 10 7 12 1 1 1 10 12 1 9 12 1 1 10 12 1 1 10 12 1 1 10 12 1 1 10 12 1 1 10 12 1 1 10 12 1 10 12 1 10 12 1 1 10 12 1 8 1 8 1 10 12 1 1 9 12 1 1 100 1 10 10 12 1 1 10 12 1 10 12 1 1 10 12 1 1 10 12 1 10 12 1 10 12 1 8 1 10 12 1 1 10 7 12 1 1 1 10 12 1 10 12 1 1 10 12 1 10 12 1 10 12 1 1 10 12 1 10 12 1 9 12 1 10 12 1 10 10 12 1 1 10 12 1 9 12 1 1 10 12 1 1 11 12 1 1 10 12 1 1 10 12 1 10 12 1 7 1 8 1 8 1 8 1 10 12 1 10 12 1 10 12 1 1 10 10 12 1 11 12 1 1 11 12 1 10 100 12 1 1 1 9 12 1 10 12 1 10 12 1 1 10 12 1 1 10 12 1 10 12 1 10 100 12 1 1 1 10 12 1 1 10 12 1 10 12 1 10 12 1 10 9 12 1 1 7 1 10 12 1 10 12 1 1 9 100 12 1 1 1 10 100 12 1 1 1 10 100 12 1 1 1 10 12 1 1 10 7 12 1 1 1 10 12 1 1 8 1 10 7 12 1 1 1 11 12 1 1 9 12 1 1 10 12 1 1 10 12 1 10 12 1 1 10 12 1 1 10 100 12 1 1 100 1 10 12 1 1 11 100 12 1 1 18 12 1 1 11 12 1 1 18 12 1 11 12 1 100 1 11 100 12 1 1 10 12 1 100 1 10 12 1 10 100 12 1 1 10 12 1 1 9 12 1 1 9 100 12 1 1 1 10 100 12 1 1 1 9 12 1 10 100 12 1 1 10 12 1 100 10 12 1 1 10 12 1 7 1 10 10 12 1 1 7 1 7 1 9 12 1 1 100 1 100 1 100 1 1 1 5 0 1 1 1 1 1 1 1 3 1 3 1 3 1 1 1 1 1 1 1 1 1 1 1 1 1 1 1 1 1 1 1 1 1 1 1 1 1 1 1 1 1 1 1 1 1 1 1 1 1 1 1 1 1 1 1 1 1 1 1 1 1 1 1 1 1 1 1 1 1 1 1 1 1 1 1 1 1 1 1 1 1 1 1 1 1 1 1 1 1 1 1 1 1 1 1 1 1 1 1 1 1 1 1 1 1 1 1 1 1 1 1 1 1 1 1 1 1 1 1 1 1 1 1 1 1 1 1 1 1 1 1 1 1 1 1 1 1 1 1 1 1 1 100 1 100 1 1 1 1 1 1 1 1 1 1 1 1 1 100 1 1 1 100 1 1 1 1 1 1 1 1 1 1 1 1 1 1 1 1 1 1 1 1 1 1 16 15 10 12 16 16 15 10 12 16 15 10 100 12 1 1 1 1 1 100 1 1 100 1 1 100 1 100 1 1
staticfield java/lang/invoke/MethodType internTable Ljdk/internal/util/ReferencedKeySet; jdk/internal/util/ReferencedKeySet
staticfield java/lang/invoke/MethodType NO_PTYPES [Ljava/lang/Class; 0 [Ljava/lang/Class;
staticfield java/lang/invoke/MethodType objectOnlyTypes [Ljava/lang/invoke/MethodType; 20 [Ljava/lang/invoke/MethodType;
staticfield java/lang/invoke/MethodType METHOD_HANDLE_ARRAY [Ljava/lang/Class; 1 [Ljava/lang/Class;
staticfield java/lang/invoke/MethodType serialPersistentFields [Ljava/io/ObjectStreamField; 0 [Ljava/io/ObjectStreamField;
staticfield java/lang/invoke/MethodType $assertionsDisabled Z 1
ciInstanceKlass java/lang/BootstrapMethodError 0 0 45 10 100 12 1 1 1 10 12 1 10 12 1 10 100 12 1 1 1 10 100 12 1 1 1 1 1 1 5 0 1 1 1 1 1 1 1 1 1 1 1 100 1 1 1
instanceKlass java/lang/invoke/VolatileCallSite
instanceKlass java/lang/invoke/MutableCallSite
instanceKlass java/lang/invoke/ConstantCallSite
ciInstanceKlass java/lang/invoke/CallSite 1 1 307 10 7 12 1 1 1 10 7 12 1 1 1 9 7 12 1 1 1 10 12 1 1 9 12 1 1 10 7 12 1 1 1 10 12 1 100 1 10 12 1 1 10 12 1 1 9 100 12 1 1 1 10 100 12 1 1 10 12 1 1 100 1 100 1 10 10 100 12 1 1 1 10 12 1 1 8 1 10 12 1 10 12 1 1 10 12 1 10 12 1 1 10 12 1 1 10 10 100 12 1 1 10 12 1 1 9 12 1 9 100 12 1 1 1 8 1 10 7 12 1 1 1 10 12 1 1 100 1 10 12 1 1 9 12 1 8 1 100 1 10 12 1 10 12 1 100 1 8 1 10 10 12 1 10 12 1 1 100 1 10 12 1 1 10 12 1 10 12 1 10 12 1 1 10 12 1 1 9 12 1 1 8 10 12 1 1 9 12 1 1 100 1 10 10 12 1 10 100 12 1 1 1 10 12 1 1 10 12 1 1 10 12 1 10 7 12 1 1 1 100 1 8 1 10 10 12 10 12 1 1 100 1 100 1 100 1 8 1 10 12 1 10 7 12 1 1 1 1 1 1 1 1 1 1 1 1 1 1 1 1 1 1 1 1 1 1 1 1 1 1 1 1 1 1 1 1 1 1 1 1 1 1 1 1 1 1 1 1 1 1 1 1 1 1 1 1 1 1 1 100 1 100 1 1 1 1
staticfield java/lang/invoke/CallSite $assertionsDisabled Z 1
ciInstanceKlass jdk/internal/foreign/abi/NativeEntryPoint 0 0 194 10 100 12 1 1 1 9 100 12 1 1 1 9 12 1 1 100 1 8 1 10 12 1 10 12 1 1 100 1 10 100 12 1 1 1 10 12 1 9 12 1 1 18 12 1 1 10 100 12 1 1 1 10 100 12 1 1 1 9 100 12 1 1 1 100 1 10 8 1 10 12 1 1 10 12 1 10 12 1 1 8 1 10 12 1 1 100 1 8 1 10 12 1 10 12 1 1 10 12 1 9 12 1 1 18 12 1 1 10 100 12 1 1 1 10 12 1 1 10 12 1 10 100 12 1 1 1 10 1 1 1 1 1 1 1 1 1 1 1 1 1 1 1 1 1 1 1 1 1 1 1 1 1 1 1 1 1 1 1 1 1 1 1 1 1 16 1 15 10 12 16 1 16 15 10 12 15 10 100 12 1 1 1 1 1 100 1 1 100 1 100 1 1
ciInstanceKlass jdk/internal/foreign/abi/ABIDescriptor 0 0 55 10 100 12 1 1 1 9 100 12 1 1 1 9 12 1 1 9 12 1 9 12 1 9 12 1 1 9 12 1 9 12 1 1 9 12 1 9 12 1 9 12 1 9 12 1 1 1 1 1 1 1 1 1 1
ciInstanceKlass jdk/internal/foreign/abi/VMStorage 0 0 91 10 100 12 1 1 1 9 100 12 1 1 1 9 12 1 1 9 12 1 1 9 12 1 1 100 1 10 8 1 10 12 1 1 10 12 1 10 12 1 1 10 12 1 18 12 1 18 12 1 1 18 12 1 1 1 1 1 1 1 1 1 1 1 1 1 1 1 1 1 1 1 8 1 15 15 15 15 15 10 100 12 1 1 1 1 100 1 100 1 1
ciInstanceKlass jdk/internal/foreign/abi/UpcallLinker$CallRegs 0 0 66 10 100 12 1 1 1 9 100 12 1 1 1 9 12 1 18 12 1 1 18 12 1 1 18 12 1 1 1 1 1 1 1 1 1 1 1 1 1 1 1 1 1 1 100 1 1 1 8 1 15 15 15 10 100 12 1 1 1 1 1 100 1 100 1 1
ciInstanceKlass java/lang/invoke/MethodHandleNatives$CallSiteContext 1 1 49 10 7 12 1 1 1 7 1 10 10 7 12 1 1 1 10 7 12 1 1 1 10 7 12 1 1 1 100 1 1 1 1 1 1 1 1 1 1 1 1 1 1 1 1 1 100 1 1
ciInstanceKlass java/lang/invoke/ConstantCallSite 1 1 65 10 7 12 1 1 1 9 7 12 1 1 1 9 12 1 1 10 7 12 1 1 1 10 12 1 100 1 10 12 9 12 1 1 100 1 10 10 12 1 1 10 12 1 1 1 1 1 1 1 1 1 1 1 1 1 100 1 1 1 1 1 1 1 1
staticfield java/lang/invoke/ConstantCallSite UNSAFE Ljdk/internal/misc/Unsafe; jdk/internal/misc/Unsafe
ciInstanceKlass java/lang/invoke/MutableCallSite 0 0 63 10 100 12 1 1 1 10 12 1 9 100 12 1 1 1 10 12 1 10 12 1 1 9 12 1 1 10 100 12 1 1 1 10 100 12 1 1 1 10 12 1 1 1 1 1 1 1 1 1 1 1 1 1 1 1 1 1 1 100 1 1 1
ciInstanceKlass java/lang/invoke/VolatileCallSite 0 0 37 10 100 12 1 1 1 10 12 1 10 100 12 1 1 1 10 12 1 10 12 1 1 1 1 1 1 1 1 1 1 1 1 1 1 1 1
ciInstanceKlass java/lang/AssertionStatusDirectives 0 0 24 10 100 12 1 1 1 100 1 1 1 1 1 1 1 1 1 1 1 1 1 1 1 1
ciInstanceKlass java/lang/Appendable 1 0 14 100 1 100 1 1 1 1 100 1 1 1 1 1
instanceKlass java/lang/StringBuilder
instanceKlass java/lang/StringBuffer
ciInstanceKlass java/lang/AbstractStringBuilder 1 1 605 7 1 10 7 12 1 1 1 9 7 12 1 1 1 9 12 1 9 12 1 1 9 12 1 1 10 7 12 1 1 1 10 12 1 1 7 1 3 3 10 12 1 10 12 1 1 11 7 1 100 1 100 1 10 8 1 10 12 1 10 12 1 10 12 1 1 10 12 1 10 12 1 9 12 1 10 12 1 9 12 1 1 10 12 1 1 10 7 12 1 1 1 10 10 12 1 10 12 1 10 12 1 1 10 12 1 1 10 7 12 1 1 1 10 7 12 1 1 1 100 1 8 1 10 10 12 1 1 100 1 10 12 10 12 1 1 10 10 12 1 1 10 12 1 1 10 12 1 1 10 12 1 1 10 10 7 12 1 1 1 10 12 1 100 1 10 10 100 12 1 1 1 9 12 1 1 9 12 1 10 12 1 1 10 10 12 1 1 10 12 10 12 1 10 12 1 1 10 12 1 1 10 12 1 1 10 12 1 10 12 1 1 10 12 1 1 10 12 1 10 12 1 1 8 1 10 12 1 1 10 12 1 10 12 1 10 12 1 10 12 1 10 12 1 10 12 1 10 7 12 1 1 10 12 1 10 12 1 10 100 12 1 1 1 100 1 100 1 10 12 1 10 100 12 1 1 10 12 1 10 12 1 10 12 1 10 12 1 1 10 12 1 10 12 1 1 10 12 1 1 10 10 7 12 1 1 1 10 12 1 10 12 1 10 12 1 1 10 12 1 10 12 1 10 12 1 10 12 1 10 12 1 10 12 1 10 12 1 10 12 1 10 12 1 1 10 12 1 10 12 1 10 12 10 12 1 1 18 12 1 1 100 1 10 100 12 1 1 1 18 10 12 1 1 10 12 1 10 12 1 1 11 12 1 1 10 12 1 10 12 10 12 1 10 10 10 12 1 10 5 0 10 10 12 1 1 100 1 8 1 10 10 12 1 1 10 100 12 1 1 1 10 12 1 10 12 1 1 100 1 10 12 100 1 10 100 1 10 100 1 1 1 1 1 1 1 1 1 1 1 100 1 1 1 1 1 1 1 1 1 1 1 1 1 1 1 1 1 1 1 1 1 1 1 1 1 1 1 1 1 1 1 1 1 1 1 1 1 1 1 1 1 1 1 1 1 1 1 1 1 1 1 1 1 1 1 1 1 1 1 1 1 1 1 1 1 1 1 1 1 1 1 1 1 1 1 1 1 1 1 1 1 1 1 1 1 1 1 1 1 1 1 1 1 1 1 1 1 1 1 1 100 1 1 1 1 1 1 1 1 1 1 1 1 1 1 1 1 1 100 1 1 1 1 1 1 100 1 1 16 1 15 10 12 16 15 10 12 15 10 100 12 1 1 1 1 1 1 1 100 1 100 1 1
staticfield java/lang/AbstractStringBuilder EMPTYVALUE [B 0
ciInstanceKlass java/lang/StringBuffer 1 1 483 10 7 12 1 1 1 10 12 1 10 12 1 10 12 1 1 9 7 12 1 1 1 10 12 1 1 10 12 1 10 12 1 1 9 12 1 1 10 12 1 10 12 1 1 10 12 1 1 10 12 1 10 12 1 1 10 12 1 10 12 1 1 10 12 1 1 10 7 12 1 1 1 10 12 1 1 10 12 1 10 12 1 10 12 1 10 12 1 10 12 1 10 12 1 10 12 1 10 12 1 10 12 1 10 12 1 10 12 1 10 12 1 10 12 1 10 12 1 1 10 12 1 10 12 1 1 10 12 1 1 10 10 12 1 1 10 12 1 10 12 1 10 12 1 10 12 1 10 12 1 10 12 1 10 12 10 12 1 10 12 1 10 12 1 10 12 1 1 10 12 1 10 12 1 10 10 12 1 1 10 12 1 10 12 1 10 12 1 10 10 100 12 1 1 1 10 10 12 1 1 9 12 1 1 10 100 12 1 1 10 100 1 8 10 100 12 1 1 1 8 10 12 1 8 1 10 12 1 10 12 1 10 100 12 1 1 1 10 100 12 1 1 1 7 1 10 12 100 1 8 1 10 10 12 1 1 10 12 1 1 10 12 1 10 12 1 10 12 1 1 10 12 1 10 12 1 10 12 1 10 12 1 10 12 1 10 12 10 12 1 10 12 1 10 12 1 10 12 1 10 12 1 10 12 1 10 12 1 10 12 1 10 12 1 10 12 1 10 12 10 12 10 12 1 10 12 1 10 12 1 10 12 10 12 1 10 12 1 10 12 1 10 12 1 10 12 1 10 12 1 10 12 1 10 12 1 10 12 1 10 12 1 10 12 1 7 1 10 12 1 9 7 12 1 1 1 9 7 1 9 12 1 1 100 1 100 1 100 1 100 1 1 1 1 5 0 1 1 1 1 1 1 1 1 1 1 1 1 1 1 1 1 1 1 1 1 1 1 1 1 1 1 1 1 1 1 1 1 1 1 1 1 1 1 1 1 1 1 1 1 1 1 1 1 1 1 1 1 1 1 1 1 1 1 1 1 1 100 1 1 1 1 1 100 1 1 1 1 1 1 1 1 1 1 1 1 1 1 1 1 1 1
staticfield java/lang/StringBuffer serialPersistentFields [Ljava/io/ObjectStreamField; 3 [Ljava/io/ObjectStreamField;
ciInstanceKlass java/lang/StringBuilder 1 1 422 10 7 12 1 1 1 10 12 1 10 12 1 10 12 1 1 10 7 12 1 1 1 10 7 12 1 1 1 10 12 1 10 12 1 10 12 1 10 12 1 10 12 1 10 12 1 10 12 1 10 12 1 10 12 1 10 12 1 10 12 1 10 12 1 10 12 1 10 12 1 1 10 12 1 10 12 1 1 10 12 1 1 10 12 1 10 12 1 10 12 1 10 12 1 10 12 1 10 12 1 10 12 1 10 12 10 12 1 10 12 1 10 12 1 10 12 1 1 10 12 1 10 12 1 10 12 10 12 1 1 10 12 1 10 12 1 10 12 1 10 100 12 1 1 1 9 12 1 1 10 12 1 10 12 1 1 10 12 1 1 9 12 1 1 10 100 12 1 1 1 10 100 1 10 12 1 1 10 100 12 1 1 10 12 1 10 12 1 1 100 1 100 1 8 1 10 10 12 1 1 10 12 1 10 12 1 10 12 1 1 10 12 1 10 12 1 10 12 1 10 12 1 10 12 1 10 12 10 12 1 10 12 1 10 12 1 10 12 1 10 12 1 10 12 1 10 12 1 10 12 1 10 12 1 1 10 12 1 1 10 12 1 10 12 1 10 12 1 10 12 10 12 10 12 1 10 12 1 10 12 1 10 12 10 12 1 10 12 1 10 12 1 10 12 1 10 12 1 10 12 1 10 12 1 10 12 1 10 12 1 1 10 12 1 10 12 1 1 10 12 1 10 12 1 1 10 12 1 10 12 1 1 10 12 1 10 12 1 10 12 1 10 10 12 1 10 12 1 100 1 100 1 100 1 100 1 1 1 1 5 0 1 1 1 1 1 1 1 1 1 1 1 1 1 1 1 1 1 1 1 1 1 1 1 1 1 1 1 1 1 1 1 1 1 1 1 1 1 1 1 1 1 1 1 1 100 1 1 1 100 1 1 1 1 1 1 1 1 1 1 1
ciInstanceKlass jdk/internal/misc/UnsafeConstants 1 1 34 10 100 12 1 1 1 9 7 12 1 1 1 9 12 1 9 12 1 1 9 12 1 9 12 1 1 1 1 1 1 1 1 1
staticfield jdk/internal/misc/UnsafeConstants ADDRESS_SIZE0 I 8
staticfield jdk/internal/misc/UnsafeConstants PAGE_SIZE I 4096
staticfield jdk/internal/misc/UnsafeConstants BIG_ENDIAN Z 0
staticfield jdk/internal/misc/UnsafeConstants UNALIGNED_ACCESS Z 1
staticfield jdk/internal/misc/UnsafeConstants DATA_CACHE_LINE_FLUSH_SIZE I 0
ciInstanceKlass jdk/internal/misc/Unsafe 1 1 1287 10 7 12 1 1 1 9 7 12 1 1 1 9 12 1 1 10 12 1 1 10 7 12 1 1 1 10 12 1 1 10 12 1 1 10 12 1 1 10 12 1 1 10 12 1 1 10 12 1 1 10 12 1 1 10 12 1 1 10 12 1 1 10 12 1 1 10 12 1 1 10 12 1 1 10 12 1 1 10 12 1 10 12 1 100 1 10 10 12 1 1 10 12 1 1 5 0 10 12 1 1 10 12 1 1 10 7 12 1 1 1 10 12 1 1 10 12 1 10 12 1 10 12 1 1 10 12 1 1 10 12 1 10 12 1 100 1 100 1 10 8 1 10 12 1 1 10 12 1 8 1 10 12 1 1 10 12 1 10 12 1 10 12 1 1 10 12 1 10 12 1 1 10 12 1 1 10 12 1 10 12 1 10 12 1 10 12 1 1 10 12 1 10 12 1 10 12 1 1 10 12 1 5 0 5 0 5 0 10 12 1 10 12 1 10 12 1 10 12 1 10 12 1 10 12 1 10 12 1 10 12 1 10 12 1 1 10 12 1 10 12 1 100 1 8 1 10 100 1 10 10 12 1 1 10 12 1 1 10 12 1 10 12 1 1 10 12 1 1 10 12 1 10 12 1 1 10 12 1 9 7 12 1 1 9 12 1 100 1 10 10 12 1 1 8 1 10 8 1 8 1 10 12 1 1 9 7 12 1 1 1 9 100 1 9 7 1 9 100 1 9 9 100 1 9 7 1 9 100 1 10 12 1 1 10 12 1 1 10 12 1 1 10 12 1 1 5 0 5 0 9 12 1 1 10 12 1 10 12 1 10 12 1 1 10 12 1 1 10 12 1 8 1 3 10 12 1 1 10 12 1 1 10 12 1 10 12 1 1 10 12 1 1 10 12 1 10 12 1 10 12 1 10 12 1 10 12 1 10 12 1 1 10 12 1 1 10 12 1 10 12 1 10 12 1 10 12 1 10 12 1 10 12 1 1 10 12 1 1 10 12 1 10 12 1 10 12 1 10 12 1 10 12 1 10 12 1 1 10 12 1 1 10 12 1 1 10 12 1 1 10 12 1 10 12 1 10 12 1 10 12 1 10 12 1 10 12 1 10 12 1 1 10 12 1 1 10 12 1 10 12 1 10 12 1 10 12 1 10 12 1 10 12 1 10 12 1 1 10 12 1 1 10 12 1 10 12 1 10 12 1 10 12 1 10 12 1 10 12 1 10 12 1 10 12 1 1 10 12 1 10 12 1 10 12 1 10 12 1 10 12 1 1 10 12 1 10 12 1 10 12 1 10 12 1 10 12 1 10 12 1 10 12 1 10 12 1 1 10 12 1 10 12 1 10 12 1 10 12 1 10 12 1 10 12 1 1 10 12 1 10 12 1 10 12 1 1 10 12 1 10 12 1 10 12 1 10 12 1 10 12 1 10 12 1 10 12 1 10 12 1 10 12 1 10 12 1 10 12 1 10 12 1 10 12 1 10 12 1 10 12 1 10 12 1 10 12 1 10 12 1 10 12 1 10 12 1 10 12 1 10 12 1 10 12 1 100 1 10 100 1 10 9 12 1 5 0 10 12 1 1 5 0 10 12 1 5 0 10 12 1 10 12 1 10 12 1 1 10 12 1 1 10 12 1 10 12 1 10 12 1 10 12 1 1 10 12 1 10 12 1 10 12 1 10 12 1 10 12 1 1 10 12 1 10 12 1 10 12 1 10 12 1 1 10 12 1 10 12 1 10 12 1 1 10 12 1 10 12 1 10 12 1 10 12 1 1 10 12 1 10 10 12 1 1 10 12 1 10 12 1 1 10 12 1 10 12 5 0 5 0 5 0 10 12 1 1 10 12 1 10 12 1 10 12 10 100 12 1 1 8 1 100 1 11 12 1 1 8 1 11 12 1 1 10 100 12 1 1 10 12 1 10 12 1 10 12 1 10 12 1 10 12 1 1 10 12 1 10 12 1 10 12 1 10 12 1 10 12 1 10 12 1 10 7 1 10 12 1 9 12 1 7 1 9 12 1 7 1 9 12 1 7 1 9 12 1 7 1 9 12 1 7 1 9 12 1 7 1 9 12 1 7 1 9 12 1 7 1 9 12 1 10 12 1 9 12 1 9 12 1 9 12 1 9 12 1 9 12 1 9 12 1 9 12 1 9 12 1 9 12 1 9 12 1 1 1 3 1 1 1 1 1 1 1 1 1 1 1 1 1 1 1 1 1 1 1 1 1 1 1 1 1 1 1 1 1 1 1 1 1 1 1 1 1 1 1 1 1 1 1 1 1 1 1 1 1 1 1 1 1 1 1 1 1 1 1 1 1 1 1 1 1 1 1 1 1 1 1 1 1 1 1 1 1 1 1 1 1 1 1 1 1 1 1 1 1 100 1 1 1 1 1 1 1 1 1 1 1 1 1 1 1 1 1 1 1 1 1 1 1 1 1 1 1 1 1 1 1 1 1 1 1 1 1 1 1 1 1 1 1 1 1 1 1 1 1 1 1 1 1 1 1 1 1 1 1 1 1 1 1 1 1 1 1 1 1 1 1 1 1 1 1 1 1 1 1 1 1 1 1 1 1 1 1 1 1 1 1 1 1 1 1 1 1 1 1 1 1 1 1 1 1 1 1 1 1 1 1 1 1 1 1 1 1 1 1 1 1 1 1 1 1 1 1 1 1 1 1 1 1 1 1 1 1 1 1 1 1 1 1 1 1 1 1 1 1 1 1 1 1 1 1 1 1 1 1 1 1 1 1 1 1 1 1 1 1 1 1 1 1 1 1 1 1 1 1 1 1 1 1 1 1 1 1 1 1 1 1 1 1 1 1 1 1 1 1 1 1 1 1 1 1 1 3 1 1 1 1 1 1 1 1 1 1 1 1 1 1 1 1 1 1 1 1 1
staticfield jdk/internal/misc/Unsafe theUnsafe Ljdk/internal/misc/Unsafe; jdk/internal/misc/Unsafe
staticfield jdk/internal/misc/Unsafe ARRAY_BOOLEAN_BASE_OFFSET I 16
staticfield jdk/internal/misc/Unsafe ARRAY_BYTE_BASE_OFFSET I 16
staticfield jdk/internal/misc/Unsafe ARRAY_SHORT_BASE_OFFSET I 16
staticfield jdk/internal/misc/Unsafe ARRAY_CHAR_BASE_OFFSET I 16
staticfield jdk/internal/misc/Unsafe ARRAY_INT_BASE_OFFSET I 16
staticfield jdk/internal/misc/Unsafe ARRAY_LONG_BASE_OFFSET I 16
staticfield jdk/internal/misc/Unsafe ARRAY_FLOAT_BASE_OFFSET I 16
staticfield jdk/internal/misc/Unsafe ARRAY_DOUBLE_BASE_OFFSET I 16
staticfield jdk/internal/misc/Unsafe ARRAY_OBJECT_BASE_OFFSET I 16
staticfield jdk/internal/misc/Unsafe ARRAY_BOOLEAN_INDEX_SCALE I 1
staticfield jdk/internal/misc/Unsafe ARRAY_BYTE_INDEX_SCALE I 1
staticfield jdk/internal/misc/Unsafe ARRAY_SHORT_INDEX_SCALE I 2
staticfield jdk/internal/misc/Unsafe ARRAY_CHAR_INDEX_SCALE I 2
staticfield jdk/internal/misc/Unsafe ARRAY_INT_INDEX_SCALE I 4
staticfield jdk/internal/misc/Unsafe ARRAY_LONG_INDEX_SCALE I 8
staticfield jdk/internal/misc/Unsafe ARRAY_FLOAT_INDEX_SCALE I 4
staticfield jdk/internal/misc/Unsafe ARRAY_DOUBLE_INDEX_SCALE I 8
staticfield jdk/internal/misc/Unsafe ARRAY_OBJECT_INDEX_SCALE I 4
staticfield jdk/internal/misc/Unsafe ADDRESS_SIZE I 8
ciInstanceKlass jdk/internal/module/Modules 1 1 504 10 100 12 1 1 1 9 7 12 1 1 1 11 7 12 1 1 1 11 12 1 1 11 12 1 1 11 12 1 1 11 12 1 11 12 1 11 12 1 11 12 1 11 12 1 1 10 100 12 1 1 1 10 100 12 1 1 1 18 12 1 1 10 100 12 1 1 1 100 1 10 100 12 1 1 1 10 100 12 1 1 1 10 100 12 1 1 10 12 1 1 11 12 1 9 12 1 1 11 100 12 1 1 1 10 12 1 1 10 10 12 1 10 9 12 1 1 10 100 12 1 1 10 12 1 1 10 100 12 1 1 100 1 11 100 12 1 1 1 10 100 12 1 1 1 11 100 12 1 1 10 12 1 1 10 100 12 1 1 10 100 12 1 1 1 10 12 1 1 10 12 1 1 11 12 1 1 18 12 1 1 11 100 12 1 1 10 100 12 1 1 1 11 100 12 1 1 1 100 1 11 12 1 1 11 100 12 1 1 1 11 12 1 1 10 12 1 1 10 100 12 1 1 18 12 1 1 11 12 1 1 18 12 1 1 11 12 1 1 10 12 1 18 18 10 12 1 1 9 12 1 1 11 100 12 1 1 1 100 1 10 11 12 1 11 12 1 1 11 12 1 1 10 100 1 10 12 1 1 10 100 12 1 1 10 12 1 1 11 12 10 12 1 1 100 1 10 18 12 1 10 12 1 1 100 1 8 1 10 12 1 10 100 12 1 1 18 12 1 11 11 12 10 12 1 10 10 100 1 18 12 1 10 10 10 7 12 1 1 10 7 12 1 1 1 10 12 1 1 1 1 1 1 1 1 1 1 1 1 1 1 1 1 1 1 1 1 1 1 1 1 1 1 1 1 1 1 1 1 1 100 1 1 1 1 1 1 1 1 1 1 1 1 1 1 1 1 1 1 1 1 1 1 1 1 1 1 1 1 1 1 1 1 1 1 1 100 1 1 1 1 1 1 1 1 1 1 1 1 1 1 1 1 1 1 1 1 1 1 1 16 15 10 12 1 16 16 15 10 12 1 16 1 16 1 15 10 12 1 16 1 16 1 15 10 12 16 1 15 10 16 1 15 10 12 16 1 15 10 12 16 15 10 12 16 15 10 12 15 10 100 12 1 1 1 1 1 1 100 1 100 1 1
staticfield jdk/internal/module/Modules JLA Ljdk/internal/access/JavaLangAccess; java/lang/System$2
staticfield jdk/internal/module/Modules JLMA Ljdk/internal/access/JavaLangModuleAccess; java/lang/module/ModuleDescriptor$1
staticfield jdk/internal/module/Modules $assertionsDisabled Z 1
ciInstanceKlass java/lang/AutoCloseable 1 0 12 100 1 100 1 1 1 1 100 1 1 1
ciInstanceKlass java/io/Closeable 1 0 14 100 1 100 1 100 1 1 1 1 100 1 1 1
instanceKlass sun/nio/ch/ChannelInputStream
instanceKlass java/util/zip/ZipFile$ZipFileInputStream
instanceKlass java/io/FilterInputStream
instanceKlass java/io/FileInputStream
instanceKlass java/io/ByteArrayInputStream
ciInstanceKlass java/io/InputStream 1 1 195 100 1 10 7 12 1 1 1 100 1 10 10 7 12 1 1 1 10 7 12 1 1 1 10 12 1 100 1 3 10 12 1 1 100 1 8 1 10 12 1 10 7 12 1 1 1 3 100 1 8 1 10 10 100 12 1 1 1 100 1 10 11 100 12 1 1 1 10 12 1 1 11 12 1 1 11 100 12 1 1 1 11 12 1 1 100 1 10 100 12 1 1 1 5 0 10 12 1 10 12 1 1 100 1 10 8 1 10 8 1 8 1 10 12 1 1 10 100 12 1 1 1 100 1 5 0 10 12 1 100 1 100 1 1 1 1 3 1 3 1 1 1 1 1 1 1 1 1 1 1 1 1 1 1 1 1 1 1 1 1 1 1 1 1 1 1 1 1 1 1 1 1 1 1 1 1 1 1 1 1 1 1 1 1 1 1 1 1 1 1 1 1 1 1
ciInstanceKlass java/io/ByteArrayInputStream 1 1 117 10 7 12 1 1 1 9 7 12 1 1 1 9 12 1 1 9 12 1 9 12 1 10 100 12 1 1 1 10 7 12 1 1 1 10 7 12 1 1 1 10 100 12 1 1 1 10 12 1 1 3 10 100 1 10 100 12 1 1 1 9 12 1 1 100 1 10 10 7 12 1 1 1 1 1 1 1 1 1 1 1 1 1 1 1 1 1 1 1 1 1 1 1 1 1 1 1 1 1 1 1 100 1 1 1 1 1 1 1 1 1 1 1 1 1 1
staticfield java/io/ByteArrayInputStream $assertionsDisabled Z 1
ciInstanceKlass java/net/URL 1 1 771 10 7 12 1 1 1 10 12 1 10 7 12 1 1 9 12 1 1 9 12 1 10 7 12 1 1 1 10 12 1 1 10 12 1 1 9 12 1 1 10 7 12 1 1 1 8 1 10 12 1 1 100 1 10 10 12 1 1 8 1 10 12 1 1 9 12 1 100 1 8 1 10 12 1 10 12 1 8 1 9 12 1 10 12 1 1 9 12 1 10 12 1 10 12 1 9 12 1 9 12 1 8 1 9 12 1 10 12 1 1 8 1 9 12 1 1 10 12 1 1 10 7 12 1 1 1 8 1 10 12 1 7 1 10 12 1 10 12 1 10 12 1 10 12 1 1 10 12 1 1 8 1 10 12 1 1 10 12 1 8 1 9 12 1 8 1 10 12 1 10 7 12 1 1 1 100 1 10 12 1 10 12 1 1 10 7 12 1 1 1 100 1 8 1 10 10 12 1 8 1 10 12 1 1 10 12 1 10 12 1 10 12 1 10 12 1 10 12 1 10 12 1 8 1 10 12 1 8 1 10 10 100 1 10 10 12 1 8 1 10 7 12 1 1 1 10 12 1 9 100 12 1 1 1 10 100 12 1 1 1 9 12 1 1 10 12 1 10 100 12 1 1 1 100 1 100 1 10 12 1 10 12 1 10 12 1 10 12 1 10 12 1 10 12 10 10 12 1 10 12 1 10 12 1 1 8 1 9 100 12 1 1 1 10 100 12 1 1 1 10 12 1 1 9 100 12 1 1 1 10 12 1 1 100 1 10 12 1 10 12 1 10 10 12 1 1 10 12 1 1 10 12 1 10 12 1 10 12 1 10 7 12 1 1 1 10 12 1 1 10 12 1 9 12 1 1 9 12 1 1 100 1 8 1 10 10 12 1 9 12 1 1 10 7 12 1 1 8 1 10 7 12 1 1 8 1 10 12 1 1 10 12 1 8 1 8 1 10 7 12 1 1 1 100 1 10 100 12 1 1 1 10 12 1 10 12 1 100 1 10 9 100 12 1 1 1 10 100 12 1 1 10 12 1 1 10 12 1 8 1 100 1 10 10 100 12 1 1 1 10 12 1 8 9 100 12 1 1 1 10 12 1 1 10 12 1 10 12 1 1 10 100 12 1 1 11 7 12 1 1 10 12 1 10 12 1 9 12 1 10 12 1 1 10 100 12 1 1 10 100 12 1 1 1 8 10 100 12 1 1 100 1 10 8 8 10 12 1 8 8 8 100 1 10 12 1 9 12 1 1 10 12 1 10 12 1 1 10 12 1 10 12 10 12 1 1 10 12 1 1 10 10 10 12 1 10 12 1 10 12 1 10 12 1 10 12 1 10 10 12 1 100 1 8 1 10 10 10 12 1 1 10 12 1 10 12 1 1 8 1 7 1 10 10 7 1 10 12 1 9 7 12 1 1 1 9 12 1 1 7 1 10 10 7 12 1 1 1 100 1 1 1 1 1 5 0 1 1 1 1 1 1 1 1 1 1 1 1 1 1 1 1 1 1 1 1 1 1 1 1 1 1 1 1 1 1 1 1 1 1 1 1 1 1 1 1 1 1 1 1 1 1 1 1 100 1 1 1 1 1 1 1 1 1 1 1 1 1 1 1 1 1 1 1 1 1 1 1 1 1 1 1 1 1 1 1 1 1 1 1 1 1 100 1 1 1 1 1 1 1 1 1 1 1 1 1 1 1 1 1 100 1 1 1 1 1 1 1 1 1 1 1 1 1 1 1 1 1 1 1
staticfield java/net/URL defaultFactory Ljava/net/URLStreamHandlerFactory; java/net/URL$DefaultFactory
staticfield java/net/URL streamHandlerLock Ljava/lang/Object; java/lang/Object
staticfield java/net/URL serialPersistentFields [Ljava/io/ObjectStreamField; 7 [Ljava/io/ObjectStreamField;
instanceKlass io/ballerina/projects/util/CustomURLClassLoader
ciInstanceKlass java/net/URLClassLoader 1 1 600 10 7 12 1 1 1 7 1 10 12 1 9 7 12 1 1 1 10 7 12 1 1 1 9 12 1 1 7 1 10 12 1 9 12 1 1 10 12 1 10 10 12 1 10 100 12 1 1 1 10 12 1 1 10 7 12 1 1 1 10 7 12 1 1 1 100 1 10 12 1 1 10 12 1 1 10 12 1 1 100 1 100 1 10 7 12 1 1 1 100 1 8 1 10 12 1 10 100 12 1 1 1 10 12 1 1 10 12 1 1 11 100 12 1 1 1 11 100 12 1 1 1 11 12 1 1 100 1 11 12 1 11 100 12 1 1 10 12 1 11 12 1 11 12 1 1 11 10 12 1 1 10 12 1 1 10 12 1 1 7 1 10 12 1 10 12 1 1 7 1 100 1 10 12 1 1 7 1 10 10 12 1 1 10 7 12 1 1 10 12 1 100 1 100 1 10 8 1 10 12 1 1 8 1 10 12 1 1 10 10 12 1 8 1 8 1 10 12 1 1 10 7 12 1 1 1 10 7 12 1 1 1 10 12 1 1 10 12 1 1 10 12 1 1 10 12 1 10 12 1 100 1 100 1 8 1 10 12 1 10 12 1 1 10 12 1 1 7 1 10 12 1 10 7 12 1 1 1 10 12 1 1 10 12 1 1 10 12 1 1 10 12 1 10 7 12 1 1 1 10 12 1 1 8 1 10 12 1 1 11 7 12 1 1 1 9 7 12 1 1 1 10 7 12 1 1 1 9 12 1 9 12 1 9 12 1 9 12 1 9 12 1 9 12 1 10 7 12 1 1 1 8 1 10 12 1 1 7 1 10 10 12 1 10 12 1 1 10 12 1 1 100 1 10 12 1 10 12 1 1 10 12 1 10 12 1 1 7 1 10 7 12 1 1 9 7 12 1 1 1 10 12 1 8 1 100 1 8 1 10 12 1 10 12 1 8 1 10 12 1 10 12 1 9 12 1 1 10 100 12 1 1 10 12 1 10 12 1 10 100 1 8 1 10 100 1 10 12 1 10 7 12 1 100 1 10 12 1 10 12 1 100 1 10 10 7 12 1 1 1 1 1 1 1 1 1 1 1 1 1 1 1 1 1 1 1 1 1 1 1 1 1 1 1 1 1 1 1 1 1 1 1 1 1 100 1 100 1 100 1 100 1 1 1 1 1 1 1 1 1 1 1 1 1 1 1 1 1 1 1 1 1 1 1 1 1 1 1 1 1 1 1 1 1 1 1 1 1 1 1 1 1 1 1 1 1 1 100 1 1 1 1 1 1 1 1 1 1 1 1 1 1 1 1 1 1 1 1 1 1 1 1 1 1 1 1 1 1 1 1 1 1 1 1 1 100 1 1 1
instanceKlass io/ballerina/designmodelgenerator/core/model/ConnectionKind
instanceKlass io/ballerina/artifactsgenerator/Artifact$Type
instanceKlass io/ballerina/artifactsgenerator/Artifact$Scope
instanceKlass org/eclipse/lsp4j/jsonrpc/messages/ResponseErrorCode
instanceKlass org/eclipse/lsp4j/DiagnosticSeverity
instanceKlass io/ballerina/compiler/api/symbols/Qualifier
instanceKlass io/ballerina/compiler/api/symbols/SymbolKind
instanceKlass io/ballerina/compiler/api/symbols/TypeDescKind
instanceKlass io/ballerina/projects/CompilerPluginKind
instanceKlass io/ballerina/tools/diagnostics/DiagnosticPropertyKind
instanceKlass org/ballerinalang/model/tree/DocReferenceErrorType
instanceKlass org/wso2/ballerinalang/compiler/semantics/analyzer/Types$QueryConstructType
instanceKlass org/ballerinalang/model/tree/DocumentationReferenceType
instanceKlass org/ballerinalang/util/diagnostic/DiagnosticWarningCode
instanceKlass org/wso2/ballerinalang/compiler/semantics/analyzer/IsolationAnalyzer$IsolationInferenceKind
instanceKlass org/wso2/ballerinalang/compiler/semantics/analyzer/DataflowAnalyzer$InitStatus
instanceKlass org/wso2/ballerinalang/compiler/semantics/analyzer/CodeAnalyzer$DefaultValueState
instanceKlass org/wso2/ballerinalang/compiler/semantics/analyzer/Types$BasicTypes
instanceKlass io/ballerina/types/definition/Member$Kind
instanceKlass io/ballerina/types/definition/Member$Visibility
instanceKlass io/ballerina/types/definition/ObjectQualifiers$NetworkQualifier
instanceKlass io/ballerina/types/BddMemo$MemoStatus
instanceKlass org/wso2/ballerinalang/compiler/semantics/analyzer/Types$ContextOption
instanceKlass org/wso2/ballerinalang/compiler/semantics/analyzer/Types$TypeTestResult
instanceKlass org/wso2/ballerinalang/compiler/tree/statements/BLangBlockStmt$FailureBreakMode
instanceKlass org/ballerinalang/util/diagnostic/DiagnosticErrorCode
instanceKlass org/wso2/ballerinalang/compiler/util/FieldKind
instanceKlass org/ballerinalang/model/tree/NodeKind
instanceKlass org/ballerinalang/model/tree/SourceKind
instanceKlass io/ballerina/compiler/internal/parser/DocumentationParser$ReferenceGenre
instanceKlass org/ballerinalang/langserver/commons/eventsync/EventKind
instanceKlass io/ballerina/projects/SemanticVersion$VersionCompatibilityResult
instanceKlass java/util/stream/MatchOps$MatchKind
instanceKlass io/ballerina/projects/util/ProjectUtils$CompatibleRange
instanceKlass io/ballerina/projects/internal/ModuleResolver$DirectPackageDependencyKind
instanceKlass io/ballerina/projects/internal/PackageDependencyGraphBuilder$NodeStatus
instanceKlass io/ballerina/projects/internal/ProjectDiagnosticErrorCode
instanceKlass io/ballerina/compiler/internal/diagnostics/DiagnosticErrorCode
instanceKlass io/ballerina/compiler/internal/parser/TypePrecedence
instanceKlass io/ballerina/compiler/internal/parser/ParserRuleContext
instanceKlass io/ballerina/compiler/internal/parser/OperatorPrecedence
instanceKlass io/ballerina/compiler/internal/parser/KeywordMode
instanceKlass io/ballerina/compiler/internal/parser/ParserMode
instanceKlass com/google/common/cache/RemovalCause
instanceKlass io/ballerina/projects/JvmTarget
instanceKlass io/ballerina/projects/BuildOptions$OptionName
instanceKlass io/ballerina/projects/PlatformLibraryScope
instanceKlass org/ballerinalang/model/tree/OperatorKind
instanceKlass org/ballerinalang/model/elements/AttachPoint$Point
instanceKlass org/wso2/ballerinalang/compiler/semantics/model/symbols/SchedulerPolicy
instanceKlass org/wso2/ballerinalang/compiler/bir/writer/CPEntry$Type
instanceKlass io/ballerina/projects/ModuleCompilationState
instanceKlass io/ballerina/tools/diagnostics/DiagnosticSeverity
instanceKlass io/ballerina/projects/internal/BlendedManifest$DependencyOrigin
instanceKlass io/ballerina/projects/internal/BlendedManifest$DependencyRelation
instanceKlass io/ballerina/projects/environment/ResolutionResponse$ResolutionStatus
instanceKlass io/ballerina/projects/ProjectKind
instanceKlass java/nio/file/FileTreeWalker$EventType
instanceKlass java/nio/file/FileVisitOption
instanceKlass io/ballerina/projects/environment/PackageLockingMode
instanceKlass io/ballerina/projects/DependencyResolutionType
instanceKlass io/ballerina/projects/PackageDependencyScope
instanceKlass org/wso2/ballerinalang/compiler/util/BArrayState
instanceKlass org/ballerinalang/model/types/TypeKind
instanceKlass java/math/RoundingMode
instanceKlass org/ballerinalang/model/symbols/SymbolKind
instanceKlass io/ballerina/compiler/api/symbols/DiagnosticState
instanceKlass org/ballerinalang/model/symbols/SymbolOrigin
instanceKlass io/ballerina/types/CellAtomicType$CellMutability
instanceKlass io/ballerina/types/Atom$Kind
instanceKlass org/ballerinalang/model/elements/Flag
instanceKlass org/apache/commons/text/translate/NumericEntityUnescaper$OPTION
instanceKlass org/apache/commons/lang3/Range$ComparableComparator
instanceKlass com/google/common/cache/LocalCache$NullEntry
instanceKlass org/ballerinalang/langserver/LSContextOperation
instanceKlass org/ballerinalang/compiler/CompilerPhase
instanceKlass org/ballerinalang/compiler/CompilerOptionName
instanceKlass java/util/stream/Collector$Characteristics
instanceKlass io/ballerina/toml/semantic/TomlType
instanceKlass io/ballerina/toml/internal/parser/tree/STNodeFlags
instanceKlass io/ballerina/toml/syntax/tree/SyntaxKind
instanceKlass io/ballerina/toml/internal/parser/ParserRuleContext
instanceKlass io/ballerina/toml/internal/parser/ParserMode
instanceKlass io/ballerina/toml/validator/schema/Type
instanceKlass org/ballerinalang/langserver/commons/SemanticTokensContext$TokenTypeModifiers
instanceKlass org/ballerinalang/langserver/commons/SemanticTokensContext$TokenTypes
instanceKlass java/nio/file/AccessMode
instanceKlass org/eclipse/lsp4j/WorkDoneProgressKind
instanceKlass org/eclipse/lsp4j/MessageType
instanceKlass java/security/DrbgParameters$Capability
instanceKlass sun/security/util/KnownOIDs
instanceKlass org/ballerinalang/langserver/Experimental
instanceKlass org/eclipse/lsp4j/TextDocumentSyncKind
instanceKlass org/eclipse/lsp4j/DiagnosticTag
instanceKlass org/eclipse/lsp4j/PrepareSupportDefaultBehavior
instanceKlass org/eclipse/lsp4j/CompletionItemKind
instanceKlass org/eclipse/lsp4j/CompletionItemTag
instanceKlass org/eclipse/lsp4j/InsertTextMode
instanceKlass org/eclipse/lsp4j/SymbolTag
instanceKlass org/eclipse/lsp4j/SymbolKind
instanceKlass io/ballerina/parsers/Kind
instanceKlass sun/util/locale/provider/LocaleProviderAdapter$Type
instanceKlass java/util/Locale$Category
instanceKlass com/github/zafarkhaja/semver/VersionParser$CharType
instanceKlass java/lang/invoke/MethodHandleImpl$ArrayAccess
instanceKlass java/lang/reflect/ProxyGenerator$PrimitiveTypeInfo
instanceKlass java/lang/annotation/RetentionPolicy
instanceKlass com/google/gson/ReflectionAccessFilter$FilterResult
instanceKlass com/google/gson/stream/JsonToken
instanceKlass com/google/gson/LongSerializationPolicy
instanceKlass com/google/gson/ToNumberPolicy
instanceKlass com/google/gson/FieldNamingPolicy
instanceKlass org/apache/commons/lang3/JavaVersion
instanceKlass io/ballerina/compiler/syntax/tree/SyntaxKind
instanceKlass java/util/regex/Pattern$Qtype
instanceKlass jdk/internal/vm/Continuation$Pinned
instanceKlass com/google/common/cache/LocalCache$EntryFactory
instanceKlass com/google/common/cache/CacheBuilder$NullListener
instanceKlass com/google/common/cache/CacheBuilder$OneWeigher
instanceKlass com/google/common/cache/LocalCache$Strength
instanceKlass jdk/internal/logger/BootstrapLogger$LoggingBackend
instanceKlass java/util/stream/StreamShape
instanceKlass java/util/stream/StreamOpFlag$Type
instanceKlass java/util/stream/StreamOpFlag
instanceKlass java/lang/invoke/MethodHandles$Lookup$ClassOption
instanceKlass java/lang/invoke/VarHandle$AccessType
instanceKlass java/lang/invoke/VarHandle$AccessMode
instanceKlass java/lang/invoke/MethodHandleImpl$Intrinsic
instanceKlass java/lang/invoke/LambdaForm$BasicType
instanceKlass java/lang/invoke/LambdaForm$Kind
instanceKlass sun/invoke/util/Wrapper
instanceKlass java/util/zip/ZipCoder$Comparison
instanceKlass java/nio/file/LinkOption
instanceKlass sun/nio/fs/WindowsPathType
instanceKlass java/nio/file/StandardOpenOption
instanceKlass java/util/concurrent/TimeUnit
instanceKlass java/io/File$PathStatus
instanceKlass java/lang/module/ModuleDescriptor$Requires$Modifier
instanceKlass java/lang/reflect/AccessFlag$Location
instanceKlass java/lang/reflect/AccessFlag
instanceKlass java/lang/module/ModuleDescriptor$Modifier
instanceKlass java/lang/reflect/ClassFileFormatVersion
instanceKlass java/lang/Thread$State
ciInstanceKlass java/lang/Enum 1 1 204 9 7 12 1 1 1 9 12 1 1 10 7 12 1 1 1 9 12 1 10 7 12 1 1 1 100 1 10 10 12 1 1 10 12 1 100 1 10 10 7 12 1 1 10 12 1 1 18 12 1 1 10 100 12 1 1 1 10 12 1 1 11 7 12 1 1 1 100 1 8 1 10 12 1 100 1 100 1 10 8 1 10 12 1 1 10 12 1 1 8 1 10 12 1 10 100 1 8 1 10 10 12 1 1 10 100 12 1 1 1 100 1 100 1 100 1 1 1 1 1 1 1 1 1 1 1 1 1 1 1 1 1 1 1 1 1 1 1 1 1 1 1 1 1 1 1 1 1 1 1 1 1 1 1 1 1 1 1 1 1 1 1 3 1 1 1 1 100 1 100 1 1 100 1 1 1 1 1 1 1 1 1 1 1 16 15 10 12 16 15 10 100 12 1 1 1 1 1 100 1 100 1 1
ciInstanceKlass java/util/jar/Manifest 1 1 339 10 7 12 1 1 1 7 1 10 9 7 12 1 1 1 7 1 10 9 12 1 1 9 12 1 1 10 12 1 10 12 1 1 10 12 1 1 10 12 1 1 10 12 1 1 11 7 1 11 12 1 1 10 12 1 1 10 100 12 1 1 1 100 1 100 1 10 8 1 10 12 1 1 10 12 1 1 10 12 1 10 12 1 11 100 1 10 12 1 10 12 1 1 11 12 1 1 10 12 1 11 12 1 1 11 100 12 1 1 1 11 100 12 1 1 11 12 1 1 100 1 10 12 1 8 1 11 12 1 100 1 10 12 1 1 11 12 1 10 12 1 10 12 1 10 100 12 1 1 1 8 1 10 12 1 1 10 9 100 12 1 1 1 10 12 1 1 10 100 12 1 10 12 1 10 12 1 9 100 12 1 1 1 8 1 10 12 1 8 1 8 1 7 1 10 12 1 10 12 1 10 12 1 1 100 1 8 1 10 12 1 1 8 1 10 10 12 1 1 8 1 10 12 1 1 10 100 12 1 1 1 10 12 1 10 11 12 1 1 10 12 1 10 100 12 1 1 1 10 12 1 1 10 12 1 10 12 1 1 11 10 12 1 11 10 12 1 100 1 1 1 1 1 1 1 1 1 1 1 1 1 1 1 1 1 1 1 1 1 1 1 1 1 1 1 1 1 1 1 1 1 1 1 1 1 1 1 1 1 1 1 100 1 1 1 1 1 1 1 1 1 1 1 1 1 1 100 1 1 1 1 1 1 1 1 1 1 1
instanceKlass jdk/internal/loader/ClassLoaders$BootClassLoader
instanceKlass jdk/internal/loader/ClassLoaders$PlatformClassLoader
instanceKlass jdk/internal/loader/ClassLoaders$AppClassLoader
ciInstanceKlass jdk/internal/loader/BuiltinClassLoader 1 1 737 9 7 12 1 1 1 10 7 12 1 1 1 10 7 12 1 1 1 9 12 1 1 9 12 1 1 7 1 10 12 1 9 12 1 10 12 1 9 12 1 10 7 12 1 1 1 10 7 12 1 1 1 10 7 12 1 1 1 11 7 12 1 1 1 100 1 100 1 10 10 12 1 1 8 1 10 12 1 10 12 7 1 10 12 1 10 12 1 1 11 7 12 1 1 1 11 7 12 1 1 1 11 12 1 1 7 1 8 1 8 1 10 9 12 1 1 10 7 12 1 1 11 12 1 1 10 12 1 1 10 12 1 1 10 12 1 1 10 7 12 1 1 1 10 12 1 10 100 12 1 1 1 10 12 1 1 11 7 12 1 1 1 10 7 12 1 1 100 1 10 7 12 1 1 1 10 12 1 100 1 8 1 10 12 1 1 10 8 1 10 12 1 1 10 12 1 1 10 12 1 1 11 7 12 1 1 11 12 1 7 1 10 11 12 1 1 11 10 12 1 1 7 1 10 12 1 10 7 12 1 10 12 1 7 1 10 12 1 10 7 12 1 1 1 100 1 10 12 1 1 11 12 1 7 1 100 1 10 12 1 10 12 1 1 100 1 100 1 10 12 1 10 12 1 18 12 1 1 10 12 1 10 12 1 1 18 100 1 10 7 12 1 1 1 7 1 10 10 12 1 1 10 12 1 1 10 12 1 1 10 12 1 9 12 1 1 100 1 10 10 12 1 1 10 12 1 1 10 12 1 10 12 10 12 1 1 10 12 1 1 10 12 1 1 10 12 1 10 12 1 1 18 12 1 7 1 10 12 1 1 10 12 1 10 12 1 1 10 12 1 100 1 10 12 1 7 1 10 12 1 10 7 12 1 1 1 10 12 1 11 12 1 7 1 10 12 1 7 1 100 1 10 12 1 10 12 1 11 12 1 1 10 12 1 1 10 12 1 1 10 12 1 1 10 12 1 1 10 12 1 10 12 1 10 12 1 10 12 1 8 1 10 12 1 1 10 7 12 1 1 10 12 1 100 1 8 1 8 1 10 10 12 1 8 1 8 1 10 7 12 1 1 1 11 7 12 1 1 1 9 7 12 1 1 1 10 7 12 1 1 1 9 12 1 9 12 1 9 12 1 9 12 1 9 12 1 9 12 1 10 7 12 1 1 1 8 1 10 12 1 7 1 10 12 1 1 10 12 1 7 1 10 11 12 1 1 10 12 10 12 1 10 12 1 100 1 10 12 1 10 12 1 10 10 12 1 10 7 12 1 1 8 1 10 7 12 1 1 10 12 1 1 1 1 1 1 1 1 1 1 1 1 1 1 1 1 1 1 1 1 1 1 1 1 1 1 1 1 1 1 1 1 1 1 1 1 1 1 1 1 1 1 1 1 1 1 1 1 1 1 1 1 1 1 1 1 100 1 1 1 1 1 1 1 1 1 1 1 1 1 1 1 1 1 1 100 1 100 1 1 1 1 1 1 1 1 1 1 1 1 1 1 1 1 1 1 1 1 1 1 1 1 1 1 1 1 1 1 1 1 1 1 1 1 1 1 1 1 1 1 1 1 1 1 1 1 1 1 1 100 1 1 16 15 10 12 16 15 10 12 16 15 10 12 16 1 15 10 100 12 1 1 1 1 1 100 1 1 1 1 1 100 1 100 1 1
staticfield jdk/internal/loader/BuiltinClassLoader packageToModule Ljava/util/Map; java/util/concurrent/ConcurrentHashMap
staticfield jdk/internal/loader/BuiltinClassLoader $assertionsDisabled Z 1
ciInstanceKlass jdk/internal/loader/ClassLoaders 1 1 183 10 100 12 1 1 1 10 7 12 1 1 1 10 12 1 1 10 100 12 1 1 1 9 7 12 1 1 1 9 12 1 1 9 12 1 1 7 1 11 100 12 1 1 1 100 1 11 12 1 1 11 12 1 1 10 100 12 1 1 1 10 100 12 1 1 1 100 1 100 1 10 7 12 1 1 1 9 12 1 1 10 12 1 1 7 1 10 12 1 1 10 12 1 7 1 8 1 10 7 12 1 1 1 10 12 1 1 7 1 10 12 1 10 12 1 10 12 1 8 1 10 7 12 1 1 8 1 8 1 10 12 1 7 1 10 12 1 10 12 1 10 12 1 1 1 1 1 1 1 1 1 1 1 1 1 1 1 1 1 1 1 1 100 1 1 1 1 1 1 1 1 1 1 1 1 1 1 1 1 1 1 1
staticfield jdk/internal/loader/ClassLoaders JLA Ljdk/internal/access/JavaLangAccess; java/lang/System$2
staticfield jdk/internal/loader/ClassLoaders BOOT_LOADER Ljdk/internal/loader/ClassLoaders$BootClassLoader; jdk/internal/loader/ClassLoaders$BootClassLoader
staticfield jdk/internal/loader/ClassLoaders PLATFORM_LOADER Ljdk/internal/loader/ClassLoaders$PlatformClassLoader; jdk/internal/loader/ClassLoaders$PlatformClassLoader
staticfield jdk/internal/loader/ClassLoaders APP_LOADER Ljdk/internal/loader/ClassLoaders$AppClassLoader; jdk/internal/loader/ClassLoaders$AppClassLoader
ciInstanceKlass jdk/internal/loader/ClassLoaders$AppClassLoader 1 1 119 8 1 10 7 12 1 1 1 10 7 12 1 1 1 10 100 12 1 1 1 10 12 1 1 10 100 12 1 1 1 10 12 1 1 10 12 1 1 7 1 8 1 10 12 10 7 12 1 1 1 10 100 12 1 1 10 12 1 1 10 12 1 1 10 7 12 1 1 1 100 1 10 12 1 1 1 1 1 1 1 1 1 1 1 1 1 1 1 1 1 1 1 1 1 100 1 1 1 1 1 1 1 1 1 1 1 1 1 1 1 1 1 1 1 100 1 1 1
ciInstanceKlass jdk/internal/loader/ClassLoaders$PlatformClassLoader 1 1 42 8 1 10 7 12 1 1 1 10 7 12 1 1 1 100 1 10 12 1 100 1 1 1 1 1 1 1 1 1 1 1 1 1 1 100 1 1 1 100 1 1
ciInstanceKlass java/security/CodeSource 1 1 398 10 7 12 1 1 1 9 7 12 1 1 1 9 12 1 1 9 12 1 1 9 12 1 1 10 7 12 1 1 1 9 12 1 1 10 100 12 1 1 10 100 10 100 12 1 1 1 10 100 12 1 1 1 10 12 1 1 100 1 10 10 100 12 1 1 1 10 100 12 1 1 1 10 12 1 1 100 1 10 12 1 1 10 12 1 1 10 12 1 1 10 12 1 10 10 10 12 1 1 10 100 12 1 1 1 10 12 1 10 12 1 10 12 1 8 1 10 12 1 10 12 1 10 12 1 1 10 12 1 8 1 10 12 1 1 10 100 1 10 10 12 1 1 8 1 10 12 1 10 12 1 10 12 1 8 1 8 1 9 12 1 1 100 1 8 1 10 12 1 10 12 1 1 8 1 10 12 1 8 1 8 1 8 1 10 100 12 1 1 10 12 1 1 10 12 1 10 12 1 1 10 12 1 1 10 12 1 1 100 1 100 1 10 12 1 10 12 10 12 1 1 10 100 12 1 1 10 12 1 100 1 10 12 10 100 12 1 1 1 10 8 1 10 12 1 10 12 1 10 12 1 1 100 1 10 12 1 1 100 1 100 1 8 1 8 1 10 10 12 1 1 10 100 12 1 1 1 100 1 10 12 10 12 1 1 11 100 12 1 1 10 10 12 1 11 10 12 1 8 1 100 1 10 12 1 10 12 1 1 10 12 1 11 12 1 1 100 1 1 1 1 5 0 1 1 1 1 1 1 1 1 1 1 1 1 1 1 1 1 1 1 1 1 1 1 1 1 1 1 1 1 1 1 1 1 1 1 1 1 1 1 1 1 1 1 1 1 1 1 1 1 1 1 1 1 1 1 1 1 1 1 1 1 1 1 1 1 1 1 100 1 1 1 1 1 1 1
ciInstanceKlass java/util/concurrent/ConcurrentMap 1 1 208 11 100 12 1 1 1 10 100 12 1 1 11 12 1 1 11 100 12 1 1 1 11 100 12 1 1 1 11 12 1 1 100 1 11 12 1 11 12 1 100 1 11 100 12 1 1 1 18 12 1 11 12 1 1 11 100 12 1 1 11 12 1 1 11 100 12 1 11 12 1 1 11 12 1 1 100 1 100 1 1 1 1 1 1 1 1 1 1 1 1 1 1 1 1 1 1 1 1 1 1 1 1 1 1 1 1 1 1 1 1 1 1 1 1 1 1 1 1 1 1 1 1 1 1 1 1 1 1 1 1 1 1 1 1 1 1 1 1 16 15 11 12 15 10 100 12 1 1 1 1 1 100 1 100 1 1 1 100 1 8 1 1 12 10 1 1 1 8 1 1 1 8 1 1 8 1 1 1 8 1 1 1 8 1 1 1 8 1 1 1 8 1 1 1 8 1 1 1 8 1 1 1 8 1 1 8 1
instanceKlass java/util/concurrent/ConcurrentSkipListMap
instanceKlass com/google/gson/internal/LinkedTreeMap
instanceKlass com/google/common/cache/LocalCache
instanceKlass java/util/EnumMap
instanceKlass java/util/TreeMap
instanceKlass java/util/IdentityHashMap
instanceKlass java/util/WeakHashMap
instanceKlass java/util/Collections$EmptyMap
instanceKlass sun/util/PreHashedMap
instanceKlass java/util/HashMap
instanceKlass java/util/ImmutableCollections$AbstractImmutableMap
instanceKlass java/util/concurrent/ConcurrentHashMap
ciInstanceKlass java/util/AbstractMap 1 1 196 10 7 12 1 1 1 10 7 12 1 1 1 11 7 12 1 1 1 10 11 12 1 1 11 7 12 1 1 1 11 12 1 1 7 1 11 12 1 10 12 1 1 11 12 1 100 1 10 11 12 1 11 7 1 10 12 1 1 11 12 1 9 12 1 1 7 1 10 12 1 9 12 1 1 100 1 10 11 11 12 1 1 11 12 1 100 1 100 1 11 12 1 8 1 100 1 10 10 12 1 1 8 1 10 12 1 10 12 1 1 10 12 1 1 1 1 1 1 1 1 1 1 1 1 1 1 1 1 1 1 1 1 1 1 1 1 1 1 1 1 1 1 1 1 1 1 1 1 1 1 1 1 100 1 1 1 1 1 1 1 100 1 1 1 1 1 1 1 1 1 100 1 1 1 1 1 1 1 1 1 100 1 100 1 100 1 100 1 100 1 1 1 1 1 1
ciInstanceKlass java/util/concurrent/ConcurrentHashMap 1 1 1210 7 1 7 1 3 10 12 1 1 3 100 1 10 7 12 1 1 1 100 1 10 100 12 1 1 1 100 1 11 12 1 1 11 12 1 11 12 1 1 9 12 1 1 9 12 1 1 9 12 1 10 7 12 1 1 1 7 1 10 12 1 1 10 12 1 1 10 7 12 1 1 1 4 10 12 1 9 12 1 10 12 1 1 100 1 10 5 0 10 12 1 10 12 1 1 5 0 10 12 1 1 10 12 1 9 12 1 1 10 12 1 1 9 12 1 9 12 1 1 10 12 1 1 9 12 1 10 12 1 1 9 12 1 1 10 12 1 1 100 1 10 100 1 10 12 1 10 12 1 1 10 12 1 1 10 12 1 1 10 12 1 10 12 1 1 10 12 1 1 100 1 10 12 1 1 7 1 100 1 8 1 10 12 1 10 12 1 1 10 12 1 1 11 7 12 1 1 10 12 1 1 11 12 1 1 11 7 12 1 1 1 11 7 12 1 1 1 11 12 1 7 1 11 12 1 11 12 1 10 12 1 1 10 12 1 1 9 12 1 1 10 100 12 1 1 1 9 10 12 1 1 9 12 1 10 12 1 1 5 0 9 12 1 1 7 1 10 12 1 9 12 1 1 7 1 10 12 1 9 12 1 7 1 10 100 1 10 10 12 1 1 8 1 10 12 1 10 12 1 1 11 100 1 10 12 1 10 100 12 1 1 1 8 1 10 100 12 1 1 1 8 1 10 12 1 8 1 10 12 1 10 12 1 1 10 100 12 1 1 10 12 1 10 12 1 10 12 1 9 12 1 9 10 12 1 9 12 1 1 11 100 12 1 1 1 11 7 12 1 1 1 100 1 10 12 11 100 12 1 1 10 11 7 12 1 10 12 1 100 1 10 12 1 100 1 10 10 9 7 12 1 1 1 10 12 3 10 100 12 1 1 9 12 1 10 12 1 1 9 12 1 1 9 12 1 10 12 1 1 10 100 12 1 1 9 12 1 9 7 12 1 1 10 12 1 1 10 12 1 3 9 12 1 9 12 1 10 12 1 1 7 1 9 3 9 12 1 100 1 10 12 1 9 12 1 10 12 1 9 12 1 10 12 1 9 12 1 10 100 12 1 1 1 100 10 12 1 100 1 5 0 10 100 12 1 1 100 1 10 12 1 1 10 12 1 10 12 1 100 1 10 12 1 10 100 1 100 1 10 10 12 1 10 100 1 10 12 1 10 100 1 10 12 1 10 100 1 10 12 1 1 100 1 10 12 1 10 10 12 1 100 1 10 12 1 10 10 12 1 100 1 10 12 1 10 100 1 10 12 1 10 100 1 10 12 1 10 100 1 10 12 1 10 100 1 10 12 1 10 100 1 10 12 1 10 100 1 10 12 1 10 100 1 10 12 1 10 100 1 10 10 100 1 10 10 100 1 10 10 100 1 10 12 1 10 100 1 10 12 1 10 100 1 10 12 1 10 100 1 10 12 1 10 100 1 10 12 1 10 100 1 10 10 100 1 10 10 100 1 10 10 100 1 10 12 1 10 100 1 10 12 1 10 100 1 10 12 1 10 100 1 10 12 1 10 100 1 10 12 1 10 10 12 1 10 7 12 1 1 1 10 12 1 7 1 7 1 10 12 1 9 12 1 1 9 12 1 1 10 12 1 1 8 10 12 1 1 8 8 8 8 7 10 12 1 1 10 12 1 100 1 8 1 10 7 1 100 1 100 1 1 1 5 0 1 1 3 1 3 1 1 1 1 3 1 3 1 3 1 1 1 1 1 3 1 3 1 3 1 1 1 1 1 1 1 1 1 1 1 1 1 1 1 1 1 1 1 1 1 1 1 1 1 100 1 1 1 1 1 1 1 1 1 1 1 1 1 1 1 1 1 1 1 1 1 1 1 1 1 1 1 1 1 1 1 1 1 1 1 1 1 1 1 1 1 1 1 1 1 1 1 1 1 1 1 1 1 1 1 1 1 1 1 1 1 1 1 1 1 1 1 1 1 1 1 1 1 1 1 1 1 1 1 1 1 1 1 1 100 1 1 1 1 1 1 1 1 1 1 1 100 1 1 1 1 1 1 1 1 1 1 1 1 1 1 1 1 1 1 1 1 1 1 1 1 1 1 1 1 1 1 1 1 1 1 1 1 1 1 1 1 1 1 1 1 1 1 1 1 1 1 1 1 1 1 1 1 1 1 1 1 1 1 1 1 1 1 1 1 1 1 1 1 1 1 1 1 1 1 1 1 1 1 1 1 1 1 1 1 1 1 1 1 1 1 1 1 1 1 1 1 1 1 1 1 1 1 1 1 1 1 1 1 1 1 1 1 1 1 1 1 1 1 1 1 1 1 1 1 1 1 1 1 1 1 1 1 1 1 1 1 1 1 1 1 1 1 1 1 1 1 1 1 1 1 1 1 1 1 1 1 1 1 1 1 1 1 1 1 1 1 1 1 1 1 1 1 1 1 1 1 1 1 1 1 1 1 1 1 1 1 1 1 1 1 1 1 1 1 1 1 1 1 1 1 1 1 1 1 1 1 1 1 1 1 1 1 1 1 1 1 1 1 1 100 1 100 1 100 1 100 1 100 1 100 1 100 1 100 1 100 1 1 1 1 1 1 1 1 1 1 1 1 1 1 1 1 1 1 1 1 1 1 1 1 1 1 1 1 1 1 1 1 1 1 1 1 1 1 1 1 1 1 1 1 1 1 1 1 1 1 1 1 1 1 1 1 1 1
staticfield java/util/concurrent/ConcurrentHashMap NCPU I 8
staticfield java/util/concurrent/ConcurrentHashMap serialPersistentFields [Ljava/io/ObjectStreamField; 3 [Ljava/io/ObjectStreamField;
staticfield java/util/concurrent/ConcurrentHashMap U Ljdk/internal/misc/Unsafe; jdk/internal/misc/Unsafe
staticfield java/util/concurrent/ConcurrentHashMap SIZECTL J 20
staticfield java/util/concurrent/ConcurrentHashMap TRANSFERINDEX J 32
staticfield java/util/concurrent/ConcurrentHashMap BASECOUNT J 24
staticfield java/util/concurrent/ConcurrentHashMap CELLSBUSY J 36
staticfield java/util/concurrent/ConcurrentHashMap CELLVALUE J 144
staticfield java/util/concurrent/ConcurrentHashMap ABASE I 16
staticfield java/util/concurrent/ConcurrentHashMap ASHIFT I 2
ciInstanceKlass java/lang/Iterable 1 1 62 10 7 12 1 1 1 11 7 12 1 1 1 11 7 12 1 1 1 11 12 1 1 11 7 12 1 1 1 10 7 12 1 1 1 100 1 1 1 1 1 1 1 1 1 1 1 1 1 1 1 1 1 1 1 1 1 1 1 1 1 1
ciInstanceKlass java/util/Collection 1 1 115 11 7 12 1 1 1 7 1 11 7 12 1 1 1 10 7 12 1 1 1 11 12 1 1 11 7 12 1 1 1 11 12 1 1 11 7 12 1 1 1 11 12 1 1 10 100 12 1 1 1 11 12 1 10 7 12 1 1 1 100 1 100 1 1 1 1 1 1 1 1 1 1 1 1 1 1 1 1 1 1 1 1 1 1 1 1 1 1 1 1 1 1 1 1 1 1 1 1 1 1 1 1 1 1 1 1 1 1 1 1 1 1 1 1
ciInstanceKlass java/util/SequencedCollection 1 1 109 100 1 10 12 1 1 11 100 12 1 1 1 11 100 12 1 1 1 11 12 1 1 11 12 1 100 1 100 1 1 1 1 1 1 1 1 1 1 1 1 1 1 1 1 1 1 1 1 1 1 1 1 1 1 1 1 1 100 1 8 1 1 12 10 1 1 1 8 1 1 1 8 1 1 1 8 1 1 1 8 1 1 8 1 1 1 8 1 1 8 1 1 1 8 1 1 8 1 1 1 8 1 1 8 1 1 8 1
ciInstanceKlass java/util/List 1 1 251 10 100 12 1 1 1 11 100 12 1 1 1 11 100 12 1 1 1 11 12 1 1 11 100 12 1 1 11 12 1 1 11 12 1 1 10 100 12 1 1 1 7 1 7 1 10 12 1 1 100 1 10 100 12 1 1 1 11 12 1 1 11 12 1 11 12 1 100 1 10 12 1 11 12 1 1 11 12 1 1 11 12 1 10 100 12 1 1 1 9 7 12 1 1 1 7 1 10 12 10 12 1 7 1 10 12 1 1 10 12 1 10 12 1 1 11 12 1 1 100 1 1 1 1 1 1 1 1 1 1 1 1 1 1 1 1 1 1 1 1 1 1 1 1 1 1 1 1 1 1 1 1 1 1 1 1 1 1 1 1 1 1 1 1 100 1 100 1 1 1 1 1 1 1 1 1 1 1 1 1 1 1 1 1 1 1 1 1 1 1 1 1 1 1 1 1 1 1 1 1 1 1 1 1 1 1 1 1 1 1 1 1 1 1 1 1 1 1 1 1 1 1 1 1 1 1 1 1 1 1 1 1 1 1 1 1 1 1 1 1 1 1 1 100 1 1 100 1 1 1
ciInstanceKlass java/util/RandomAccess 1 0 7 100 1 100 1 1 1
instanceKlass java/util/concurrent/ConcurrentLinkedDeque
instanceKlass com/google/common/collect/ImmutableCollection
instanceKlass java/util/LinkedHashMap$LinkedValues
instanceKlass java/util/AbstractQueue
instanceKlass java/util/HashMap$Values
instanceKlass java/util/IdentityHashMap$Values
instanceKlass java/util/ArrayDeque
instanceKlass java/util/AbstractSet
instanceKlass java/util/ImmutableCollections$AbstractImmutableCollection
instanceKlass java/util/AbstractList
ciInstanceKlass java/util/AbstractCollection 1 1 160 10 7 12 1 1 1 10 7 12 1 1 1 10 12 1 1 11 7 12 1 1 1 11 12 1 1 10 12 1 1 10 100 12 1 1 1 10 12 1 1 10 12 1 1 10 7 12 1 1 10 7 12 1 1 1 7 1 10 100 12 1 1 1 10 100 12 1 1 1 100 1 10 11 12 1 11 7 1 10 12 1 10 12 1 10 7 12 1 1 1 11 8 1 100 1 10 10 12 1 1 8 1 10 12 1 10 12 1 1 1 1 1 1 1 1 1 1 1 1 1 1 1 1 1 1 1 1 1 1 1 1 1 1 1 1 1 1 1 1 1 1 1 1 1 1 1 1 1 1 1 1 1 1 1 1 1 1 1 1
instanceKlass java/util/Vector
instanceKlass java/util/Collections$CopiesList
instanceKlass sun/security/jca/ProviderList$3
instanceKlass java/util/ArrayList$SubList
instanceKlass java/util/AbstractSequentialList
instanceKlass java/util/Collections$SingletonList
instanceKlass java/util/Arrays$ArrayList
instanceKlass java/util/Collections$EmptyList
instanceKlass java/util/ArrayList
ciInstanceKlass java/util/AbstractList 1 1 218 10 7 12 1 1 1 9 7 12 1 1 1 10 12 1 1 10 12 1 1 100 1 10 10 12 1 1 11 100 12 1 1 1 11 12 1 1 11 12 1 10 7 12 1 1 1 10 12 1 11 12 1 11 12 1 11 12 1 10 12 1 1 10 12 1 1 11 100 12 1 1 1 11 7 1 11 7 1 10 12 1 100 1 10 12 1 10 12 1 1 100 1 100 1 10 12 1 100 1 10 100 1 100 1 10 8 1 10 12 1 1 10 12 1 10 12 1 1 10 12 1 8 1 100 1 8 1 8 1 8 1 10 100 1 11 10 10 12 1 11 12 1 10 12 1 1 8 1 8 1 1 1 1 1 1 1 1 1 1 1 1 1 1 1 1 1 1 1 1 1 1 1 1 1 1 1 1 1 1 1 1 1 1 1 1 1 1 1 1 1 1 1 1 1 1 1 1 1 1 1 1 1 1 1 1 1 1 100 1 100 1 1 1 1 1 1 1
instanceKlass org/wso2/ballerinalang/compiler/semantics/analyzer/TypeChecker$10
instanceKlass org/wso2/ballerinalang/compiler/semantics/analyzer/SemanticAnalyzer$1
instanceKlass org/wso2/ballerinalang/compiler/semantics/analyzer/IsolationAnalyzer$2
instanceKlass org/wso2/ballerinalang/compiler/semantics/analyzer/IsolationAnalyzer$1
ciInstanceKlass java/util/ArrayList 1 1 509 10 7 12 1 1 1 7 1 9 7 12 1 1 1 9 12 1 100 1 100 1 10 8 1 10 12 1 1 10 12 1 10 12 1 1 10 12 1 9 12 1 11 7 12 1 1 1 9 12 1 1 11 12 1 1 7 10 7 12 1 1 1 9 12 1 10 12 1 10 12 1 1 10 7 12 1 1 1 10 7 12 1 1 1 10 12 1 1 10 12 1 1 10 12 1 1 10 12 1 10 12 1 1 100 1 100 1 10 12 1 10 10 7 12 1 1 1 10 7 12 1 1 10 12 1 100 1 10 10 12 10 12 1 1 10 12 1 1 10 12 1 10 12 10 12 1 1 7 1 10 12 1 1 10 12 1 1 10 12 1 100 1 10 11 12 1 1 11 7 12 1 1 1 11 12 1 10 12 1 10 12 1 10 12 1 1 100 1 10 12 1 1 10 10 12 1 1 10 12 1 8 1 8 1 8 1 8 1 10 12 1 1 10 12 1 1 11 12 1 100 1 10 100 12 1 1 10 12 1 10 12 1 1 10 100 12 1 1 10 12 1 10 100 12 1 1 1 11 100 12 1 1 1 10 12 1 100 1 8 1 10 100 1 10 12 1 7 1 10 12 1 10 12 1 1 7 1 10 12 1 10 12 1 1 11 7 12 1 1 7 1 10 12 1 10 12 1 1 11 100 12 1 1 10 12 1 1 10 12 1 1 10 12 1 1 10 12 1 1 11 100 12 1 1 10 12 1 1 100 1 100 1 100 1 1 1 1 5 0 1 3 1 1 1 1 1 1 1 1 1 1 1 1 1 1 1 1 1 1 1 1 1 1 1 1 1 1 1 1 1 1 1 1 1 1 1 1 1 1 1 1 1 1 1 1 1 1 1 1 1 1 1 1 1 1 1 1 1 1 1 1 1 1 1 1 1 1 1 1 1 1 1 1 1 1 1 1 1 1 1 1 1 1 1 1 1 1 1 1 1 1 1 1 1 1 1 1 1 1 1 1 1 1 1 1 100 1 1 1 1 100 1 1 1 1 1 1 1 1 1 1 1 1 1 1 1 1 1 1 1 1 1 1 1 1 1 1 1 1 1 100 1 1 1 1 1 1 1 1 1 1 1 1 1 1 1 1 1 1 100 1 100 1 1 1 1 1 1
staticfield java/util/ArrayList EMPTY_ELEMENTDATA [Ljava/lang/Object; 0 [Ljava/lang/Object;
staticfield java/util/ArrayList DEFAULTCAPACITY_EMPTY_ELEMENTDATA [Ljava/lang/Object; 0 [Ljava/lang/Object;
ciInstanceKlass java/lang/StackTraceElement 0 0 235 10 100 12 1 1 1 10 100 12 1 1 9 12 1 1 9 12 1 1 9 12 1 9 12 1 8 1 10 100 12 1 1 1 100 1 9 12 1 8 1 9 12 1 9 12 1 9 12 1 1 10 12 1 1 10 12 1 8 1 10 100 12 1 1 1 100 1 10 12 1 10 12 1 1 10 12 1 10 12 1 1 10 12 1 10 12 1 10 10 12 1 8 1 10 12 1 10 12 1 1 10 12 1 1 10 12 1 10 12 1 10 12 1 9 12 1 1 10 100 12 1 1 1 10 12 1 1 100 1 10 12 1 1 10 100 12 1 1 10 100 12 1 1 1 10 100 12 1 1 10 100 12 1 1 10 10 12 1 1 10 12 1 1 10 12 1 1 10 12 1 100 1 1 1 1 1 1 1 3 1 3 1 1 5 0 1 1 1 1 1 1 1 1 1 1 1 1 1 1 1 1 1 1 1 1 1 1 1 1 1 1 1 1 1 100 1 100 1 1 1 1 1 1 1 100 1 1 1 1 1 1 1 1 1
instanceKlass java/nio/IntBuffer
instanceKlass java/nio/LongBuffer
instanceKlass java/nio/CharBuffer
instanceKlass java/nio/ByteBuffer
ciInstanceKlass java/nio/Buffer 1 1 256 100 1 10 7 12 1 1 1 9 7 12 1 1 1 9 12 1 9 12 1 1 9 12 1 9 12 1 1 10 12 1 1 10 12 1 1 10 12 100 1 100 1 10 8 1 10 12 1 1 10 12 1 8 1 8 1 10 12 1 1 10 12 1 8 1 9 12 1 1 100 1 8 1 10 12 1 8 1 8 1 9 12 10 12 1 8 1 8 1 8 1 10 12 1 8 1 8 1 8 1 100 1 10 100 1 10 100 1 10 9 12 1 1 10 7 12 1 1 1 100 1 10 12 1 1 10 12 1 10 100 12 1 1 10 7 12 1 1 1 10 7 12 1 1 1 9 12 1 1 10 7 12 1 1 1 9 12 1 1 7 1 10 10 12 1 1 7 1 10 10 7 12 1 1 1 1 1 3 1 1 1 1 1 1 1 1 1 1 1 1 1 1 100 1 1 1 1 1 1 1 100 1 1 1 1 1 1 1 1 1 1 1 1 1 1 1 1 1 1 1 1 1 1 1 1 1 1 1 1 1 1 1 1 1 1 1 1 1 1 1 100 1 100 1 100 1 100 1 100 1 100 1 100 1 1
staticfield java/nio/Buffer UNSAFE Ljdk/internal/misc/Unsafe; jdk/internal/misc/Unsafe
staticfield java/nio/Buffer SCOPED_MEMORY_ACCESS Ljdk/internal/misc/ScopedMemoryAccess; jdk/internal/misc/ScopedMemoryAccess
staticfield java/nio/Buffer IOOBE_FORMATTER Ljava/util/function/BiFunction; jdk/internal/util/Preconditions$4
staticfield java/nio/Buffer $assertionsDisabled Z 1
ciInstanceKlass java/lang/StackWalker 0 0 271 9 100 12 1 1 1 100 1 10 100 12 1 1 1 10 12 1 1 10 100 12 1 1 1 10 12 1 1 10 12 1 11 100 12 1 1 1 10 12 1 1 10 12 1 1 10 12 1 1 100 1 8 1 10 12 1 10 12 1 10 12 1 10 100 12 1 1 9 12 1 1 9 12 1 1 9 12 1 1 9 12 1 1 10 12 1 1 9 12 1 1 9 12 1 1 9 12 1 1 10 100 12 1 1 1 11 12 1 1 100 1 8 1 10 10 100 12 1 1 9 12 1 1 10 12 1 1 10 100 12 1 1 1 10 100 12 1 1 1 18 12 1 1 100 1 8 1 10 8 1 10 12 1 1 10 100 12 1 1 1 10 12 1 1 9 100 12 1 1 11 100 12 1 1 1 10 12 1 1 1 1 1 1 1 1 1 1 1 1 1 1 1 1 1 1 1 1 1 1 1 1 1 1 1 1 1 1 1 1 1 1 1 1 1 1 1 1 1 1 1 1 1 1 1 1 1 1 1 1 1 1 1 1 1 1 1 1 1 1 1 1 1 1 100 1 1 16 15 10 12 16 1 15 10 100 12 1 1 1 1 1 1 1 1 1 100 1 100 1 1
ciInstanceKlass java/lang/StackStreamFactory$AbstractStackWalker 1 0 375 100 1 100 1 3 10 100 12 1 1 1 10 100 12 1 1 10 100 12 1 1 1 9 12 1 1 10 12 1 1 9 12 1 1 9 12 1 1 9 12 1 1 9 12 1 10 100 12 1 1 1 10 12 1 1 10 100 12 1 1 9 12 1 1 9 12 1 1 10 12 1 1 9 100 12 1 1 1 10 12 1 1 10 12 1 9 12 1 1 10 100 12 1 1 1 10 12 1 1 9 12 1 1 9 100 12 1 1 1 100 1 10 8 1 10 12 1 1 10 12 1 8 1 10 12 1 1 10 100 12 1 1 1 100 1 8 1 10 12 1 8 1 10 12 10 100 12 1 1 9 12 1 8 1 5 0 8 1 8 1 9 12 1 1 10 12 1 1 18 12 1 1 10 100 12 1 1 1 10 12 1 1 10 12 1 10 12 1 9 12 1 10 12 1 10 12 1 10 12 1 10 12 1 10 12 1 10 12 1 1 8 1 10 12 1 10 12 1 10 12 1 10 12 1 1 8 1 10 12 1 1 10 12 1 1 10 12 1 1 10 12 1 10 12 1 10 100 12 1 1 1 10 12 1 10 12 1 9 12 1 8 1 10 12 1 10 12 1 10 12 1 1 10 12 1 10 12 1 10 12 1 1 10 12 1 10 12 1 10 12 1 10 12 1 10 12 1 10 12 1 1 10 12 1 1 10 12 1 8 1 1 1 1 1 1 1 1 1 1 1 1 1 100 1 1 1 1 1 1 1 100 1 1 1 1 100 1 1 1 1 1 1 1 1 1 1 1 1 1 1 1 1 1 1 1 16 15 15 10 100 12 1 1 1 1 1 1 1 1 100 1 100 1 1
ciInstanceKlass java/lang/StackWalker$StackFrame 0 0 41 100 1 10 12 1 1 100 1 100 1 1 1 1 1 1 1 1 1 1 1 1 1 1 1 1 1 1 1 1 1 1 1 1 1 1 1 100 1 1 1
instanceKlass java/lang/LiveStackFrameInfo
ciInstanceKlass java/lang/StackFrameInfo 0 0 142 10 100 12 1 1 1 9 100 12 1 1 1 9 100 1 9 12 1 1 11 100 12 1 1 1 9 12 1 1 11 12 1 1 10 12 1 1 10 100 12 1 1 1 10 12 1 11 12 1 11 12 1 1 11 12 1 10 12 1 1 9 12 1 1 10 12 1 1 10 100 12 1 1 10 12 1 1 11 12 1 1 9 12 1 1 10 100 1 10 12 1 9 12 1 1 10 12 1 1 100 1 8 1 10 12 1 10 100 12 1 1 1 100 1 1 1 1 1 1 1 1 1 1 1 1 1 1 1 1 1 1 100 1 1 100 1 1 1 1 1 1
ciInstanceKlass java/lang/LiveStackFrame 0 0 135 100 1 10 100 12 1 1 1 11 100 12 1 1 1 11 12 1 10 100 12 1 1 1 100 1 8 1 10 12 1 1 10 100 12 1 1 1 9 100 12 1 1 1 10 100 12 1 1 1 10 100 12 1 1 1 11 12 1 10 12 1 100 1 100 1 1 1 1 1 1 1 1 1 1 1 1 1 1 1 1 1 1 1 1 1 1 1 1 1 1 1 1 100 1 1 1 1 1 1 1 100 1 8 1 1 12 10 1 1 1 8 1 1 1 8 1 1 1 8 1 1 1 8 1 1 1 8 1 1 8 1 1 8 1
ciInstanceKlass java/lang/LiveStackFrameInfo 0 0 97 10 100 12 1 1 1 9 100 12 1 1 1 9 12 1 9 12 1 9 12 1 9 12 1 1 100 1 10 12 1 1 10 12 1 8 1 10 12 1 1 8 1 8 1 8 1 10 100 1 10 12 1 100 1 10 12 1 100 1 100 1 1 1 3 1 3 1 1 1 1 1 1 1 1 1 1 1 1 1 1 1 1 1 1 1 1 1 1 1 1 1 1 1 100 1 1
instanceKlass java/util/concurrent/locks/AbstractQueuedSynchronizer
ciInstanceKlass java/util/concurrent/locks/AbstractOwnableSynchronizer 1 1 32 10 7 12 1 1 1 9 7 12 1 1 1 100 1 1 1 1 5 0 1 1 1 1 1 1 1 1 1 1 1 1
ciInstanceKlass java/lang/Boolean 1 1 152 10 7 12 1 1 1 9 7 12 1 1 1 10 12 1 1 10 12 1 8 1 10 7 12 1 1 9 12 1 1 9 12 1 10 12 1 1 10 12 1 1 10 12 1 1 10 7 12 1 1 1 100 1 100 1 10 12 1 1 9 100 12 1 1 9 12 10 100 12 1 1 1 10 12 1 1 8 1 10 7 12 1 1 1 9 12 1 1 100 1 100 1 100 1 1 1 1 1 1 5 0 1 1 1 1 1 1 1 1 1 1 3 1 1 1 1 1 1 1 1 1 1 1 1 1 1 1 1 1 1 100 1 1 1 1 1 1 1 1 1 1 100 1 1 1 1 1 1 1 1 1
staticfield java/lang/Boolean TRUE Ljava/lang/Boolean; java/lang/Boolean
staticfield java/lang/Boolean FALSE Ljava/lang/Boolean; java/lang/Boolean
staticfield java/lang/Boolean TYPE Ljava/lang/Class; java/lang/Class
ciInstanceKlass java/lang/Character 1 1 604 7 1 100 1 100 1 9 12 1 1 8 1 9 12 1 1 100 1 9 12 1 1 10 100 12 1 1 1 10 100 12 1 1 1 10 100 12 1 1 1 10 7 12 1 1 1 9 7 12 1 1 1 10 12 1 10 12 1 1 10 12 1 1 10 7 12 1 1 10 12 1 1 3 3 3 3 3 10 12 1 1 10 12 1 3 11 7 12 1 1 1 11 12 1 1 10 12 1 1 10 12 1 1 100 1 10 10 12 1 3 10 12 1 1 10 12 1 10 12 1 1 100 1 8 1 10 12 1 1 10 12 1 10 12 1 10 12 1 10 7 12 1 1 1 10 12 1 10 12 1 10 12 1 1 10 12 1 10 7 12 1 1 10 10 12 1 10 10 12 1 10 12 1 1 10 12 1 10 10 12 1 10 12 1 10 12 1 10 12 1 10 12 1 10 12 1 10 12 1 10 12 10 10 12 10 10 12 1 10 10 12 1 10 10 12 1 10 10 12 1 10 12 1 10 12 1 10 12 1 10 12 1 10 12 1 10 12 1 10 10 12 1 10 10 12 1 10 10 12 1 1 10 10 12 1 10 5 0 10 12 1 10 12 1 10 10 12 1 10 10 12 1 1 10 10 12 1 10 10 12 1 9 12 1 1 100 1 10 10 12 1 10 12 1 1 3 10 100 12 1 1 1 10 12 1 10 100 12 1 1 100 1 10 10 12 1 1 10 12 1 1 10 12 1 1 8 1 10 12 1 9 100 12 1 1 1 10 12 1 10 10 12 1 10 12 1 1 10 12 1 10 10 12 1 1 10 10 12 1 1 100 1 8 1 10 12 1 1 10 7 12 1 1 1 8 1 10 12 1 1 9 12 1 1 100 1 100 1 100 1 1 1 1 3 1 3 1 3 1 3 1 1 1 1 1 3 1 1 3 1 3 1 3 1 3 1 3 1 3 1 3 1 3 1 3 1 3 1 3 1 3 1 3 1 3 1 3 1 3 1 3 1 3 1 3 1 3 1 3 1 3 1 3 1 3 1 3 1 3 1 3 1 3 1 1 1 1 1 1 1 1 1 1 1 1 1 1 1 1 1 1 1 3 1 1 1 1 1 1 1 3 1 1 3 1 1 1 1 1 3 1 1 5 0 1 1 1 1 1 1 1 1 1 1 1 1 1 1 1 1 1 1 1 1 1 1 1 1 1 1 1 1 1 1 1 1 1 1 1 1 1 1 1 1 1 1 1 1 1 1 1 1 1 1 1 1 1 1 1 1 1 1 1 1 1 1 1 1 1 1 1 1 1 1 1 1 1 1 1 1 1 1 1 1 1 1 1 1 1 1 1 1 1 1 100 1 100 1 1 1 1 1 1
staticfield java/lang/Character TYPE Ljava/lang/Class; java/lang/Class
staticfield java/lang/Character $assertionsDisabled Z 1
instanceKlass java/util/concurrent/atomic/Striped64
instanceKlass com/google/gson/internal/LazilyParsedNumber
instanceKlass java/math/BigDecimal
instanceKlass java/math/BigInteger
instanceKlass java/util/concurrent/atomic/AtomicLong
instanceKlass java/util/concurrent/atomic/AtomicInteger
instanceKlass java/lang/Long
instanceKlass java/lang/Integer
instanceKlass java/lang/Short
instanceKlass java/lang/Byte
instanceKlass java/lang/Double
instanceKlass java/lang/Float
ciInstanceKlass java/lang/Number 1 1 37 10 7 12 1 1 1 10 100 12 1 1 1 100 1 1 1 1 5 0 1 1 1 1 1 1 1 1 1 1 1 1 1 1 1 1 1
ciInstanceKlass java/lang/Float 1 1 279 7 1 100 1 10 7 12 1 1 1 10 100 12 1 1 1 4 100 1 10 12 1 1 10 12 1 1 8 1 8 1 10 100 12 1 1 1 10 12 1 1 10 12 1 1 10 7 1 4 10 7 12 1 1 9 12 1 1 10 12 1 1 10 12 1 10 10 12 1 1 10 12 1 10 12 1 3 3 100 1 4 4 4 3 10 12 1 1 9 12 1 1 100 1 10 3 3 4 4 10 12 1 3 3 3 10 12 1 1 10 12 1 1 10 12 1 10 100 12 1 1 1 10 12 1 1 10 12 1 1 10 7 12 1 1 1 8 1 10 12 1 1 9 12 1 1 100 1 100 1 100 1 1 1 1 4 1 4 1 1 1 4 1 1 3 1 3 1 3 1 3 1 3 1 1 1 1 5 0 1 1 1 1 1 1 1 1 1 1 100 1 1 1 1 1 1 1 1 1 1 1 1 1 3 1 1 1 1 1 1 1 1 1 1 1 1 1 1 1 1 1 1 1 1 1 1 1 1 1 1 1 1 1 1 1 1 1 1 1 1 1 1 1 1 1 1 1 1 1 1 1 1 1 1 1 1 1 1 1 1 1 1 1 1 1 100 1 1 1 1 1 1 1 100 1 100 1 1
staticfield java/lang/Float TYPE Ljava/lang/Class; java/lang/Class
staticfield java/lang/Float $assertionsDisabled Z 1
ciInstanceKlass java/lang/Double 1 1 290 7 1 100 1 10 7 12 1 1 1 10 12 1 1 10 100 1 10 12 1 1 10 7 12 1 1 1 6 0 8 1 10 12 1 1 8 1 10 12 1 1 8 1 6 0 10 12 1 1 100 1 5 0 5 0 8 1 8 1 10 100 12 1 1 1 10 100 12 1 1 1 8 1 10 12 1 1 8 1 8 1 8 1 10 12 1 1 10 12 1 10 12 1 1 10 12 1 10 12 1 10 12 1 1 10 12 1 10 7 1 6 0 10 7 12 1 1 9 12 1 1 10 12 1 10 12 1 10 12 1 10 12 1 10 12 1 5 0 10 12 1 1 10 12 1 10 12 1 10 100 12 1 1 1 10 12 1 1 10 12 1 1 8 1 10 7 12 1 1 1 9 12 1 1 100 1 100 1 100 1 1 1 6 0 1 6 0 1 6 0 1 1 1 6 0 1 1 3 1 3 1 3 1 3 1 3 1 1 1 1 5 0 1 1 1 1 1 1 1 1 1 1 1 1 1 1 1 1 100 1 1 1 1 1 1 1 1 1 1 1 1 3 1 1 1 1 1 1 1 1 1 1 1 1 1 1 1 1 1 1 1 1 1 1 1 1 1 1 1 1 1 1 1 1 1 1 100 1 1 1 1 1 1 1 100 1 100 1 1
staticfield java/lang/Double TYPE Ljava/lang/Class; java/lang/Class
ciInstanceKlass java/lang/Byte 1 1 213 7 1 100 1 10 100 12 1 1 1 9 12 1 1 8 1 9 12 1 1 100 1 10 12 1 1 10 12 1 1 10 100 12 1 1 1 10 100 12 1 1 1 9 7 12 1 1 1 10 12 1 1 100 1 100 1 10 12 1 1 8 1 10 12 1 1 8 1 10 12 1 10 12 1 10 12 1 10 12 1 1 10 12 1 10 12 1 10 12 1 1 10 8 1 8 1 10 7 1 9 12 1 1 10 12 1 1 10 12 1 1 10 12 1 1 10 12 1 5 0 10 12 1 1 8 1 10 7 12 1 1 1 9 12 1 1 100 1 100 1 1 1 3 1 3 1 1 1 1 3 1 3 1 1 5 0 1 1 1 1 1 1 1 1 1 1 1 1 1 1 1 1 1 1 1 1 1 1 1 1 1 1 1 1 1 1 1 1 1 1 1 1 1 1 1 1 1 1 1 1 1 1 1 1 1 1 1 1 1 1 1 1
staticfield java/lang/Byte TYPE Ljava/lang/Class; java/lang/Class
ciInstanceKlass java/lang/Short 1 1 222 7 1 100 1 100 1 10 100 12 1 1 1 10 12 1 1 100 1 100 1 10 12 1 1 8 1 10 12 1 1 8 1 10 12 1 10 12 1 10 12 1 10 12 1 1 10 12 1 1 10 12 1 9 12 1 1 8 1 9 12 1 1 100 1 10 12 1 1 10 12 1 10 100 12 1 1 1 10 100 12 1 1 1 9 7 12 1 1 1 10 12 1 10 12 1 1 10 8 1 8 1 10 7 1 9 12 1 1 10 12 1 1 10 12 1 1 10 12 1 1 10 12 1 3 3 5 0 10 12 1 1 8 1 10 7 12 1 1 1 9 12 1 1 100 1 100 1 1 1 3 1 3 1 1 1 1 3 1 3 1 1 5 0 1 1 1 1 1 1 1 1 1 1 1 1 1 1 1 1 1 1 1 1 1 1 1 1 1 1 1 3 1 1 1 1 1 1 1 1 1 1 1 1 1 1 1 1 1 1 1 1 1 1 1 1 1 1 1 1 1 1
staticfield java/lang/Short TYPE Ljava/lang/Class; java/lang/Class
ciInstanceKlass java/lang/Integer 1 1 453 7 1 100 1 7 1 7 1 10 12 1 1 9 12 1 1 9 12 1 1 10 100 12 1 1 1 10 12 1 1 10 100 12 1 1 1 10 10 12 1 1 10 100 12 1 1 1 10 12 1 10 12 1 1 10 7 12 1 1 1 10 12 1 1 10 12 1 1 10 12 1 10 12 1 10 12 1 1 10 10 12 1 9 12 1 1 9 12 1 100 1 8 1 10 12 1 100 1 10 12 1 8 1 10 12 1 1 10 12 1 8 1 10 12 1 8 1 10 12 1 1 3 10 12 1 1 3 10 12 1 1 10 12 1 1 10 7 12 1 1 1 11 7 1 10 12 1 1 11 10 12 1 1 8 1 10 12 1 1 8 1 100 1 10 12 1 1 10 12 1 1 5 0 8 1 10 12 1 10 12 1 10 12 1 10 12 1 1 7 1 9 12 1 1 9 12 1 1 10 12 1 10 7 1 9 12 1 10 12 1 10 12 1 10 12 1 1 10 7 12 1 1 1 100 1 100 1 10 12 1 1 10 12 1 1 8 1 8 1 10 12 1 1 8 1 8 1 8 1 8 1 8 1 8 1 10 12 1 10 12 1 5 0 3 3 3 3 10 12 1 10 12 1 3 10 12 1 10 100 12 1 1 1 10 12 1 1 10 12 1 1 8 1 10 7 12 1 1 1 9 12 1 1 100 1 100 1 100 1 1 1 1 3 1 1 1 3 1 3 1 1 5 0 1 1 1 1 1 1 1 1 1 100 1 1 1 1 1 1 1 1 1 1 1 1 1 1 1 1 1 1 1 1 1 1 1 1 1 1 1 1 1 1 1 1 1 1 1 1 1 1 1 1 3 1 1 1 1 1 1 1 1 1 1 1 1 1 1 1 1 100 1 1 1 1 1 1 1 1 1 1 1 1 1 1 1 1 1 1 1 1 1 1 1 1 1 1 1 1 1 1 1 1 1 1 1 1 1 1 1 1 1 1 1 1 1 1 100 1 1 1 1 1 1 1 1 1 100 1 100 1 1
staticfield java/lang/Integer TYPE Ljava/lang/Class; java/lang/Class
staticfield java/lang/Integer digits [C 36
staticfield java/lang/Integer DigitTens [B 100
staticfield java/lang/Integer DigitOnes [B 100
ciInstanceKlass java/lang/Long 1 1 524 7 1 100 1 7 1 7 1 10 12 1 1 9 12 1 1 9 7 12 1 1 1 10 100 12 1 1 1 10 12 1 1 10 100 12 1 1 1 10 10 12 10 12 1 10 12 1 10 12 1 5 0 5 0 7 1 10 12 1 1 10 12 1 1 10 12 1 10 12 1 10 12 1 10 12 1 1 10 100 12 1 1 10 12 1 10 12 1 1 10 12 1 1 10 12 1 1 10 12 1 1 10 7 12 1 1 1 10 12 1 1 10 12 1 10 12 1 10 12 1 10 12 1 1 10 10 12 1 5 0 5 0 9 12 1 1 9 12 1 5 0 100 1 8 1 10 12 1 8 1 10 12 1 8 1 8 1 10 12 1 1 5 0 10 12 1 1 5 0 10 12 1 1 10 12 1 1 10 100 12 1 1 1 11 100 1 10 12 1 1 11 10 12 1 1 8 1 10 12 1 1 8 1 100 1 10 12 1 1 10 12 1 8 1 8 1 11 12 1 1 10 12 1 10 12 1 10 12 1 5 0 5 0 9 7 12 1 1 1 10 12 1 10 12 1 1 8 1 8 1 10 12 1 1 8 1 8 1 8 1 8 1 8 1 8 1 10 12 1 10 7 1 9 12 1 1 10 12 1 10 12 1 1 10 12 1 1 10 100 12 1 1 1 100 1 100 1 10 12 1 1 10 12 1 1 5 0 10 12 1 10 12 1 5 0 5 0 5 0 10 12 1 1 10 12 1 5 0 5 0 10 12 1 10 12 1 10 100 12 1 1 1 10 12 1 1 10 12 1 1 8 1 10 7 12 1 1 1 9 12 1 1 100 1 100 1 100 1 1 1 1 5 0 1 1 1 1 3 1 3 1 5 0 1 1 1 1 1 1 1 1 1 100 1 1 1 1 1 1 1 1 1 1 1 1 1 1 1 1 1 1 1 1 1 1 1 1 1 1 1 1 1 1 1 1 1 1 1 1 1 1 1 1 1 1 1 1 1 1 1 1 1 1 1 1 1 1 1 3 1 1 1 1 1 1 1 1 1 1 1 1 1 1 1 100 1 1 1 1 1 1 1 1 1 1 1 1 1 1 1 1 1 1 1 1 1 1 1 1 1 1 1 1 1 1 1 1 1 1 1 1 1 1 1 1 1 1 1 100 1 1 1 1 1 1 1 1 1 100 1 100 1 1
staticfield java/lang/Long TYPE Ljava/lang/Class; java/lang/Class
ciInstanceKlass java/util/Iterator 1 1 53 100 1 8 1 10 12 1 1 10 7 12 1 1 1 11 7 12 1 1 1 11 12 1 1 11 7 12 1 1 1 100 1 1 1 1 1 1 1 1 1 1 1 1 1 1 1 1 1 1 1 1 1
ciInstanceKlass java/lang/reflect/RecordComponent 1 1 196 10 100 12 1 1 1 9 7 12 1 1 1 9 12 1 1 9 12 1 10 12 1 1 10 12 1 1 10 100 12 1 1 1 10 12 1 1 9 12 1 1 10 12 1 1 10 12 1 1 10 12 1 10 100 12 1 1 10 100 12 1 1 9 12 1 1 10 100 12 1 1 1 11 100 12 1 1 1 10 9 100 12 1 1 1 10 100 12 1 1 1 9 12 1 1 10 100 12 1 1 1 10 12 1 1 11 100 12 1 1 10 100 12 1 1 100 1 9 12 1 9 12 1 1 9 12 1 10 100 12 1 1 1 10 12 1 1 10 12 1 1 100 1 10 10 12 1 10 12 1 1 8 1 10 12 1 10 12 1 9 12 1 100 1 1 1 1 1 1 1 1 1 1 1 1 1 1 1 1 1 1 1 1 1 1 100 1 1 1 1 1 1 100 1 1
ciInstanceKlass jdk/internal/vm/vector/VectorSupport 0 0 573 100 1 10 100 12 1 1 1 9 12 1 1 10 12 1 1 100 1 10 12 1 11 100 12 1 1 1 11 100 12 1 1 1 11 100 12 1 1 11 100 12 1 1 11 100 12 1 1 1 11 100 12 1 1 11 100 12 1 1 11 100 12 1 1 11 100 12 1 1 11 100 12 1 1 11 100 12 1 1 11 100 12 1 1 1 11 100 12 1 1 11 100 12 1 1 1 11 100 12 1 1 1 11 100 12 1 1 11 100 12 1 1 1 11 100 12 1 1 100 1 10 12 1 1 11 100 12 1 1 11 100 12 1 1 11 100 12 1 1 11 100 12 1 1 11 100 12 1 1 11 100 12 1 1 9 12 1 1 10 100 12 1 1 11 100 12 1 1 10 12 1 1 10 100 12 1 1 1 10 12 1 10 12 1 1 10 12 1 1 1 1 1 3 1 3 1 3 1 3 1 3 1 3 1 3 1 3 1 3 1 3 1 3 1 3 1 3 1 3 1 3 1 3 1 3 1 3 1 3 1 3 1 3 1 3 1 3 1 3 1 3 1 3 1 3 1 3 1 3 1 3 1 3 1 3 1 3 1 3 1 3 1 3 1 3 1 3 1 3 1 3 1 3 1 3 1 3 1 3 1 3 1 3 1 3 1 3 1 3 1 3 1 3 1 3 1 3 1 1 1 1 1 1 1 1 1 1 1 1 1 1 1 1 1 1 1 1 1 1 1 1 1 1 1 1 1 1 1 1 1 1 1 1 1 1 1 1 1 1 1 1 1 1 1 1 1 1 1 1 1 1 1 1 1 1 1 1 1 1 1 1 1 1 1 1 1 1 1 1 1 1 1 1 1 1 1 1 1 1 1 1 1 1 1 1 1 1 1 1 1 1 1 1 1 1 1 1 1 1 1 1 1 1 1 1 1 1 1 1 1 1 1 1 1 1 1 1 1 1 1 1 1 1 1 1 1 1 1 1 1 1 1 1 1 1 1 1 1 1 1 1 1 1 1 1 1 1 1 1 1 1 1 1 1 1 1 1 1 1 1 1 1 1 1 1 1 1 1 1 1 1 1 1 1 1 1 1 1 1 1 1 1 1 1 1 1 1 1 1 1 1 1 1 1 1 1 1 1 1 1 1 1 1 1 1 1 1 1 1 1 1 1 1 1 1 1 1 1 1 1 1 1 1 1 1 1 1 1 1 1 1 1 100 1 100 1 100 1 100 1 100 1 1 1 1 1 1 1 1 1 1 1 1 1 1 1 1 1 1 1 1 1 1 1 1 1 1 1 1 1 1 1
instanceKlass jdk/internal/vm/vector/VectorSupport$VectorShuffle
instanceKlass jdk/internal/vm/vector/VectorSupport$VectorMask
instanceKlass jdk/internal/vm/vector/VectorSupport$Vector
ciInstanceKlass jdk/internal/vm/vector/VectorSupport$VectorPayload 0 0 32 10 100 12 1 1 1 9 100 12 1 1 1 10 100 12 1 1 1 1 1 1 1 1 1 1 1 1 1 1 1 1
ciInstanceKlass jdk/internal/vm/vector/VectorSupport$Vector 0 0 28 10 100 12 1 1 1 100 1 1 1 1 1 1 1 1 1 1 1 1 1 1 1 100 1 1 1 1
ciInstanceKlass jdk/internal/vm/vector/VectorSupport$VectorMask 0 0 28 10 100 12 1 1 1 100 1 1 1 1 1 1 1 1 1 1 1 1 1 1 1 100 1 1 1 1
ciInstanceKlass jdk/internal/vm/vector/VectorSupport$VectorShuffle 0 0 28 10 100 12 1 1 1 100 1 1 1 1 1 1 1 1 1 1 1 1 1 1 1 100 1 1 1 1
ciInstanceKlass jdk/internal/vm/FillerObject 0 0 16 10 100 12 1 1 1 100 1 1 1 1 1 1 1 1
ciInstanceKlass java/lang/NullPointerException 1 1 52 10 100 12 1 1 1 10 12 1 9 100 12 1 1 1 10 12 1 1 9 12 1 1 10 12 1 1 10 12 1 1 1 1 5 0 1 1 1 1 1 1 1 1 100 1 100 1 100 1 1 1
ciInstanceKlass java/lang/ArithmeticException 1 1 26 10 100 12 1 1 1 10 12 1 100 1 1 1 1 5 0 1 1 1 1 1 1 1 1 1
ciInstanceKlass jdk/internal/misc/VM 1 1 320 10 7 12 1 1 1 9 7 12 1 1 1 9 12 1 1 100 1 100 1 10 8 1 10 12 1 1 10 12 1 10 12 1 1 10 12 1 10 12 1 10 12 1 9 12 1 1 8 1 10 12 1 9 12 1 1 9 12 1 9 12 1 3 10 7 12 1 1 1 9 12 1 1 100 1 8 1 10 11 7 12 1 1 1 7 1 10 100 12 1 1 1 10 12 1 8 1 8 1 10 12 1 1 8 1 10 12 1 1 10 7 12 1 1 1 10 12 1 1 10 100 12 1 1 1 5 0 8 1 8 1 8 1 10 12 1 1 10 12 1 1 10 7 12 1 1 1 10 12 1 9 12 1 100 1 10 12 1 10 7 12 1 1 9 12 1 9 12 1 9 7 12 1 1 1 9 12 1 9 12 1 9 12 1 9 12 1 9 12 1 10 12 1 10 12 1 10 12 1 10 12 1 10 12 1 9 100 12 1 1 1 5 0 10 1 1 3 1 3 1 3 1 3 1 3 1 1 1 1 1 1 1 1 1 3 1 3 1 3 1 1 1 1 1 1 1 100 1 1 1 100 1 1 1 1 1 1 1 1 1 1 1 1 1 1 1 1 1 1 1 1 1 1 1 1 1 1 1 1 1 1 1 1 1 1 1 1 1 1 1 1 1 1 1 1 1 1 1 1 1 1 1 1 1 1 1 1 1 1 1 1 100 1 1 100 1 1 1 1
staticfield jdk/internal/misc/VM lock Ljava/lang/Object; java/lang/Object
ciInstanceKlass java/util/Set 1 1 144 100 1 10 100 12 1 1 1 9 7 12 1 1 1 7 1 10 12 1 1 10 12 1 7 1 7 1 10 12 1 7 1 7 1 11 7 12 1 1 1 11 12 1 1 7 1 10 12 1 10 12 1 1 11 12 1 1 1 1 1 1 1 1 1 1 1 1 1 1 1 1 1 1 1 1 1 1 1 1 1 1 1 1 1 1 1 1 1 1 1 1 1 1 1 1 1 1 1 1 1 1 1 1 1 1 1 1 1 1 1 1 1 1 1 1 1 1 1 1 1 1 1 1 1 1 1 1 1 1 1 1 1 1 1 1 1 1 1 1 1 1 1 1
ciInstanceKlass java/util/Objects 1 1 184 10 7 12 1 1 1 100 1 8 1 10 12 1 10 12 1 1 10 7 12 1 1 1 10 12 1 1 10 12 1 10 100 12 1 1 1 10 12 1 1 10 7 12 1 1 1 7 1 10 10 12 1 1 10 7 12 1 1 10 12 1 1 8 1 10 7 12 1 1 1 10 7 12 1 1 1 10 11 100 12 1 1 1 100 1 10 10 12 1 8 1 10 12 1 8 1 100 1 11 12 1 1 8 1 10 7 12 1 1 1 10 12 1 1 10 12 1 10 12 1 10 12 1 10 12 1 1 1 1 1 1 1 1 1 1 1 1 1 1 1 1 1 1 1 1 1 1 1 1 1 1 1 1 1 1 1 1 1 1 1 1 1 1 1 1 1 1 1 1 1 1 1 1 1 1 1 1 1 1 1 1 1 1
ciInstanceKlass jdk/internal/reflect/Reflection 1 1 385 10 100 12 1 1 1 10 7 12 1 1 1 10 12 1 1 10 7 12 1 1 1 10 7 12 1 1 1 10 12 1 10 100 12 1 1 1 11 100 12 1 1 1 10 7 12 1 1 1 10 12 1 1 10 12 1 1 10 7 12 1 1 1 10 12 1 1 10 12 1 10 12 1 10 12 1 10 12 1 10 12 1 1 10 7 12 1 1 1 10 12 1 10 12 1 10 12 1 1 10 12 1 1 9 12 1 1 10 12 1 1 9 12 1 11 7 12 1 1 100 1 100 1 10 8 1 10 12 1 1 10 12 1 10 12 1 10 12 1 7 1 10 12 1 11 7 12 1 1 1 11 12 1 1 10 12 1 1 7 1 7 1 11 7 12 1 1 8 1 11 12 1 1 10 7 12 1 1 1 7 1 11 12 1 10 7 12 1 1 10 7 12 1 1 1 7 1 10 12 1 1 10 12 1 1 11 100 12 1 1 1 10 12 1 8 1 10 12 1 1 8 1 8 1 8 1 8 1 10 12 1 1 8 1 8 1 8 1 100 1 10 8 1 8 1 8 1 10 12 8 1 11 12 1 1 9 12 1 1 7 1 8 1 8 1 11 12 1 7 1 7 1 7 1 8 1 11 12 1 11 12 1 1 1 1 1 1 1 1 1 1 1 1 1 1 1 1 1 1 1 1 1 1 1 1 1 1 1 1 1 1 1 1 1 1 1 1 1 1 1 1 1 1 1 1 1 1 1 1 1 1 1 1 1 1 1 1 1 1 1 1 1 1 1 1 1 1 1 1 1 1 1 1 1 1 1 1 1 1 1 1 1 1 1 1 1 1 1 1 1 1 1 1 1 1 1 100 1 1 1 1 1 1 1
staticfield jdk/internal/reflect/Reflection ALL_MEMBERS Ljava/util/Set; java/util/ImmutableCollections$Set12
ciInstanceKlass java/lang/StringLatin1 1 1 392 7 1 10 100 12 1 1 1 10 12 1 1 10 7 12 1 1 1 10 7 12 1 1 1 10 12 1 10 7 12 1 1 1 10 12 1 1 10 7 12 1 1 1 10 7 12 1 1 1 10 12 1 1 10 12 1 1 10 10 12 1 10 12 1 10 9 7 12 1 1 1 10 12 1 1 10 100 12 1 1 1 10 12 10 12 1 1 10 12 1 1 10 12 1 10 12 1 1 10 12 1 1 10 7 12 1 1 1 10 12 1 10 12 1 1 9 12 1 1 100 1 10 10 12 1 1 10 7 12 1 1 1 10 12 1 10 12 1 100 1 100 1 8 1 10 12 1 8 1 10 12 1 1 100 1 10 10 12 10 7 12 1 1 1 8 1 8 1 8 1 10 12 1 1 10 100 12 1 1 10 12 1 10 12 1 1 10 12 1 1 10 12 1 1 10 12 1 10 12 10 12 10 12 1 10 12 10 10 12 1 10 12 1 10 12 1 10 100 12 1 1 1 10 100 12 1 1 1 10 12 1 1 10 12 1 1 10 10 7 12 1 1 1 1 1 1 1 1 1 1 1 1 1 1 1 1 1 1 1 1 1 1 1 1 1 1 1 1 1 1 1 1 1 1 1 1 1 1 1 1 1 1 1 1 1 1 1 1 1 1 1 1 100 1 1 1 1 1 1 1 1 1 1 1 1 1 1 1 1 1 1 1 1 1 1 1 1 1 1 1 1 1 1 1 1 1 1 1 1 1 1 1 1 1 1 100 1 1 1 1 1 1 1 1 1 1 1 1 1 1 1 1 1 1 1 1 1 1 1 100 1 1 1 1 1 1 1 1 1 1 1 1 1 1 1 1 1 1 1 1 1 1 1 1 1 1 100 1 1 1 1
staticfield java/lang/StringLatin1 $assertionsDisabled Z 1
ciInstanceKlass java/lang/Math 1 1 460 7 1 10 100 12 1 1 1 10 7 12 1 1 1 10 12 1 10 12 1 10 12 1 10 12 1 10 12 1 6 0 6 0 10 12 1 10 12 1 10 12 1 10 12 1 10 12 1 10 12 1 1 10 12 1 10 12 1 10 12 1 10 12 1 10 12 1 10 7 12 1 1 1 100 1 3 3 3 10 7 12 1 1 1 100 1 5 0 5 0 5 0 5 0 5 0 9 100 12 1 1 1 10 100 12 1 1 1 100 1 8 1 10 12 1 8 1 10 12 1 1 10 12 1 1 100 1 5 0 5 0 100 1 3 5 0 3 5 0 10 12 1 10 12 1 10 12 1 10 12 1 10 12 1 8 1 10 12 1 8 1 10 12 1 1 10 12 1 1 9 12 1 1 9 12 1 100 1 100 1 10 10 12 1 1 8 1 10 12 1 10 12 1 1 10 10 12 1 10 12 1 10 12 1 10 12 1 1 8 1 8 1 10 12 1 1 10 12 1 10 12 10 12 10 12 1 10 12 1 10 12 1 10 12 1 10 12 6 0 10 12 1 9 12 1 1 100 1 10 10 12 1 100 1 10 12 1 10 12 1 1 10 12 1 10 12 1 10 12 10 12 1 1 10 12 1 1 10 12 1 1 10 12 6 0 10 12 1 1 10 12 10 12 1 4 10 12 1 10 12 1 10 12 10 12 1 10 12 1 10 12 1 10 12 1 10 12 1 10 12 1 5 0 6 0 4 6 0 4 6 0 4 10 12 1 9 12 1 1 10 12 9 12 1 10 7 12 1 1 1 4 6 0 1 1 6 0 1 6 0 1 6 0 1 1 1 1 1 1 1 1 1 1 1 1 1 1 1 1 1 1 1 1 1 1 1 1 1 1 1 1 1 1 1 1 1 1 1 1 1 1 1 1 1 1 1 1 1 1 1 1 1 1 1 1 1 1 1 1 1 1 1 1 1 1 1 1 1 1 1 1 1 1 1 1 1 1 1 1 1 1 1 1 1 1 1 1 1 1 1 1 1 1 1 1 1 1 1 1
staticfield java/lang/Math negativeZeroFloatBits J -2147483648
staticfield java/lang/Math negativeZeroDoubleBits J -9223372036854775808
staticfield java/lang/Math $assertionsDisabled Z 1
ciInstanceKlass jdk/internal/util/ArraysSupport 1 1 378 7 1 100 1 8 1 10 12 1 1 10 12 1 1 10 100 12 1 1 9 7 12 1 1 1 9 12 1 1 10 7 12 1 1 1 9 12 1 1 10 7 12 1 1 1 9 12 1 10 12 9 12 1 10 12 1 1 10 12 7 1 10 12 1 1 10 12 1 100 1 10 12 1 1 10 12 100 1 10 12 1 7 1 10 12 1 100 1 100 1 10 8 1 10 12 1 1 10 12 1 10 12 1 1 10 9 12 1 1 11 100 12 1 1 1 9 12 1 9 12 1 10 12 1 1 9 12 1 9 12 1 9 12 1 9 12 1 9 12 1 9 12 1 9 12 1 10 12 1 1 10 100 12 1 1 1 9 12 1 9 12 1 10 12 1 1 10 12 1 9 12 1 10 12 1 10 100 12 1 1 1 9 12 1 9 12 1 10 12 1 10 12 1 10 7 12 1 1 1 3 10 12 1 100 1 8 1 8 1 8 1 10 10 100 12 1 1 1 11 100 12 1 1 1 10 12 1 10 100 12 1 1 1 10 12 1 1 10 12 1 1 9 12 1 10 12 1 9 12 1 9 12 1 9 12 1 9 12 1 9 12 1 9 12 1 9 12 1 100 1 10 7 12 1 1 1 1 1 3 1 3 1 3 1 3 1 3 1 3 1 3 1 3 1 1 1 1 1 1 1 1 1 1 1 1 1 1 1 1 1 1 1 1 1 1 1 1 1 1 1 1 1 1 1 1 1 1 1 1 1 1 1 1 1 1 1 1 1 1 1 1 1 1 1 1 1 1 1 1 1 1 1 1 1 1 1 1 1 1 1 1 1 1 1 1 1 1 1 1 1 1 1 100 1 1 1 1
staticfield jdk/internal/util/ArraysSupport U Ljdk/internal/misc/Unsafe; jdk/internal/misc/Unsafe
staticfield jdk/internal/util/ArraysSupport BIG_ENDIAN Z 0
staticfield jdk/internal/util/ArraysSupport LOG2_ARRAY_BOOLEAN_INDEX_SCALE I 0
staticfield jdk/internal/util/ArraysSupport LOG2_ARRAY_BYTE_INDEX_SCALE I 0
staticfield jdk/internal/util/ArraysSupport LOG2_ARRAY_CHAR_INDEX_SCALE I 1
staticfield jdk/internal/util/ArraysSupport LOG2_ARRAY_SHORT_INDEX_SCALE I 1
staticfield jdk/internal/util/ArraysSupport LOG2_ARRAY_INT_INDEX_SCALE I 2
staticfield jdk/internal/util/ArraysSupport LOG2_ARRAY_LONG_INDEX_SCALE I 3
staticfield jdk/internal/util/ArraysSupport LOG2_ARRAY_FLOAT_INDEX_SCALE I 2
staticfield jdk/internal/util/ArraysSupport LOG2_ARRAY_DOUBLE_INDEX_SCALE I 3
staticfield jdk/internal/util/ArraysSupport LOG2_BYTE_BIT_SIZE I 3
staticfield jdk/internal/util/ArraysSupport JLA Ljdk/internal/access/JavaLangAccess; java/lang/System$2
ciInstanceKlass java/util/Map$Entry 1 0 178 18 12 1 1 100 1 100 1 18 10 100 12 1 1 1 18 12 1 18 100 1 11 100 12 1 1 1 11 12 1 11 100 12 1 1 1 10 100 12 1 1 1 10 100 12 1 1 1 8 1 10 12 1 1 8 1 8 1 8 1 10 12 1 10 12 1 8 10 100 1 10 12 1 8 10 12 1 8 1 10 12 1 8 10 12 1 8 1 10 12 1 1 8 1 100 1 8 1 10 12 1 1 11 12 100 1 11 12 1 1 1 1 1 1 1 1 1 1 1 1 1 1 1 1 1 1 1 1 1 1 1 1 1 1 1 1 1 1 1 1 1 1 1 1 1 1 1 16 15 11 12 16 3 3 15 11 12 15 11 12 15 11 12 15 10 100 12 1 1 1 1 1 100 1 100 1 1
ciInstanceKlass jdk/internal/util/Preconditions 1 1 194 10 100 12 1 1 1 11 100 12 1 1 1 11 100 12 1 1 1 100 1 100 1 10 7 12 1 1 1 10 12 1 8 1 100 1 10 100 12 1 1 1 10 12 1 1 8 1 8 1 10 100 12 1 1 7 1 10 12 1 8 1 10 100 12 1 1 1 8 1 10 12 1 1 10 12 1 1 11 12 1 8 1 8 1 11 12 1 1 8 1 8 1 8 1 10 12 1 1 10 12 1 1 10 12 1 10 12 1 10 12 1 10 12 7 1 10 10 12 1 1 9 12 1 1 7 1 10 9 12 1 7 1 10 9 12 1 1 1 1 1 1 1 1 1 1 1 1 1 1 1 1 1 1 1 1 1 1 1 1 1 1 1 1 1 1 1 1 1 1 1 1 1 1 1 1 1 1 1 1 1 1 1 1 1 1 1 1 1 1 1 1 1 1
staticfield jdk/internal/util/Preconditions SIOOBE_FORMATTER Ljava/util/function/BiFunction; jdk/internal/util/Preconditions$4
staticfield jdk/internal/util/Preconditions AIOOBE_FORMATTER Ljava/util/function/BiFunction; jdk/internal/util/Preconditions$4
staticfield jdk/internal/util/Preconditions IOOBE_FORMATTER Ljava/util/function/BiFunction; jdk/internal/util/Preconditions$4
ciInstanceKlass java/util/function/BiFunction 1 1 65 10 100 12 1 1 1 18 12 1 1 11 100 12 1 1 11 100 12 1 100 1 1 1 1 1 1 1 1 1 1 1 1 1 1 1 1 1 1 1 1 1 1 1 1 1 1 1 16 15 11 12 15 10 100 12 1 1 1 1 100 1 100 1 1
ciInstanceKlass jdk/internal/util/Preconditions$4 1 1 61 9 7 12 1 1 1 10 7 12 1 1 1 10 100 12 1 1 1 11 100 12 1 1 1 100 1 100 1 100 1 10 12 1 100 1 1 1 1 1 1 1 1 1 1 1 1 1 1 1 1 1 1 1 1 1 12 1 1 1 1
ciInstanceKlass java/util/Arrays 1 1 1029 10 7 12 1 1 1 10 100 12 1 1 1 10 7 12 1 1 1 10 12 1 10 12 1 10 12 1 10 12 1 10 12 1 10 12 1 10 100 12 1 1 1 100 1 100 1 10 8 1 10 12 1 1 10 12 1 8 1 8 1 10 12 1 1 10 12 1 100 1 10 12 1 9 100 12 1 1 1 10 7 12 1 1 100 1 10 12 1 1 10 7 12 1 1 10 7 12 1 1 1 100 1 10 12 1 10 12 1 1 7 1 9 7 12 1 1 1 10 12 1 1 10 7 12 1 1 10 12 1 10 12 1 1 10 12 1 10 12 1 1 100 1 11 12 1 1 10 12 1 10 7 12 1 1 1 10 12 10 12 1 10 12 1 10 12 10 12 1 11 100 12 1 1 1 10 7 12 1 1 1 100 1 10 12 1 10 100 1 10 12 1 10 100 1 10 12 1 10 100 1 10 12 1 10 10 12 1 1 10 12 1 10 12 1 10 12 1 10 12 1 10 12 1 10 100 12 1 1 1 10 12 1 10 100 12 1 1 1 10 12 1 10 12 1 10 7 12 1 1 1 10 12 1 10 12 1 10 12 1 10 12 1 10 12 1 10 12 1 10 12 1 10 12 1 10 12 1 10 12 1 10 12 1 10 12 1 10 12 1 10 12 1 10 12 1 10 12 1 1 10 12 1 1 10 7 12 1 1 1 10 7 1 10 100 1 10 7 1 10 100 1 10 7 1 10 100 1 10 100 1 10 100 1 10 12 1 8 1 10 12 1 1 10 12 1 1 10 12 1 1 10 12 1 1 10 12 1 1 10 12 1 1 10 12 1 1 10 12 1 1 10 12 1 1 7 1 10 12 10 12 1 1 10 12 1 10 12 1 1 10 12 1 1 9 100 12 1 1 1 10 12 1 9 100 1 10 12 1 9 100 1 10 12 1 9 100 1 10 12 1 9 100 1 10 12 1 9 100 1 10 12 1 9 10 12 1 10 12 1 10 12 1 9 12 1 100 1 10 10 12 1 1 10 12 1 10 12 1 10 12 1 10 12 1 10 12 1 10 12 1 10 12 1 10 12 1 10 12 1 8 1 8 1 10 12 1 10 12 1 8 1 10 12 1 10 12 1 10 12 1 10 100 12 1 1 1 3 10 100 1 10 10 12 1 1 11 100 12 1 1 10 12 1 1 10 12 1 10 12 1 10 12 1 10 12 1 10 12 1 10 12 1 10 12 1 10 12 1 11 12 1 8 1 10 11 12 1 11 100 12 1 1 1 11 100 12 1 1 1 11 12 1 1 18 12 1 1 11 12 1 1 11 100 12 1 1 1 18 12 1 11 100 12 1 1 1 18 12 1 11 100 12 1 1 1 18 12 1 100 1 10 7 12 1 1 1 10 12 1 10 12 1 10 12 1 10 12 1 10 12 1 10 12 1 10 12 1 10 12 1 1 10 12 1 10 7 12 1 1 10 12 1 10 12 1 10 12 1 1 10 12 1 10 12 1 10 12 1 1 10 12 1 10 12 1 10 12 1 1 10 12 1 10 12 1 10 12 1 10 12 1 10 12 10 12 1 10 12 10 12 10 12 1 10 12 10 12 1 10 12 1 10 12 1 1 1 1 3 1 3 1 1 1 1 1 1 1 1 1 1 1 1 1 1 1 1 1 1 1 1 1 1 1 1 1 1 1 1 1 1 1 1 1 1 1 1 1 1 1 1 1 1 1 1 1 1 1 1 1 1 1 1 1 1 1 1 1 1 1 1 1 1 1 1 1 1 1 1 1 1 1 1 1 1 1 1 1 1 1 1 1 1 1 1 1 1 1 1 1 1 1 1 1 1 1 1 1 1 1 1 1 1 1 1 1 1 1 1 1 1 1 1 1 1 1 1 1 1 1 1 1 1 1 1 1 1 1 1 1 1 1 1 1 1 1 1 1 1 1 1 1 1 1 1 1 1 1 1 1 1 1 1 1 1 1 1 1 1 1 1 1 1 1 1 1 1 1 1 1 1 1 1 1 1 1 1 1 1 1 1 1 1 1 1 1 1 1 1 1 1 1 1 1 1 1 1 1 1 1 1 1 1 1 1 1 1 1 1 1 1 1 1 1 1 1 1 1 1 1 1 1 1 1 1 1 1 1 1 1 1 1 1 1 1 1 1 1 1 1 1 1 1 1 1 1 1 1 1 1 1 1 1 1 1 100 1 1 16 15 10 12 15 10 12 15 10 12 15 10 12 15 10 100 12 1 1 1 1 1 100 1 100 1 1 1 1 100 1 1 1 1 1 1 100 1 1 100 1 1 100 1 1 1 100 1 100 1 1
staticfield java/util/Arrays $assertionsDisabled Z 1
instanceKlass java/lang/CharacterData00
instanceKlass java/lang/CharacterDataLatin1
ciInstanceKlass java/lang/CharacterData 1 1 86 10 7 12 1 1 1 10 100 12 1 1 1 9 7 12 1 1 1 9 7 12 1 1 9 100 12 1 1 9 100 1 9 100 1 9 100 1 9 100 1 9 100 1 1 1 1 1 1 1 1 1 1 1 1 1 1 1 1 1 1 1 1 1 1 1 1 1 1 1 1 1 1 1 1 1 1 1 1 1 1 1 1 1 1 1
ciInstanceKlass java/lang/CharacterDataLatin1 1 1 141 9 7 12 1 1 1 9 12 1 1 10 12 1 1 10 12 1 10 12 1 1 10 12 1 9 12 1 1 100 1 3 3 3 3 9 12 1 10 7 12 1 1 1 10 9 12 1 1 3 3 3 3 3 3 3 3 3 3 3 3 3 3 3 3 3 3 3 3 3 3 3 3 3 3 3 3 3 3 3 3 3 3 3 1 1 1 1 1 1 1 1 1 1 1 1 1 1 1 1 1 1 1 1 1 1 1 1 1 1 1 1 1 1 1 1 1 1 1 1 1 1 1 1 1 1 1 1 1 1 1 1 1 1 1 1 1 100 1 1 1
staticfield java/lang/CharacterDataLatin1 DIGITS [B 256
staticfield java/lang/CharacterDataLatin1 instance Ljava/lang/CharacterDataLatin1; java/lang/CharacterDataLatin1
staticfield java/lang/CharacterDataLatin1 A [I 256
staticfield java/lang/CharacterDataLatin1 B [C 256
instanceKlass java/util/concurrent/ConcurrentHashMap$ForwardingNode
instanceKlass java/util/concurrent/ConcurrentHashMap$ReservationNode
ciInstanceKlass java/util/concurrent/ConcurrentHashMap$Node 1 1 97 10 7 12 1 1 1 9 7 12 1 1 1 9 12 1 1 9 12 1 10 12 1 9 12 1 1 10 12 1 1 10 100 12 1 1 1 100 1 10 100 1 11 12 1 1 11 12 1 10 12 1 1 1 1 1 1 1 1 1 1 1 1 1 1 1 1 1 1 1 1 1 1 1 1 1 1 1 1 1 1 1 1 1 1 1 1 1 1 1 100 1 1 1 100 1 1
ciInstanceKlass java/util/concurrent/ConcurrentHashMap$ReservationNode 1 1 34 100 1 10 7 12 1 1 1 100 1 1 1 1 1 1 1 1 1 1 1 1 1 1 1 1 1 1 1 1 1 1 1 1
instanceKlass sun/util/PropertyResourceBundleCharset
instanceKlass sun/nio/cs/MS1252
instanceKlass sun/nio/cs/US_ASCII
instanceKlass sun/nio/cs/ISO_8859_1
instanceKlass sun/nio/cs/Unicode
ciInstanceKlass java/nio/charset/Charset 1 1 370 10 7 12 1 1 1 100 1 10 12 1 1 10 12 1 1 9 7 12 1 1 1 9 12 1 7 1 100 1 10 12 1 9 100 12 1 1 1 10 100 12 1 1 1 10 12 1 1 10 7 12 1 1 1 10 12 1 100 1 10 10 100 12 1 1 1 10 12 1 9 100 12 1 1 1 10 7 12 1 1 1 100 1 8 1 10 10 12 1 1 10 12 1 9 12 1 1 10 12 1 10 12 1 10 12 1 1 10 12 1 10 12 1 100 1 10 11 100 12 1 1 11 12 1 10 12 1 1 11 100 12 1 1 1 100 1 10 100 1 9 12 1 1 10 7 12 1 1 9 100 12 1 1 1 10 9 12 1 1 10 12 1 1 10 7 12 1 1 1 10 12 1 1 10 100 12 1 1 1 100 8 1 8 1 8 1 9 12 1 9 12 1 9 12 1 1 11 100 12 1 1 1 8 1 10 12 1 1 8 1 10 100 12 1 1 1 9 100 12 1 1 1 10 100 12 1 1 1 10 12 1 10 12 1 1 100 1 100 1 10 12 1 10 12 1 1 10 100 12 1 1 10 12 10 12 1 1 10 100 12 1 1 1 10 10 12 1 1 10 12 1 10 12 1 1 7 1 10 100 1 1 1 1 1 1 1 1 1 1 1 1 1 1 1 1 1 1 1 1 1 1 100 1 1 1 100 1 100 1 1 1 1 1 1 1 1 1 1 1 1 1 1 1 1 1 1 1 1 1 1 1 1 1 1 1 1 1 1 1 1 1 1 1 1 1 1 1 1 1 1 1 1 1 1 1 1 1 1 1 1 1 1 1 1 100 1 1 1 1
staticfield java/nio/charset/Charset standardProvider Ljava/nio/charset/spi/CharsetProvider; sun/nio/cs/StandardCharsets
staticfield java/nio/charset/Charset zeroAliases [Ljava/lang/String; 0 [Ljava/lang/String;
ciInstanceKlass sun/nio/cs/UTF_8 1 1 84 8 1 10 7 12 1 1 1 10 7 12 1 1 1 8 1 7 1 10 12 1 100 1 10 10 7 12 1 1 1 10 12 1 1 10 12 1 1 7 1 10 12 1 9 12 1 1 10 7 12 1 1 1 9 12 1 1 1 1 1 1 1 1 1 1 1 1 1 1 1 1 1 1 1 1 1 1 1 1 1 1 1 1
staticfield sun/nio/cs/UTF_8 INSTANCE Lsun/nio/cs/UTF_8; sun/nio/cs/UTF_8
staticfield sun/nio/cs/UTF_8 JLA Ljdk/internal/access/JavaLangAccess; java/lang/System$2
ciInstanceKlass java/io/FileInputStream 1 1 298 7 1 10 12 1 1 10 7 12 1 1 10 7 12 1 1 7 1 10 9 12 1 1 10 12 1 1 10 7 12 1 1 1 10 100 12 1 1 100 1 10 10 12 1 1 100 1 8 1 10 7 1 10 9 12 1 1 10 12 1 1 9 12 1 1 10 12 1 10 7 12 1 1 1 10 12 10 7 12 1 1 1 10 12 1 10 12 1 1 10 12 1 1 10 12 1 1 10 12 1 10 12 1 10 12 1 1 100 1 5 0 8 1 10 100 12 1 1 1 10 100 12 1 1 1 100 1 10 10 12 1 10 12 10 100 12 1 1 1 10 100 12 1 1 1 10 100 12 1 1 1 100 1 8 1 10 10 12 1 1 10 12 1 1 100 1 10 12 1 1 10 100 1 5 0 10 10 12 1 1 10 12 1 10 12 1 10 12 1 10 12 1 100 1 10 12 1 10 12 1 10 12 1 1 10 12 1 9 12 1 1 9 12 1 1 10 12 1 7 1 10 12 1 10 12 1 100 1 10 10 100 12 1 1 100 1 10 12 1 10 12 1 1 1 1 3 1 1 1 1 1 1 1 1 1 1 1 1 1 1 1 100 1 1 1 1 100 1 1 1 1 1 1 1 1 1 1 1 1 1 1 1 1 1 1 1 1 1 1 1 1 1 1 1 1 1 1
instanceKlass java/io/DataInputStream
instanceKlass java/util/zip/CheckedInputStream
instanceKlass org/eclipse/lsp4j/jsonrpc/util/LimitedInputStream
instanceKlass sun/net/www/protocol/jar/JarURLConnection$JarURLInputStream
instanceKlass java/util/jar/Manifest$FastInputStream
instanceKlass java/util/zip/InflaterInputStream
instanceKlass java/io/BufferedInputStream
ciInstanceKlass java/io/FilterInputStream 1 1 62 10 7 12 1 1 1 9 7 12 1 1 1 10 12 1 1 10 12 1 10 10 12 1 1 10 12 1 10 12 1 10 12 1 1 10 12 1 10 12 1 1 1 1 1 1 1 1 1 100 1 1 1 1 1 1 1 1 1 1 1 1
ciInstanceKlass java/lang/StringUTF16 1 1 604 100 1 7 1 10 100 12 1 1 1 100 1 10 7 1 3 100 1 100 1 10 8 1 10 12 1 1 10 12 1 8 1 10 12 1 1 10 12 1 9 12 1 1 10 12 1 1 100 1 8 1 10 12 1 9 12 1 1 9 12 1 10 10 12 1 1 10 12 1 1 10 100 12 1 1 1 10 12 1 10 12 1 1 10 12 1 1 10 12 1 1 10 12 1 1 10 12 1 10 12 1 1 10 12 1 1 10 12 1 1 10 12 1 1 10 12 1 10 12 1 10 12 1 1 10 12 1 100 1 10 12 1 10 10 12 1 1 10 12 1 10 12 1 1 10 12 1 10 100 12 1 1 1 10 100 12 1 1 1 10 12 10 12 1 1 10 12 1 10 12 1 1 10 12 1 1 10 12 1 10 12 1 10 12 1 100 1 10 12 1 1 10 12 1 3 10 12 1 1 10 12 1 10 12 1 10 12 1 10 12 1 10 12 1 10 12 1 1 9 12 1 10 12 1 10 12 1 10 12 1 10 12 1 10 12 1 10 10 12 10 12 10 10 12 1 1 10 100 12 1 1 1 10 12 1 10 12 1 100 1 8 1 8 1 10 12 1 1 100 1 10 10 100 12 1 1 1 10 100 12 1 1 8 1 8 1 8 1 10 12 1 1 10 12 1 1 10 12 10 12 1 10 100 12 1 1 10 12 1 1 10 12 1 1 10 12 1 10 12 10 12 10 12 1 10 12 10 12 1 10 12 1 10 12 1 10 12 1 10 12 1 10 100 12 1 1 1 10 100 12 1 1 1 10 12 1 1 10 12 1 1 11 100 12 1 1 10 12 1 10 12 1 10 12 1 1 9 12 1 1 9 12 1 5 0 5 0 10 12 1 10 12 10 12 10 7 12 1 1 1 10 12 1 1 1 1 1 1 1 1 1 1 1 1 1 1 1 1 1 1 1 1 1 1 1 1 1 1 1 1 1 1 1 100 1 1 1 1 1 1 1 1 1 1 1 1 1 1 1 1 1 1 1 1 1 1 1 1 1 1 1 1 1 1 1 1 1 1 1 1 1 1 1 1 1 1 1 1 1 1 1 1 1 1 1 1 1 1 1 1 1 1 1 1 1 1 1 1 1 1 1 1 1 1 1 1 1 1 1 1 1 1 1 1 1 100 1 1 1 1 1 1 1 1 1 1 1 1 1 1 1 1 1 100 1 1 1 1 1 1 1 1 1 1 1 1 1 1 1 1 1 1 1 1 1 1 1 1 1 1 1 1 1 1 1 1 1 1 1 1 1 1 1 1 1 1 1 1 1 1 1 1 1 1 1 1 1 1 1 1 1 1 1 1 1 100 1 100 1 1 1 1 1
staticfield java/lang/StringUTF16 HI_BYTE_SHIFT I 0
staticfield java/lang/StringUTF16 LO_BYTE_SHIFT I 8
staticfield java/lang/StringUTF16 $assertionsDisabled Z 1
ciInstanceKlass java/util/Collections$EmptyList 1 1 150 10 7 12 1 1 1 10 7 12 1 1 1 10 12 1 1 11 100 12 1 1 1 7 1 100 1 100 1 10 8 1 10 12 1 1 10 12 1 10 12 1 1 10 12 1 100 1 11 10 100 12 1 1 1 10 7 12 1 1 1 9 12 1 1 100 1 100 1 100 1 1 1 1 5 0 1 1 1 1 1 1 1 1 1 1 1 1 1 1 1 1 1 1 1 1 1 1 1 1 1 1 1 1 1 1 1 1 1 1 1 1 1 1 1 1 1 1 1 1 1 1 1 1 1 1 1 1 1 1 1 1 1 1 1 1 1 1 1 1 1 1 1 1 1 1 1 1 1 1
instanceKlass java/security/InvalidParameterException
instanceKlass java/nio/file/InvalidPathException
instanceKlass java/lang/NumberFormatException
ciInstanceKlass java/lang/IllegalArgumentException 1 1 35 10 100 12 1 1 1 10 12 1 10 12 1 10 12 1 100 1 1 1 1 5 0 1 1 1 1 1 1 1 1 1 1 1 1
ciInstanceKlass java/lang/Character$CharacterCache 1 1 46 10 100 12 1 1 1 7 1 10 7 12 1 1 1 9 12 1 1 7 1 10 12 1 9 12 1 1 1 1 1 1 1 1 1 1 1 1 1 1 100 1 1 1 1 1
staticfield java/lang/Character$CharacterCache cache [Ljava/lang/Character; 128 [Ljava/lang/Character;
ciInstanceKlass java/io/File 1 1 649 9 7 12 1 1 1 9 12 1 1 10 7 12 1 1 1 9 7 12 1 1 9 12 1 9 12 1 1 10 7 12 1 1 1 9 12 1 1 9 12 1 1 100 1 10 10 7 12 1 1 1 10 12 1 1 100 1 10 10 12 1 1 10 12 1 10 12 1 1 10 100 12 1 1 100 1 8 1 10 12 1 10 12 1 8 1 10 12 1 8 1 10 12 1 1 8 1 10 12 1 8 1 10 12 1 8 1 10 12 1 8 1 10 12 1 8 1 10 12 1 9 12 1 1 10 12 1 1 10 12 1 1 10 12 1 1 10 12 1 1 10 12 1 10 12 1 10 12 1 1 10 12 1 10 12 10 12 1 10 12 1 10 12 100 1 8 1 10 10 12 1 10 12 1 8 1 10 12 1 100 1 10 10 12 1 1 10 12 1 10 12 1 100 1 10 100 1 8 1 10 12 1 10 12 1 1 10 12 1 10 12 1 1 10 8 1 10 12 1 100 1 100 1 10 12 1 10 7 12 1 1 1 10 100 12 1 1 10 12 1 1 10 12 1 10 12 1 10 12 1 1 10 12 1 10 12 1 10 12 1 10 12 1 10 100 12 1 1 10 12 1 1 10 12 1 1 100 1 10 11 100 12 1 1 1 11 100 12 1 1 11 12 1 11 12 1 1 100 1 10 12 1 10 10 10 100 1 11 100 12 1 10 12 1 10 12 1 10 12 1 10 12 1 10 12 1 10 12 1 10 12 1 1 8 1 10 12 1 1 10 12 1 10 12 1 1 10 12 1 1 10 12 1 10 12 1 10 12 1 10 12 1 1 100 1 8 1 10 10 12 1 1 10 12 1 1 100 1 5 0 8 1 8 1 8 1 10 100 12 1 1 10 12 1 1 100 1 8 1 10 10 12 1 10 12 1 1 10 12 1 1 10 12 1 10 100 12 1 1 10 12 1 1 10 100 12 1 1 1 8 10 100 12 1 1 1 10 12 1 1 9 12 1 1 9 12 1 1 10 7 12 1 1 1 9 12 1 10 12 1 1 9 12 1 1 10 7 12 1 1 1 10 7 12 1 1 10 7 12 1 1 10 7 12 1 1 1 10 12 1 10 12 1 1 9 12 1 10 12 1 9 12 1 9 12 1 10 12 1 1 10 12 1 1 8 100 1 100 1 1 1 5 0 1 1 1 1 1 1 1 1 1 1 1 1 1 1 1 1 1 1 1 1 1 1 1 1 1 1 1 1 1 1 1 1 1 1 1 1 1 1 1 1 1 1 1 1 1 1 1 1 1 1 1 1 1 1 1 1 1 1 1 1 1 1 1 1 1 1 1 1 1 1 1 1 1 1 1 1 1 1 1 1 1 1 1 1 1 1 1 1 1 1 1 1 1 1 1 1 1 1 1 1 1 1 1 1 1 100 1 1 1 100 1 100 1 1 1 1 1 1 1 1 1 1 1 1 1
staticfield java/io/File FS Ljava/io/FileSystem; java/io/WinNTFileSystem
staticfield java/io/File separatorChar C 92
staticfield java/io/File separator Ljava/lang/String; "\"
staticfield java/io/File pathSeparatorChar C 59
staticfield java/io/File pathSeparator Ljava/lang/String; ";"
staticfield java/io/File UNSAFE Ljdk/internal/misc/Unsafe; jdk/internal/misc/Unsafe
staticfield java/io/File PATH_OFFSET J 16
staticfield java/io/File PREFIX_LENGTH_OFFSET J 12
staticfield java/io/File $assertionsDisabled Z 1
instanceKlass java/io/WinNTFileSystem
ciInstanceKlass java/io/FileSystem 1 1 88 10 7 12 1 1 1 10 7 12 1 1 1 1 1 1 3 1 3 1 3 1 3 1 1 1 1 3 1 1 1 1 1 1 1 1 1 1 1 1 1 1 1 1 1 1 1 1 1 1 1 1 1 100 1 1 1 1 1 1 1 1 1 1 1 1 1 1 1 1 1 1 1 1 1 1 1 1 1 1 1 1 1 1 1 1 1 1
ciInstanceKlass java/io/WinNTFileSystem 1 1 505 10 7 12 1 1 1 10 7 12 1 1 1 8 1 10 7 12 1 1 1 10 7 12 1 1 1 9 7 12 1 1 1 8 1 9 12 1 9 12 1 8 1 10 12 1 9 12 1 1 10 12 1 1 7 1 10 10 12 1 1 10 12 1 10 12 1 1 10 12 1 1 10 12 1 10 12 1 10 12 1 1 10 12 1 10 12 1 1 10 10 10 12 1 10 12 1 1 10 12 1 1 10 12 1 10 12 1 8 1 10 12 1 8 1 10 12 1 1 10 7 12 1 1 10 12 1 10 12 1 1 9 12 1 1 8 1 10 12 1 1 10 100 12 1 1 1 10 100 12 1 1 100 1 10 12 1 10 12 1 10 12 1 10 12 1 10 12 1 1 10 100 12 1 1 1 10 100 12 1 1 1 100 1 8 1 10 12 100 1 8 1 10 10 12 1 10 12 1 10 12 1 1 9 12 1 1 10 12 10 7 12 1 1 1 10 12 1 10 12 1 1 10 12 1 1 10 12 1 1 10 12 1 1 10 12 1 10 12 1 1 10 12 1 10 12 1 1 10 12 1 1 10 12 1 1 10 12 1 10 12 1 10 12 1 1 10 12 1 10 100 12 1 1 1 10 12 1 1 18 12 1 1 11 100 12 1 1 1 18 12 1 1 11 100 12 1 1 1 18 12 1 11 12 1 1 100 1 10 12 1 10 12 1 1 10 10 12 1 10 12 1 1 11 100 12 1 1 11 8 1 10 12 1 10 12 1 9 7 12 1 1 1 10 12 1 1 10 12 1 3 10 12 1 8 1 10 12 1 9 100 12 1 1 1 10 10 12 1 10 12 1 1 1 1 1 1 1 1 1 1 1 1 1 1 1 1 1 1 1 1 1 1 1 1 1 1 1 1 1 1 1 1 1 1 1 1 1 1 1 100 1 1 1 1 1 1 1 1 1 1 1 1 1 1 1 1 1 1 1 1 1 1 1 1 100 1 1 100 1 1 1 1 1 1 1 1 1 1 1 1 1 1 1 1 1 1 1 1 1 1 1 1 1 1 1 1 1 1 1 1 1 1 1 1 1 16 1 15 10 12 16 16 1 15 10 12 16 15 10 12 16 15 10 100 12 1 1 1 1 100 1 100 1 1
staticfield java/io/WinNTFileSystem ENABLE_ADS Z 1
staticfield java/io/WinNTFileSystem DRIVE_DIR_CACHE [Ljava/lang/String; 26 [Ljava/lang/String;
ciInstanceKlass java/util/ArrayList$Itr 1 1 104 9 7 12 1 1 1 10 7 12 1 1 1 9 12 1 1 9 7 12 1 1 9 12 1 9 12 1 9 12 1 10 12 1 100 1 10 9 12 1 1 100 1 10 100 1 10 10 12 1 1 100 1 10 100 12 1 1 1 10 12 1 1 11 100 12 1 1 1 100 1 1 1 1 1 1 1 1 1 1 1 1 1 1 1 1 100 1 1 1 1 1 1 1 1 1 1 1 1 1 1 1 1 1
ciInstanceKlass java/util/Properties$LineReader 1 1 94 10 7 12 1 1 1 9 7 12 1 1 1 9 12 1 1 9 12 1 9 12 1 1 9 12 1 1 9 12 1 1 9 12 1 10 7 12 1 1 1 10 7 12 1 1 10 100 12 1 1 1 10 100 12 1 1 1 1 1 1 1 1 1 1 1 1 1 1 1 1 1 1 1 1 1 1 1 1 1 1 1 100 100 1 100 1 1 1 1 100 1 1 1
instanceKlass com/google/common/cache/CacheLoader$UnsupportedLoadingOperationException
ciInstanceKlass java/lang/UnsupportedOperationException 0 0 34 10 100 12 1 1 1 10 12 1 10 12 1 10 12 1 100 1 1 1 1 5 0 1 1 1 1 1 1 1 1 1 1 1
ciInstanceKlass java/lang/AssertionError 0 0 79 10 100 12 1 1 1 10 12 1 10 100 12 1 1 1 10 100 1 100 1 10 12 1 1 10 12 1 10 12 1 10 12 1 10 12 1 10 12 1 10 12 1 10 12 1 1 1 1 5 0 1 1 1 1 1 1 1 1 1 1 100 1 1 1 1 1 1 1 1 1 1 1 1 1 1 1 1 1
instanceKlass org/apache/commons/io/FileExistsException
instanceKlass java/io/FileNotFoundException
instanceKlass java/nio/file/FileSystemException
instanceKlass java/net/MalformedURLException
instanceKlass java/io/InterruptedIOException
instanceKlass java/net/SocketException
instanceKlass java/io/EOFException
instanceKlass com/google/gson/stream/MalformedJsonException
instanceKlass java/io/ObjectStreamException
ciInstanceKlass java/io/IOException 1 1 34 10 7 12 1 1 1 10 12 1 10 12 1 10 12 1 100 1 1 1 1 5 0 1 1 1 1 1 1 1 1 1 1 1
instanceKlass java/util/concurrent/CancellationException
ciInstanceKlass java/lang/IllegalStateException 0 0 35 10 100 12 1 1 1 10 12 1 10 12 1 10 12 1 100 1 1 1 1 5 0 1 1 1 1 1 1 1 1 1 1 1 1
ciInstanceKlass java/lang/SecurityException 1 1 35 10 7 12 1 1 1 10 12 1 10 12 1 10 12 1 100 1 1 1 1 5 0 1 1 1 1 1 1 1 1 1 1 1 1
ciInstanceKlass java/lang/NumberFormatException 0 0 75 10 100 12 1 1 1 10 12 1 100 1 100 1 10 8 1 10 12 1 1 8 1 8 1 8 1 10 12 1 10 12 1 1 10 8 1 8 1 11 100 12 1 1 1 10 12 1 1 1 1 5 0 1 1 1 1 1 1 1 1 1 1 1 1 100 1 1 1 1 1 1 1 1 1
instanceKlass sun/net/www/URLConnection
instanceKlass java/net/JarURLConnection
ciInstanceKlass java/net/URLConnection 1 1 659 9 7 12 1 1 1 100 1 10 12 1 1 10 100 12 1 1 1 10 100 12 1 1 100 1 8 1 10 12 1 9 12 1 1 9 12 1 10 7 1 9 12 1 1 9 12 1 9 12 1 9 12 1 9 12 1 1 9 12 1 9 12 1 1 9 12 1 9 12 1 10 7 12 1 1 1 10 12 1 1 10 12 1 1 100 1 5 0 8 1 5 0 10 12 1 1 8 1 10 12 1 1 8 1 8 1 10 12 1 8 1 8 1 10 100 12 1 1 1 10 12 1 1 100 1 10 100 12 1 1 1 10 100 12 1 1 100 1 10 12 1 1 10 12 1 1 10 100 12 1 1 1 10 12 1 9 100 12 1 1 1 100 1 8 1 10 8 1 100 1 10 10 12 1 1 10 7 12 1 1 10 12 1 1 8 1 10 12 1 10 12 1 10 12 1 10 12 1 9 12 1 1 10 100 12 1 1 1 10 7 12 1 1 1 10 12 1 1 10 12 1 1 100 1 8 1 10 9 12 1 1 100 1 10 10 12 1 1 10 12 1 10 12 1 10 12 1 1 9 12 1 1 100 1 8 1 10 10 12 1 10 12 1 8 1 9 12 1 1 10 7 1 11 100 12 1 1 1 10 12 1 10 12 1 10 100 12 1 1 10 12 1 10 12 1 9 100 12 1 1 1 9 12 1 100 1 10 10 100 12 1 1 1 10 12 1 1 10 12 1 10 12 1 100 1 8 1 10 12 10 12 1 10 12 1 10 12 1 8 1 10 12 1 1 100 1 10 100 12 1 1 1 10 12 1 10 12 1 1 100 1 10 12 1 10 100 12 1 1 1 9 100 12 1 1 1 10 12 1 1 10 12 1 1 10 12 1 1 10 12 1 8 1 8 1 10 100 12 1 1 1 8 1 10 12 1 1 11 100 12 1 1 10 100 12 1 1 10 12 1 1 10 12 1 10 12 1 8 1 8 1 8 1 8 1 8 1 8 1 8 1 8 1 8 1 8 1 10 12 1 1 8 1 8 1 8 1 5 0 10 12 1 1 10 12 1 1 5 0 5 0 5 0 5 0 5 0 10 12 1 10 12 1 1 100 1 8 1 10 10 12 1 10 10 1 1 1 1 1 1 1 1 1 1 1 1 1 1 1 1 1 1 100 1 1 1 1 1 1 1 1 1 1 1 1 1 1 1 1 1 1 1 1 1 1 1 1 1 1 1 1 1 1 1 1 1 1 1 1 1 1 1 1 1 1 1 1 1 1 1 1 1 1 1 1 1 1 1 1 1 1 1 1 1 1 1 1 1 1 1 1 1 1 1 1 1 1 1 1 1 1 1 1 1 1 1 1 1 1 1 1 1 1 1 1 1 1 1 1 1 1 1 1 1 1 1 1 100 1 1 1 1 1 1 1 1 1 1 1 1 1 1 1 1 1 1 1 1 1 1 1 1 1 1 1 1 1 1 100 1 1 100 1 1 1 1 1 1
staticfield java/net/URLConnection defaultCaching Ljava/util/concurrent/ConcurrentHashMap; java/util/concurrent/ConcurrentHashMap
staticfield java/net/URLConnection handlers Ljava/util/Hashtable; java/util/Hashtable
staticfield java/net/URLConnection $assertionsDisabled Z 1
instanceKlass sun/net/www/protocol/jar/JarURLConnection
ciInstanceKlass java/net/JarURLConnection 1 1 144 10 7 12 1 1 1 10 7 12 1 1 10 7 12 1 1 1 8 1 10 7 12 1 1 1 100 1 100 1 10 12 1 8 1 10 12 1 1 10 12 1 10 12 1 10 12 1 1 10 9 12 1 1 8 1 10 12 1 10 12 1 1 8 1 10 12 1 9 12 1 1 10 12 1 1 10 7 12 1 1 1 10 12 1 1 10 100 12 1 1 1 10 12 1 1 10 12 1 10 100 12 1 1 1 10 10 100 12 1 1 10 12 1 1 1 1 1 1 1 1 1 1 1 1 1 1 1 1 1 1 1 100 1 1 1 100 1 1 1 100 1 1 1
ciInstanceKlass sun/net/www/protocol/jar/JarURLConnection 1 1 263 10 7 12 1 1 1 10 7 12 1 1 1 10 7 12 1 1 1 9 12 1 1 9 12 1 1 10 7 12 1 1 1 10 12 1 1 9 12 1 1 9 12 1 1 10 12 1 1 9 12 1 10 12 1 1 10 12 1 1 9 12 1 1 10 7 12 1 1 1 10 12 1 10 7 12 1 1 1 7 1 10 12 1 1 100 1 100 1 100 1 10 12 8 1 10 12 1 1 8 1 10 12 1 10 12 1 10 12 1 10 12 1 10 10 12 1 1 100 1 8 1 10 7 1 10 12 1 1 10 12 1 10 12 1 1 100 1 5 0 5 0 10 10 12 1 1 10 12 1 10 12 1 1 9 12 1 1 8 1 100 1 10 12 1 10 12 1 1 10 100 12 1 1 10 12 1 1 8 1 10 12 1 10 12 1 1 10 12 1 10 12 1 10 12 1 1 10 12 1 10 12 1 10 12 1 1 10 12 1 10 12 1 10 12 1 1 1 1 1 1 1 1 1 1 1 1 1 100 1 1 1 1 1 1 100 1 1 1 1 1 1 1 1 100 1 1 1 1 1 1 1 1 1 1 1 1 1 1 1 1 1 1
staticfield sun/net/www/protocol/jar/JarURLConnection factory Lsun/net/www/protocol/jar/JarFileFactory; sun/net/www/protocol/jar/JarFileFactory
ciInstanceKlass sun/net/www/protocol/jar/URLJarFile$URLJarFileCloseController 1 0 14 100 1 100 1 1 1 1 1 1 100 1 1 1
instanceKlass sun/net/www/protocol/file/FileURLConnection
ciInstanceKlass sun/net/www/URLConnection 1 1 220 10 7 12 1 1 1 9 7 12 1 1 1 7 1 10 12 1 9 12 1 1 9 12 1 1 100 1 8 1 10 12 1 100 1 8 1 10 10 12 1 1 8 1 10 100 12 1 1 1 10 12 1 1 100 1 10 12 1 1 9 12 1 1 10 12 1 10 12 1 100 1 10 12 1 1 10 12 1 9 12 1 1 8 1 10 12 1 10 12 1 1 8 1 9 12 1 1 10 100 12 1 1 1 8 1 10 100 12 1 1 1 8 1 10 12 1 8 1 10 12 1 8 1 8 1 8 1 10 12 1 8 1 10 100 12 1 1 1 10 12 1 1 10 12 1 10 12 1 1 9 12 1 1 9 100 12 1 1 1 10 12 1 1 10 7 12 1 1 1 10 12 1 1 10 1 1 1 1 1 1 1 1 1 1 1 1 1 1 1 1 1 1 1 1 1 1 1 1 1 1 1 1 1 1 1 1 1 1 1 1 1 1 1 1 1 1 1 1 1
ciInstanceKlass sun/net/www/protocol/file/FileURLConnection 1 1 325 10 7 12 1 1 1 9 7 12 1 1 1 9 12 1 5 0 9 12 1 1 9 12 1 9 12 1 9 12 1 1 9 12 1 10 7 12 1 1 1 9 12 1 1 10 12 1 10 12 1 1 100 1 100 1 10 12 1 10 12 1 1 8 1 10 10 12 1 10 100 12 1 1 1 9 12 1 1 100 1 100 1 10 10 12 1 9 12 1 1 100 1 10 12 1 10 12 10 12 1 10 12 10 100 12 1 1 1 11 100 12 1 1 1 9 12 1 9 12 1 1 9 12 1 10 100 12 1 1 1 9 12 1 10 7 12 1 1 1 100 1 10 12 1 100 1 8 1 9 100 12 1 1 1 10 12 1 8 1 10 100 12 1 1 1 10 12 1 1 9 12 1 10 12 1 1 9 12 1 10 12 1 10 12 1 1 10 12 1 10 12 1 100 1 5 0 10 12 1 10 12 1 1 10 100 12 1 1 1 11 100 12 1 1 1 11 12 1 1 11 12 1 1 8 1 100 1 10 12 1 1 10 12 1 9 12 1 1 9 12 1 1 10 7 12 1 1 10 7 12 1 1 9 12 1 1 7 1 8 1 10 12 10 12 10 12 1 1 10 12 1 10 12 1 1 8 1 8 1 8 1 8 1 1 1 1 1 1 1 1 1 1 1 1 1 1 1 100 1 1 1 1 1 1 1 1 1 1 1 1 1 1 1 1 1 1 1 1 1 1 1 1 1 1
ciInstanceKlass sun/net/www/protocol/jar/URLJarFile 1 1 300 10 7 12 1 1 1 10 12 1 1 8 1 10 7 12 1 1 1 10 7 12 1 1 1 10 7 12 1 1 1 10 12 1 10 12 1 1 10 12 1 10 12 1 100 1 10 12 1 9 12 1 1 10 12 1 7 1 10 12 1 10 7 12 1 1 1 10 12 1 10 12 1 8 1 10 12 1 1 10 12 1 10 12 1 1 8 1 8 1 10 12 1 1 7 1 7 1 10 12 1 100 1 100 1 10 12 1 10 100 12 1 1 1 10 12 1 1 8 1 10 12 1 10 12 1 10 10 12 1 100 1 10 10 12 1 1 9 12 1 1 10 100 12 1 1 1 100 1 10 12 1 1 9 12 1 1 10 12 1 1 11 12 1 1 11 100 12 1 1 1 11 100 12 1 1 11 12 1 11 12 1 1 11 12 1 1 11 7 12 1 1 1 10 12 9 12 1 1 10 12 1 1 9 12 1 1 11 100 12 1 1 10 12 1 1 10 100 12 1 1 1 100 1 10 12 1 10 100 12 1 1 1 10 100 1 100 1 10 12 1 1 100 1 10 12 1 1 100 1 1 1 1 1 1 1 1 1 1 1 1 100 1 1 1 1 1 1 1 1 1 1 1 100 1 1 1 1 1 1 1 1 1 1 1 1 1 1 1 1 1 1 1 1 1 1 100 1 1 1
ciInstanceKlass sun/net/www/protocol/jar/JarURLConnection$JarURLInputStream 1 1 50 9 7 12 1 1 1 10 7 12 1 1 1 10 12 1 1 10 7 12 1 1 1 9 12 1 1 10 7 1 1 1 1 1 1 1 1 1 1 1 100 1 1 100 1 1 1 1 1 1
instanceKlass com/google/gson/internal/bind/JsonTreeReader$1
instanceKlass java/io/StringReader
instanceKlass sun/nio/cs/StreamDecoder
instanceKlass java/io/InputStreamReader
instanceKlass java/io/BufferedReader
ciInstanceKlass java/io/Reader 1 1 205 100 1 10 12 1 1 10 7 1 9 7 12 1 1 1 9 12 1 1 100 1 10 10 12 1 1 7 1 7 1 100 1 10 7 12 1 1 1 10 100 12 1 1 1 100 1 10 10 12 1 10 12 1 1 10 12 1 1 10 12 1 10 100 12 1 1 1 10 12 1 10 12 1 1 10 12 1 10 12 1 10 12 1 1 100 1 8 1 10 12 1 10 12 10 12 1 1 10 12 1 5 0 10 12 1 1 100 1 8 1 10 8 1 8 1 10 100 12 1 1 1 10 100 12 1 1 1 100 1 5 0 10 12 1 100 1 100 1 100 1 1 1 1 3 1 1 1 1 1 1 1 1 1 1 1 1 1 1 1 1 100 1 1 1 1 1 1 1 1 1 1 1 1 100 1 1 1 1 1 1 100 1 1 1 1 1 1 1 1 1 1 1 1 1 1 1 1 1 1 1 1 1 1 1
ciInstanceKlass java/io/BufferedReader 1 1 244 10 7 12 1 1 1 7 1 9 12 1 1 9 12 1 9 12 1 1 9 12 1 100 1 8 1 10 12 1 9 12 1 1 9 12 1 1 9 12 1 9 12 1 10 12 1 100 1 8 1 10 10 7 12 1 1 1 10 12 1 1 9 12 1 1 7 1 10 12 1 10 12 1 1 10 12 1 10 12 1 10 12 1 10 7 12 1 1 1 10 12 10 7 12 1 1 1 10 12 1 10 12 1 1 10 12 1 1 10 7 12 1 1 10 12 1 1 7 1 10 12 1 10 12 1 1 10 12 1 10 12 1 8 1 10 12 1 1 10 12 1 8 1 10 12 1 10 12 1 8 1 8 1 10 12 1 10 12 1 100 1 10 12 1 100 1 10 100 12 1 1 1 10 100 12 1 1 1 1 1 3 1 3 1 3 1 3 1 1 1 1 1 1 1 1 1 1 1 1 1 1 100 1 100 1 1 1 1 100 1 1 1 1 100 1 1 1 1 1 1 1 1 1 1 1 1 1 1 1 1 1 1 1 1 1 1 1 1 1 1 1 1 1
instanceKlass java/io/FileReader
ciInstanceKlass java/io/InputStreamReader 1 1 126 10 7 12 1 1 1 7 1 100 1 10 7 12 1 1 1 10 7 12 1 1 1 10 100 12 1 1 1 10 12 1 1 10 7 12 1 1 1 9 12 1 1 100 1 8 1 10 12 1 10 12 1 8 1 8 1 10 12 1 10 12 1 1 10 12 1 1 10 12 1 10 12 1 10 12 1 1 10 12 1 1 1 1 1 1 1 1 1 1 1 1 100 1 1 1 1 1 1 1 1 1 100 1 100 1 1 100 1 1 1 1 1 100 1 1 1 100 1 1 1 1 1 1 1 1
ciInstanceKlass java/util/NoSuchElementException 0 0 34 10 100 12 1 1 1 10 12 1 10 12 1 10 12 1 100 1 1 1 1 5 0 1 1 1 1 1 1 1 1 1 1 1
instanceKlass io/ballerina/projects/exceptions/CorruptedDependenciesTomlException
ciInstanceKlass io/ballerina/projects/ProjectException 1 1 26 10 7 12 1 1 1 10 12 1 10 12 1 100 1 1 1 1 1 1 1 1 1 1 1 1
ciInstanceKlass com/google/gson/JsonSyntaxException 0 0 31 10 10 10 100 100 1 1 1 5 0 1 1 1 1 1 1 1 1 1 1 1 1 1 1 1 12 12 12 1 1
ciInstanceKlass com/google/gson/Gson 1 1 841 9 9 10 7 9 9 100 10 9 9 10 10 7 10 9 7 10 9 9 9 9 7 10 9 9 9 9 9 9 9 9 9 9 9 9 9 9 9 9 9 9 7 10 9 11 10 11 9 9 9 9 9 10 9 7 10 9 7 10 9 7 10 10 9 9 7 10 10 7 10 9 9 9 9 7 9 7 9 7 9 9 9 9 9 9 9 9 9 9 9 9 9 9 9 9 7 10 7 10 7 10 9 9 7 10 10 9 7 10 9 7 10 9 7 10 10 10 100 100 10 10 8 10 10 10 9 100 10 7 10 10 7 10 10 8 10 11 7 10 7 7 10 10 11 7 10 11 11 11 11 7 11 10 10 100 8 10 11 11 8 10 10 9 10 10 7 10 10 10 10 10 7 10 10 10 10 10 10 100 100 10 10 10 10 10 10 10 10 10 100 8 10 10 10 8 10 7 10 8 10 7 10 10 10 10 10 10 7 10 10 10 10 10 10 9 100 8 10 100 10 10 10 100 100 10 7 10 8 10 8 8 8 9 9 9 7 1 1 1 1 1 3 1 1 1 3 1 1 1 1 1 1 1 1 1 1 1 1 1 1 1 1 1 1 1 1 1 1 1 1 1 1 1 1 1 1 1 1 1 1 1 1 1 1 1 1 1 1 1 1 1 1 1 1 1 1 1 1 1 1 1 1 1 1 1 1 1 1 1 1 1 1 1 7 100 7 100 7 100 1 1 1 1 1 1 1 1 1 1 1 1 1 1 1 1 1 1 1 1 1 1 1 1 1 1 1 1 1 1 1 1 1 1 1 1 1 1 1 1 1 1 1 7 100 7 1 1 1 1 1 1 1 1 1 1 1 1 1 1 1 1 1 1 1 1 1 1 1 1 1 1 1 1 1 1 1 1 1 1 1 1 1 100 1 1 1 1 1 1 1 1 1 1 1 1 1 1 100 1 1 1 1 1 1 1 1 1 1 1 1 1 1 1 1 1 1 1 1 1 1 1 1 1 1 1 1 1 1 1 1 1 1 1 1 1 1 1 1 1 1 12 12 7 12 1 12 12 1 12 12 12 12 12 1 12 1 12 12 12 12 1 12 12 12 12 12 12 12 12 12 12 12 12 12 12 12 12 12 12 12 1 7 12 12 7 12 12 12 12 12 12 12 12 12 1 12 1 12 1 12 7 12 12 1 12 12 1 12 12 12 12 12 1 12 1 12 1 12 12 12 12 12 12 12 12 7 12 12 7 12 12 12 12 7 12 1 12 1 12 1 12 12 1 12 12 12 1 12 12 1 12 1 12 12 1 1 12 1 12 12 12 12 1 1 12 12 1 1 7 12 7 12 1 12 1 1 12 1 12 12 12 12 1 12 12 12 1 1 12 12 12 1 12 12 100 12 12 12 1 12 12 12 12 1 12 12 7 12 12 1 1 12 12 12 12 12 12 12 12 12 1 1 12 12 12 1 100 12 1 12 1 12 1 12 12 12 7 12 7 12 1 12 12 12 12 12 7 12 1 1 1 12 1 1 12 1 12 1 12 1 1 1 7 12 7 12 12 1 1 1 1 1 1 1 1 1 1 1 1 1 1 1 1 1 1 1 1 1 1 1 1 1 1 1 1 1 1 1 1 1 1 1 1 1 1 1 1 1 1 1 1 1 1 1 1 1 1 1 1 1 1 1 1 1 1 1 1 1 1 1 1 1 1 1 1 1 1 1 1 1 1 1 1 1 1 1 1 1 1 1 1 1 1 1 1 1 1 1 1 1 1 1 1 1 1 1 1 1 1 1 1 1 1 1 1 1 1 1 1 1 1 1 1 1 1 1 1 1 1 1 1 1 1 1 1 1 1 1 1 1 1 1 1 1 1 1 1 1 1 1 1 1 1 1 1 1 1 1 1 1
staticfield com/google/gson/Gson DEFAULT_DATE_PATTERN Ljava/lang/String; null
staticfield com/google/gson/Gson DEFAULT_FIELD_NAMING_STRATEGY Lcom/google/gson/FieldNamingStrategy; com/google/gson/FieldNamingPolicy$1
staticfield com/google/gson/Gson DEFAULT_OBJECT_TO_NUMBER_STRATEGY Lcom/google/gson/ToNumberStrategy; com/google/gson/ToNumberPolicy$1
staticfield com/google/gson/Gson DEFAULT_NUMBER_TO_NUMBER_STRATEGY Lcom/google/gson/ToNumberStrategy; com/google/gson/ToNumberPolicy$2
ciInstanceKlass org/wso2/ballerinalang/util/RepoUtils 1 1 415 10 100 12 1 1 1 100 1 8 1 10 7 12 1 1 1 10 100 12 1 1 1 7 1 8 1 10 12 1 100 1 8 1 10 12 1 8 1 11 100 12 1 1 1 11 12 1 1 100 1 10 100 12 1 1 1 9 12 1 1 10 12 1 10 12 1 1 18 12 1 8 1 11 12 1 1 10 12 1 11 12 1 1 8 1 10 12 1 1 11 12 1 10 100 12 1 1 1 8 1 11 12 1 1 9 12 1 1 8 1 9 12 1 8 1 8 1 8 1 8 1 8 1 8 1 8 1 10 12 1 8 1 10 12 1 8 1 11 100 12 1 1 11 12 1 1 8 1 10 7 12 1 1 8 1 10 7 12 1 1 1 7 1 10 10 12 1 1 8 1 10 10 7 12 1 1 7 1 10 12 1 1 8 1 8 1 8 1 8 1 10 100 12 1 1 1 8 1 8 1 10 8 1 10 12 1 8 1 10 12 1 1 100 1 10 10 12 1 1 11 100 12 1 1 11 12 1 1 100 1 10 12 1 10 12 10 12 1 1 10 100 12 1 1 1 10 100 1 18 100 1 10 12 1 18 12 18 10 12 1 100 1 8 1 11 12 1 10 12 1 1 10 100 12 1 1 1 10 100 12 1 1 10 12 1 1 10 100 12 1 8 1 10 12 1 9 12 1 8 1 9 12 1 8 1 8 1 1 1 1 1 1 1 1 1 1 1 1 1 1 1 1 1 1 1 1 1 1 1 1 1 1 1 1 1 1 1 1 1 1 1 1 1 1 1 1 1 1 1 1 1 1 1 1 1 1 1 1 1 1 1 1 1 1 1 1 1 1 1 1 1 1 1 1 1 1 1 1 1 1 1 1 100 1 1 1 1 1 1 1 1 1 1 1 8 1 8 1 8 1 8 1 15 10 100 12 1 1 1 100 1 100 1 1
staticfield org/wso2/ballerinalang/util/RepoUtils COMPILE_BALLERINA_ORG Z 0
staticfield org/wso2/ballerinalang/util/RepoUtils LOAD_BUILTIN_FROM_SOURCE Z 0
staticfield org/wso2/ballerinalang/util/RepoUtils SET_BALLERINA_STAGE_CENTRAL Z 0
staticfield org/wso2/ballerinalang/util/RepoUtils SET_BALLERINA_DEV_CENTRAL Z 0
ciInstanceKlass com/github/zafarkhaja/semver/Version 1 1 232 9 9 10 10 9 9 10 7 7 10 10 10 11 100 10 11 10 10 10 10 10 10 10 10 10 10 10 10 10 10 10 7 10 10 10 10 8 10 10 8 10 10 10 9 11 7 10 7 100 100 1 1 100 1 1 1 1 1 1 1 1 1 1 1 1 1 1 1 1 1 1 1 1 1 1 1 1 1 1 1 1 1 1 1 1 1 1 1 1 1 1 1 1 1 1 1 1 1 1 1 1 1 1 1 1 1 1 1 1 1 1 1 1 1 1 1 1 1 1 1 1 1 1 1 1 1 1 100 1 1 1 1 1 1 1 1 1 1 1 1 1 12 7 12 12 12 12 12 7 12 1 1 12 12 100 12 100 12 1 12 12 12 12 12 12 12 12 12 12 12 12 12 12 12 1 12 12 12 7 12 1 12 12 1 12 12 12 100 12 1 12 1 1 1 1 1 1 1 1 1 1 1 1 1 1 1 1 1 1 1 1 1 1 1 1 1 1 1 1 1 1 1 1 1 1 1 1 1 1 1 1
staticfield com/github/zafarkhaja/semver/Version BUILD_AWARE_ORDER Ljava/util/Comparator; com/github/zafarkhaja/semver/Version$BuildAwareOrder
ciInstanceKlass com/github/zafarkhaja/semver/Parser 1 0 12 100 100 1 1 1 1 1 1 1 1 1
ciInstanceKlass com/github/zafarkhaja/semver/VersionParser 1 1 301 10 10 100 8 10 10 7 10 10 7 10 9 10 7 10 10 10 10 9 7 9 9 9 10 10 7 10 10 10 9 7 10 9 9 10 100 10 10 11 10 7 11 7 11 100 10 10 10 10 10 10 10 10 7 10 10 10 10 11 11 10 10 100 8 10 8 100 10 10 10 10 100 10 10 7 100 100 1 1 1 1 1 1 1 1 1 1 1 1 1 1 1 1 1 1 1 1 100 100 100 1 1 1 1 1 1 1 1 1 1 1 1 1 1 1 1 1 1 1 100 100 100 1 1 1 1 1 1 1 1 1 100 1 1 1 1 100 1 1 1 1 1 100 1 1 1 1 1 1 1 100 100 1 1 1 1 1 1 1 1 1 1 1 100 1 1 1 1 1 1 12 12 1 1 12 12 1 12 12 1 12 12 12 1 12 12 12 12 1 12 12 12 12 12 1 12 12 7 12 12 1 12 12 12 12 1 12 100 12 12 1 12 1 12 1 12 12 12 12 12 12 12 12 1 12 12 12 100 12 12 12 12 1 1 1 1 12 12 12 12 1 12 12 1 1 1 1 1 1 1 1 1 1 1 1 1 1 1 1 1 1 1 1 1 1 1 1 1 1 1 1 1 1 100 1 1 1 1 1 1 1 1 1 1 1 1 1 1 1 1 1 1 1 1 1 1 1 1 1 1
ciInstanceKlass com/github/zafarkhaja/semver/util/Stream$ElementType 1 0 16 100 100 1 1 1 1 1 1 1 100 1 1 1 1 1
ciInstanceKlass com/github/zafarkhaja/semver/util/UnexpectedElementException 0 0 85 10 9 9 9 8 100 10 10 100 10 10 8 10 10 100 100 1 1 1 1 1 100 1 1 1 1 1 1 1 1 1 1 1 1 1 1 1 1 1 1 1 1 1 1 1 1 1 1 1 100 1 1 12 12 12 12 1 1 100 12 100 12 1 12 1 100 12 12 1 1 100 1 1 1 1 1 1 1 1 1 1 1 1 1
instanceKlass com/github/zafarkhaja/semver/UnexpectedCharacterException
ciInstanceKlass com/github/zafarkhaja/semver/ParseException 0 0 63 10 10 10 10 10 100 10 10 8 10 8 10 8 100 100 1 1 1 1 1 1 1 1 1 1 1 1 1 1 1 1 1 1 100 100 100 100 1 1 12 12 12 12 12 1 12 1 100 12 1 1 1 1 1 1 1 1 1 1 1 1 1
ciInstanceKlass com/github/zafarkhaja/semver/UnexpectedCharacterException 0 0 106 10 10 9 10 100 9 10 100 9 8 100 10 10 10 100 10 10 8 10 10 100 100 1 1 1 1 1 100 1 1 1 1 1 1 1 1 1 1 1 1 1 1 1 1 1 1 1 1 1 1 1 1 100 1 1 12 100 12 12 12 1 12 12 12 1 1 12 100 12 100 12 1 12 1 100 12 12 1 1 100 1 1 1 1 1 1 1 100 1 1 1 1 1 1 1 1 1 1 1 1 1 1 100 1 1
ciInstanceKlass com/github/zafarkhaja/semver/util/Stream 1 1 115 9 9 10 10 7 10 11 10 100 10 100 10 10 7 7 100 7 1 1 1 1 1 1 1 1 1 1 1 1 1 1 1 1 1 1 1 1 1 1 1 1 1 1 1 1 1 1 1 1 100 100 100 1 1 1 1 1 1 1 1 1 1 1 1 1 1 1 1 100 1 1 1 1 1 1 1 1 1 1 1 1 1 1 1 1 1 1 1 12 12 12 7 12 12 12 12 1 12 1 12 100 12 1 1 1 1 1 1 1 1 1 1 1 1
instanceKlass com/github/zafarkhaja/semver/VersionParser$CharType$7
instanceKlass com/github/zafarkhaja/semver/VersionParser$CharType$6
instanceKlass com/github/zafarkhaja/semver/VersionParser$CharType$5
instanceKlass com/github/zafarkhaja/semver/VersionParser$CharType$4
instanceKlass com/github/zafarkhaja/semver/VersionParser$CharType$3
instanceKlass com/github/zafarkhaja/semver/VersionParser$CharType$2
instanceKlass com/github/zafarkhaja/semver/VersionParser$CharType$1
ciInstanceKlass com/github/zafarkhaja/semver/VersionParser$CharType 1 1 118 10 9 10 100 7 10 10 10 10 7 8 10 9 7 8 10 9 7 8 10 9 7 8 10 9 7 8 10 9 7 8 10 9 7 8 10 9 7 100 1 1 1 1 1 1 1 1 1 1 1 1 1 1 1 1 1 1 1 1 1 1 1 1 1 1 1 1 1 1 1 1 100 1 1 1 1 1 1 1 1 1 1 1 12 12 100 12 100 1 12 12 12 1 12 1 12 1 12 1 12 1 12 1 12 1 12 1 100 1 1 1 1 1 1 1 1 1
staticfield com/github/zafarkhaja/semver/VersionParser$CharType DIGIT Lcom/github/zafarkhaja/semver/VersionParser$CharType; com/github/zafarkhaja/semver/VersionParser$CharType$1
staticfield com/github/zafarkhaja/semver/VersionParser$CharType LETTER Lcom/github/zafarkhaja/semver/VersionParser$CharType; com/github/zafarkhaja/semver/VersionParser$CharType$2
staticfield com/github/zafarkhaja/semver/VersionParser$CharType DOT Lcom/github/zafarkhaja/semver/VersionParser$CharType; com/github/zafarkhaja/semver/VersionParser$CharType$3
staticfield com/github/zafarkhaja/semver/VersionParser$CharType HYPHEN Lcom/github/zafarkhaja/semver/VersionParser$CharType; com/github/zafarkhaja/semver/VersionParser$CharType$4
staticfield com/github/zafarkhaja/semver/VersionParser$CharType PLUS Lcom/github/zafarkhaja/semver/VersionParser$CharType; com/github/zafarkhaja/semver/VersionParser$CharType$5
staticfield com/github/zafarkhaja/semver/VersionParser$CharType EOI Lcom/github/zafarkhaja/semver/VersionParser$CharType; com/github/zafarkhaja/semver/VersionParser$CharType$6
staticfield com/github/zafarkhaja/semver/VersionParser$CharType ILLEGAL Lcom/github/zafarkhaja/semver/VersionParser$CharType; com/github/zafarkhaja/semver/VersionParser$CharType$7
staticfield com/github/zafarkhaja/semver/VersionParser$CharType $VALUES [Lcom/github/zafarkhaja/semver/VersionParser$CharType; 7 [Lcom/github/zafarkhaja/semver/VersionParser$CharType;
ciInstanceKlass com/github/zafarkhaja/semver/VersionParser$CharType$1 1 1 38 10 10 7 10 7 7 1 1 1 1 1 1 1 1 1 1 1 1 1 1 1 1 1 1 12 12 1 12 1 100 1 100 1 1 1 1 1
ciInstanceKlass com/github/zafarkhaja/semver/VersionParser$CharType$3 1 1 38 10 10 7 10 7 7 1 1 1 1 1 1 1 1 1 1 1 1 1 1 1 1 1 1 12 12 1 12 1 100 1 100 1 1 1 1 1
ciInstanceKlass com/github/zafarkhaja/semver/VersionParser$CharType$4 1 1 38 10 10 100 10 7 7 1 1 1 1 1 1 1 1 1 1 1 1 1 1 1 1 1 1 12 12 1 12 1 100 1 100 1 1 1 1 1
ciInstanceKlass com/github/zafarkhaja/semver/VersionParser$CharType$5 1 1 38 10 10 100 10 7 7 1 1 1 1 1 1 1 1 1 1 1 1 1 1 1 1 1 1 12 12 1 12 1 100 1 100 1 1 1 1 1
ciInstanceKlass com/github/zafarkhaja/semver/VersionParser$CharType$6 1 1 34 10 100 10 7 7 1 1 1 1 1 1 1 1 1 1 1 1 1 1 1 1 1 1 12 1 12 1 100 1 100 1 1 1
ciInstanceKlass com/github/zafarkhaja/semver/NormalVersion 1 1 78 10 100 8 10 9 9 9 7 10 10 8 7 10 10 100 1 1 1 1 1 1 1 1 1 1 1 1 100 1 1 1 1 1 1 1 1 1 1 1 1 1 1 1 1 1 1 1 1 1 1 1 1 12 1 1 12 12 12 12 1 12 12 1 1 7 12 7 12 1 1 1 1 1 1 1 1 1
instanceKlass com/github/zafarkhaja/semver/MetadataVersion$NullMetadataVersion
ciInstanceKlass com/github/zafarkhaja/semver/MetadataVersion 1 1 136 10 9 10 10 10 10 100 7 10 10 10 100 10 10 8 10 10 10 9 10 10 10 10 100 7 10 7 100 1 1 1 1 1 1 1 1 1 1 1 1 1 1 1 1 1 1 1 1 1 100 1 1 1 1 1 1 1 1 1 1 1 100 100 1 1 1 1 1 1 1 1 1 1 1 1 1 1 1 1 1 1 1 1 1 100 1 1 1 1 1 1 1 12 12 12 100 12 100 12 100 12 1 12 12 12 1 12 1 12 12 12 12 12 12 12 12 1 1 1 1 1 1 1 1 1 1 1 1 1 1 1 1 1 1 1
staticfield com/github/zafarkhaja/semver/MetadataVersion NULL Lcom/github/zafarkhaja/semver/MetadataVersion; com/github/zafarkhaja/semver/MetadataVersion$NullMetadataVersion
ciInstanceKlass com/github/zafarkhaja/semver/MetadataVersion$NullMetadataVersion 1 1 47 10 100 8 10 8 7 10 7 10 1 1 1 1 1 1 1 1 1 1 1 1 1 1 1 1 1 1 1 1 1 1 1 1 1 1 12 1 1 12 1 1 12 1 12 1 1
ciInstanceKlass java/lang/CharacterData00 1 1 256 9 7 12 1 1 1 9 12 1 1 9 12 1 9 12 1 10 12 1 1 10 12 1 10 12 1 1 3 3 3 3 3 3 3 3 3 3 3 3 3 3 3 3 3 3 3 3 3 3 3 3 3 3 3 3 3 3 3 3 3 3 3 3 3 3 3 3 3 3 3 3 3 3 3 3 3 3 3 3 3 3 3 3 3 3 3 3 3 3 3 3 3 3 3 3 3 3 3 3 3 3 3 3 3 3 3 3 3 3 3 3 3 3 3 3 3 3 3 3 3 3 3 3 3 3 3 10 12 1 100 1 3 3 3 3 10 12 1 9 12 1 1 10 7 12 1 1 1 10 7 12 1 1 1 9 12 1 1 10 9 12 1 1 8 1 10 7 12 1 1 1 8 1 8 1 7 1 7 3 3 3 3 3 3 3 3 3 3 3 3 8 1 100 1 10 1 1 1 1 1 1 1 1 1 1 1 1 1 1 1 1 1 1 1 1 1 1 1 1 1 1 1 1 1 1 1 1 1 1 1 1 1 1 1 1 1 1 1 1 1 1 1 1 1 1 1 1 1 1 1 1 1 1 1 1
staticfield java/lang/CharacterData00 instance Ljava/lang/CharacterData00; java/lang/CharacterData00
staticfield java/lang/CharacterData00 charMap [[[C 103 [[[C
staticfield java/lang/CharacterData00 X [C 2048
staticfield java/lang/CharacterData00 Y [C 6048
staticfield java/lang/CharacterData00 A [I 1056
staticfield java/lang/CharacterData00 B [C 1056
staticfield java/lang/CharacterData00 $assertionsDisabled Z 1
ciInstanceKlass java/util/ConcurrentModificationException 0 0 34 10 100 12 1 1 1 10 12 1 10 12 1 10 12 1 100 1 1 1 1 5 0 1 1 1 1 1 1 1 1 1 1 1
ciInstanceKlass sun/nio/fs/BasicFileAttributesHolder 1 0 11 100 1 100 1 1 1 1 1 1 1
ciInstanceKlass sun/nio/fs/WindowsPath$WindowsPathWithAttributes 1 1 107 10 7 12 1 1 1 7 1 10 12 1 9 7 12 1 1 1 10 12 1 1 7 1 10 12 1 1 10 12 1 1 10 12 1 1 10 12 1 1 10 12 1 10 12 1 10 12 1 1 10 12 1 1 10 12 1 10 12 1 10 12 1 1 100 1 10 12 1 1 100 1 1 1 1 1 1 1 1 1 1 1 1 1 1 1 1 1 1 1 1 1 1 100 1 1 1 1 1 1 1 1 1 1 1 1 1
ciInstanceKlass java/nio/file/AccessMode 0 0 55 100 1 9 12 1 1 9 12 1 9 12 1 9 12 1 1 10 100 12 1 1 10 100 12 1 1 1 10 12 1 1 8 10 8 8 10 12 1 1 1 1 1 1 1 1 1 1 1 1 1 1 1 1 1
ciInstanceKlass sun/nio/fs/WindowsPath$1 1 1 44 10 7 12 1 1 1 9 7 12 1 1 1 9 12 1 1 10 12 1 1 100 1 9 12 1 9 12 1 100 1 1 1 1 1 1 1 1 1 1 100 1 1 1
staticfield sun/nio/fs/WindowsPath$1 $SwitchMap$sun$nio$fs$WindowsPathType [I 5
ciInstanceKlass java/nio/file/AccessDeniedException 0 0 28 10 100 12 1 1 1 10 12 1 100 1 1 1 1 5 0 1 1 1 1 1 1 1 1 1 1 1
ciInstanceKlass sun/nio/fs/WindowsException 1 1 111 100 1 10 7 12 1 1 1 9 7 12 1 1 1 9 12 1 1 10 100 12 1 1 1 100 1 10 8 1 10 12 1 1 10 100 12 1 1 10 12 1 1 10 12 1 10 12 1 100 1 10 12 1 7 1 10 12 1 7 1 10 100 1 10 100 1 10 10 12 1 1 10 7 12 1 1 10 12 1 1 1 1 1 5 0 1 1 1 1 1 1 1 1 1 1 1 1 1 1 1 1 1 1 100 1 1 1 1 1 1
ciInstanceKlass sun/nio/ch/FileChannelImpl 1 1 838 10 7 12 1 1 1 7 1 10 12 1 9 7 12 1 1 1 7 1 10 9 12 1 1 9 12 1 1 9 12 1 1 9 12 1 1 9 12 1 9 12 1 9 12 1 1 9 12 1 100 1 10 9 12 1 1 10 7 12 1 1 1 9 12 1 1 10 7 12 1 1 1 7 1 10 12 1 10 7 12 1 1 1 9 12 1 1 10 12 1 10 12 1 1 100 1 10 9 12 1 10 12 1 10 12 1 1 10 7 12 1 1 9 12 1 1 10 100 12 1 1 1 11 100 12 1 1 1 11 100 12 1 1 11 12 1 1 100 1 10 12 1 10 12 1 1 10 12 1 10 12 1 1 100 1 10 12 1 10 12 1 11 100 12 1 1 11 7 12 1 1 100 1 10 12 1 1 10 12 1 100 1 10 10 10 100 12 1 1 1 10 12 1 10 12 1 1 10 12 1 10 12 1 10 7 12 1 1 1 10 7 12 1 5 0 10 7 12 1 1 1 10 12 1 10 12 1 1 10 100 12 1 1 1 10 12 1 10 12 1 5 0 10 12 1 100 1 10 10 12 1 10 12 9 12 1 1 11 7 12 1 1 1 10 12 1 10 12 1 1 100 1 10 8 1 10 12 1 10 12 1 1 10 12 1 1 10 12 1 10 100 12 1 1 1 10 12 1 1 5 0 100 1 9 12 1 9 12 1 5 0 9 12 1 100 1 100 1 10 12 1 1 11 12 1 1 10 12 1 1 10 12 1 1 10 12 1 5 0 10 12 1 5 0 10 100 12 1 1 1 9 100 12 1 1 1 10 12 1 1 11 100 12 1 1 10 12 1 1 100 1 11 10 100 1 10 12 1 1 100 1 5 0 10 100 12 1 1 1 10 12 1 10 12 1 10 12 1 1 10 12 1 10 10 12 1 10 12 1 1 10 12 1 1 10 12 1 10 12 1 1 9 12 1 10 12 1 1 10 12 11 100 12 1 11 10 12 1 1 10 12 1 10 12 1 1 100 1 10 8 1 10 12 1 10 12 1 10 12 1 100 1 11 12 1 10 100 1 100 1 5 0 8 1 8 1 10 12 1 1 10 12 1 1 10 12 1 1 10 12 1 1 10 10 12 1 1 10 12 1 10 100 12 1 1 10 12 1 10 12 1 10 12 8 1 10 100 12 1 1 1 10 12 1 8 1 8 1 100 1 10 12 1 100 1 10 12 1 10 12 1 1 10 8 1 10 12 1 1 10 12 1 8 1 10 10 12 1 10 12 1 100 1 10 100 12 1 1 5 0 10 12 1 100 1 10 12 1 1 10 12 1 8 1 10 12 1 10 12 1 1 10 12 1 100 1 10 12 1 100 1 10 10 100 12 1 1 9 100 12 1 1 9 12 1 9 12 1 9 12 1 100 1 10 10 100 12 1 1 100 1 10 100 1 10 10 12 1 100 1 5 0 10 12 1 10 12 1 10 12 1 10 12 1 10 12 100 1 10 10 12 1 1 10 12 1 1 10 10 10 12 10 7 12 1 1 10 7 12 1 1 1 7 1 10 1 1 1 1 1 3 1 3 1 3 1 3 1 3 1 1 1 1 1 1 100 1 1 1 1 1 1 100 1 1 1 1 1 1 1 1 1 1 1 1 1 1 1 1 100 1 1 1 1 1 1 1 1 1 1 1 1 1 1 1 1 1 1 1 1 1 1 1 1 1 1 1 1 1 1 1 100 1 1 1 1 1 1 1 1 1 1 1 1 1 1 1 1 1 1 1 1 1 1 1 1 1 1 1 1 1 100 1 1 1 1 1 1 1 1 1 1 1 1 1 1 1 1 1 1 1 1 1 1 1 1 1 1 1 1 1 1 1 1 1 1 100 1 1 100 1 1 1 1 100 1 1
staticfield sun/nio/ch/FileChannelImpl fdAccess Ljdk/internal/access/JavaIOFileDescriptorAccess; java/io/FileDescriptor$1
staticfield sun/nio/ch/FileChannelImpl nd Lsun/nio/ch/FileDispatcher; sun/nio/ch/FileDispatcherImpl
staticfield sun/nio/ch/FileChannelImpl $assertionsDisabled Z 1
ciInstanceKlass java/io/FileNotFoundException 0 0 49 10 100 12 1 1 1 10 12 1 100 1 10 10 12 1 1 8 1 8 1 8 1 10 12 1 1 100 1 1 1 1 5 0 1 1 1 1 1 1 1 1 1 1 1 100 1 1 1
ciInstanceKlass java/io/UncheckedIOException 0 0 69 10 100 12 1 1 1 100 1 10 100 12 1 1 1 10 12 1 10 12 1 1 100 1 10 100 12 1 1 1 100 1 8 1 10 12 1 10 100 12 1 1 1 1 1 5 0 1 1 1 1 1 1 1 1 1 1 1 1 1 1 1 1 1 1 100 1 1 1
ciInstanceKlass io/ballerina/projects/environment/PackageRepository 1 0 22 100 1 100 1 1 1 1 1 1 1 1 1 1 1 1 1 1 1 1 1 1
instanceKlass io/ballerina/projects/internal/repositories/FileSystemRepository
ciInstanceKlass io/ballerina/projects/internal/repositories/AbstractPackageRepository 1 1 375 10 7 12 1 1 1 7 1 10 11 7 12 1 1 1 11 7 12 1 1 1 11 12 1 1 7 1 10 12 1 1 10 12 1 1 10 7 12 1 1 1 10 12 1 1 10 12 1 1 11 7 12 1 1 1 10 7 12 1 1 1 100 1 10 12 1 1 10 7 12 1 1 1 10 12 1 1 10 12 1 1 10 12 1 1 10 12 1 10 7 12 1 1 1 10 7 12 1 1 1 11 12 1 1 18 12 1 1 11 7 12 1 1 1 11 12 1 1 10 7 12 1 1 1 10 12 1 1 18 10 7 12 1 1 11 12 1 1 10 12 1 11 9 100 12 1 1 1 10 12 1 1 18 10 12 1 10 12 1 10 12 1 1 18 12 1 1 11 12 1 1 100 1 10 100 12 1 18 12 1 1 11 12 1 1 10 12 1 1 100 1 10 12 1 10 100 1 10 100 12 1 1 10 12 1 10 12 1 10 12 1 10 12 1 10 12 1 1 10 7 12 1 1 1 10 12 1 10 12 1 1 10 12 1 11 12 1 11 12 1 1 10 12 1 1 10 11 12 1 100 1 1 1 1 1 1 1 1 1 1 1 1 1 1 1 1 1 1 1 1 1 1 1 1 1 1 1 1 1 1 1 1 1 1 1 1 1 1 1 1 1 1 1 1 1 1 1 1 1 1 1 1 1 1 1 1 1 1 1 1 1 1 1 1 1 1 1 1 1 1 1 1 1 1 1 1 1 1 1 1 1 1 1 16 15 10 12 16 15 10 12 1 16 15 16 1 16 15 10 12 16 1 16 1 15 10 12 16 15 10 7 12 1 1 1 1 100 1 1 100 1 100 1 1
instanceKlass io/ballerina/projects/internal/repositories/LocalPackageRepository
instanceKlass io/ballerina/projects/internal/repositories/BallerinaDistributionRepository
ciInstanceKlass io/ballerina/projects/internal/repositories/FileSystemRepository 1 1 545 10 7 12 1 1 1 100 1 8 1 11 7 12 1 1 1 9 7 12 1 1 1 8 1 9 12 9 12 1 1 18 12 1 1 10 7 12 1 1 1 10 7 12 1 1 1 10 12 1 1 10 7 1 10 12 1 1 10 7 12 1 1 1 10 12 1 1 7 1 10 12 1 8 1 10 12 1 1 7 1 10 7 12 1 1 1 10 12 1 10 7 12 1 1 1 7 1 10 12 1 10 12 1 1 10 7 12 1 1 1 10 7 12 1 1 1 10 12 1 1 10 100 12 1 1 10 12 1 10 12 1 10 12 1 10 100 1 11 7 1 8 1 11 12 1 10 12 1 1 10 100 12 1 1 11 12 1 1 10 7 12 1 10 12 1 10 100 12 1 1 1 10 12 1 10 12 1 1 10 12 1 1 7 1 10 10 12 1 1 10 12 1 10 12 1 10 12 1 7 1 10 11 7 12 1 1 1 11 12 1 11 12 1 1 11 7 12 1 1 11 12 1 10 12 1 1 100 1 18 12 1 11 7 12 1 1 1 10 12 1 1 11 7 12 1 1 1 11 12 1 1 11 12 1 7 1 10 12 1 1 100 1 100 1 10 12 1 18 10 12 1 10 12 1 1 11 12 1 10 12 1 1 11 12 1 1 8 1 10 7 12 1 1 1 10 7 12 1 1 10 7 12 1 1 10 12 1 1 10 12 1 8 1 10 12 1 1 10 7 12 1 1 1 10 12 1 1 10 12 1 10 12 1 1 100 1 10 10 10 12 1 1 10 7 12 1 1 1 10 12 1 1 11 12 1 1 10 7 12 1 1 1 11 12 1 10 7 12 1 1 1 10 12 1 11 12 1 1 18 12 1 1 11 12 1 1 18 12 1 1 11 12 1 1 10 12 1 18 10 12 1 18 1 1 1 1 1 1 1 1 1 1 1 1 1 1 1 1 1 1 1 1 1 1 1 1 1 1 1 1 1 1 1 1 1 1 1 1 1 1 1 1 1 1 1 1 1 1 1 1 1 1 1 1 1 1 1 100 1 1 1 1 1 1 1 1 1 1 1 1 1 1 1 1 1 1 1 1 1 1 1 1 1 1 1 1 1 1 100 1 1 1 1 1 1 1 1 1 1 1 1 8 1 8 1 8 1 16 15 10 12 16 16 1 15 10 12 16 15 16 15 15 10 7 12 1 1 15 10 7 12 1 1 1 1 100 1 1 1 100 1 100 1 1
ciInstanceKlass io/ballerina/projects/internal/repositories/BallerinaDistributionRepository 1 1 73 10 7 12 1 1 1 100 1 8 1 11 7 12 1 1 1 7 1 10 7 12 1 1 1 100 1 10 100 12 1 1 1 18 12 1 1 10 12 1 7 1 10 1 1 1 1 1 1 1 1 1 1 1 1 1 1 1 1 8 1 15 10 100 12 1 1 1 100 1 100 1 1
ciInstanceKlass io/ballerina/projects/util/ProjectUtils 1 1 1954 100 1 10 100 12 1 1 1 9 7 12 1 1 1 10 7 12 1 1 1 10 7 12 1 1 1 10 12 1 1 10 12 1 10 12 1 10 12 1 10 7 12 1 1 1 10 7 12 1 1 10 12 1 1 7 1 10 10 7 12 1 1 1 11 7 12 1 1 1 11 7 12 1 1 11 12 1 1 7 1 10 12 1 1 10 7 12 1 1 10 12 1 1 10 12 1 10 7 12 1 1 1 10 12 1 1 10 7 12 1 1 1 10 7 12 1 1 1 10 7 12 1 1 10 12 1 10 12 1 1 10 7 12 1 1 1 10 12 1 18 12 1 1 8 1 10 12 1 1 18 12 1 9 7 12 1 1 1 10 12 1 1 18 12 1 18 7 1 9 7 12 1 1 1 10 12 1 9 7 12 1 1 1 10 12 1 7 1 10 12 1 1 10 7 12 1 1 1 10 12 1 10 12 1 10 7 12 1 1 1 10 12 1 1 7 1 10 12 1 1 10 7 12 1 1 1 10 7 12 1 1 1 7 1 10 12 1 1 10 7 1 7 1 10 12 1 1 11 7 1 100 1 10 12 1 1 10 12 1 1 9 12 1 8 1 10 12 1 10 12 1 10 12 1 7 1 10 12 1 10 7 12 1 1 10 12 1 1 7 1 8 1 10 12 1 10 7 12 1 1 10 12 1 7 1 10 10 12 1 1 10 18 11 7 12 1 10 12 1 8 1 10 12 1 10 12 1 8 1 10 12 1 1 8 1 10 12 10 12 1 1 10 12 8 1 8 1 8 1 10 12 1 18 18 18 11 7 12 1 1 1 11 12 1 11 12 1 1 10 7 12 1 1 8 1 11 12 1 1 7 1 10 7 12 1 1 1 11 12 1 10 12 1 1 10 12 10 12 1 8 1 10 7 12 1 1 8 1 10 12 1 8 1 10 12 1 10 7 12 1 1 1 10 12 1 1 10 12 1 8 1 10 12 1 8 1 8 1 10 12 1 18 8 1 18 18 10 12 1 10 12 1 1 10 12 1 10 12 1 10 12 1 11 12 1 10 12 1 18 12 1 1 10 12 1 1 10 12 1 1 8 1 10 12 1 8 1 10 7 12 1 1 10 100 12 1 1 1 10 10 10 12 1 1 10 10 12 1 1 10 12 1 8 1 18 12 11 12 1 10 12 1 10 12 1 10 12 1 10 12 1 18 12 1 18 8 1 10 12 1 1 8 1 10 12 1 1 8 1 10 12 1 18 10 12 1 8 1 7 1 10 8 1 18 18 18 8 1 8 1 8 1 8 1 8 1 8 1 100 1 9 100 12 1 1 1 10 12 1 11 7 1 18 8 1 100 1 10 12 1 1 100 1 10 10 12 1 1 9 100 12 1 1 1 8 1 10 100 12 1 1 1 100 1 100 1 100 1 10 12 1 10 12 1 10 12 1 10 12 1 100 1 10 100 1 11 10 12 1 18 12 1 1 10 12 1 1 10 10 12 1 1 11 100 1 11 12 1 11 12 1 100 1 100 1 10 10 100 12 1 1 1 10 9 100 12 1 1 1 10 12 1 1 10 12 1 1 10 12 1 10 12 9 12 1 1 10 12 1 10 12 1 10 12 1 1 10 12 1 10 12 10 100 12 1 1 10 12 1 10 100 12 1 1 10 10 12 1 10 12 1 10 12 18 8 1 10 12 1 8 1 100 1 8 1 10 8 1 9 12 1 1 18 8 1 10 7 12 1 1 10 10 12 1 100 1 10 12 1 100 1 9 100 12 1 1 1 10 12 1 8 1 10 7 12 1 1 1 10 7 12 1 1 10 12 1 100 1 18 10 10 12 1 18 10 12 1 18 9 12 1 9 12 1 9 12 1 9 12 1 8 1 10 8 1 10 12 1 1 8 1 8 1 8 1 8 1 18 12 1 1 11 12 1 1 8 1 18 11 18 8 1 8 1 8 1 8 1 11 8 1 11 100 1 8 1 10 12 1 8 1 10 12 1 8 1 8 1 11 8 1 8 1 8 1 8 1 100 1 10 12 8 1 10 12 8 1 10 12 8 1 8 1 9 100 12 1 1 8 1 10 12 1 1 10 7 12 1 1 1 8 1 10 12 1 10 12 1 8 1 9 7 12 1 1 1 10 7 12 1 9 12 1 9 12 1 10 10 12 1 1 10 12 1 1 100 1 10 100 1 10 12 1 10 12 1 1 10 100 1 10 10 12 1 1 10 12 1 10 7 1 10 12 1 1 10 12 1 10 10 10 10 12 1 1 10 12 1 10 12 1 11 10 12 1 10 12 1 1 100 1 10 100 1 10 12 1 1 10 100 1 10 12 1 8 1 8 1 10 12 1 1 10 12 1 1 10 12 1 1 11 100 1 11 11 12 100 1 10 12 1 1 100 1 10 12 1 8 1 10 12 1 18 12 1 100 1 10 10 12 1 1 10 12 1 1 8 1 10 12 1 10 12 1 1 100 1 10 12 1 8 1 10 12 1 10 12 1 1 11 8 1 10 12 1 1 10 12 1 1 10 12 1 10 12 1 11 12 1 1 10 12 1 1 11 12 1 1 100 1 10 12 1 1 10 12 1 1 11 12 1 11 100 1 10 12 1 18 10 12 1 11 8 1 11 10 100 12 1 1 18 10 100 12 1 1 1 10 100 12 1 1 18 12 1 11 12 1 1 11 12 1 1 10 12 1 10 12 1 18 8 1 8 1 10 12 1 1 11 12 10 100 12 1 1 1 10 12 1 10 12 1 1 10 100 12 1 1 10 12 1 1 9 100 12 1 1 1 10 12 1 10 12 10 12 1 100 1 10 12 1 1 10 12 1 1 9 12 1 9 7 12 1 1 1 10 9 12 1 18 12 1 9 12 1 18 10 12 1 9 12 1 9 12 1 9 12 1 10 12 1 18 12 1 10 12 1 1 11 100 1 18 10 12 1 1 11 11 18 10 8 1 8 1 8 1 100 1 8 1 10 9 12 1 1 11 12 1 10 12 1 1 10 12 1 10 18 12 1 11 12 1 1 10 100 12 1 1 9 100 12 1 1 1 10 100 12 1 1 10 10 10 12 1 10 12 1 1 10 10 12 1 1 10 12 1 1 10 12 1 10 12 1 10 12 1 1 10 100 1 10 10 10 10 100 1 8 1 8 1 10 10 100 1 10 12 1 1 10 10 12 10 12 1 10 10 12 10 12 1 1 10 8 1 10 12 1 1 8 1 8 1 8 1 8 1 8 1 8 1 10 7 12 1 1 10 12 1 1 1 1 1 1 1 1 1 1 1 1 1 1 1 1 1 1 1 1 1 1 1 1 1 1 1 1 1 1 1 1 1 1 1 1 1 1 1 1 1 1 1 1 1 1 1 1 1 1 1 1 1 1 1 1 1 1 1 1 1 1 1 1 1 1 1 1 1 1 1 1 1 1 1 1 1 1 1 1 1 1 1 1 1 1 1 1 1 1 1 1 1 1 1 1 1 1 1 1 1 1 1 1 1 1 1 1 1 1 1 1 1 1 1 1 1 1 1 1 1 1 1 1 1 1 1 1 1 1 1 1 1 1 1 1 1 1 1 100 1 1 1 1 1 1 1 1 1 1 1 1 1 1 1 1 1 1 1 1 1 1 1 1 1 1 1 1 1 1 1 1 1 1 1 1 1 1 1 1 1 1 1 1 1 1 1 1 1 1 1 1 1 1 1 1 1 1 1 1 1 1 1 1 1 1 1 100 1 1 1 1 1 1 1 1 1 1 1 1 1 1 1 1 1 1 1 100 1 1 1 1 1 1 1 100 1 1 1 1 1 1 1 1 1 1 1 1 1 1 1 1 1 1 1 1 1 1 1 1 1 1 1 1 1 1 1 1 1 1 1 1 1 1 1 1 1 1 1 1 1 1 1 1 1 1 1 1 1 1 1 1 1 100 1 1 100 1 1 1 1 1 1 1 1 1 1 1 1 1 1 1 1 1 1 1 1 1 1 1 1 1 1 1 1 1 1 1 1 1 1 1 1 1 1 1 1 1 1 1 1 1 1 1 1 1 1 1 1 1 1 1 1 1 1 1 1 1 1 1 1 1 1 1 1 1 1 1 1 1 1 1 8 1 8 1 8 1 8 1 8 1 8 1 8 1 8 1 8 1 8 1 8 1 16 15 16 1 8 1 8 1 8 1 8 1 8 1 8 1 8 1 8 1 16 1 15 10 12 8 1 8 1 8 1 8 1 8 1 16 1 15 10 12 16 1 15 10 12 16 1 15 10 12 16 1 8 1 8 1 8 1 16 15 11 100 12 1 16 8 1 15 10 12 16 15 10 12 15 10 12 8 1 8 1 15 10 12 16 15 10 7 12 1 1 15 10 7 12 1 1 1 1 1 1 1 1 1 100 1 1 100 1 100 1 1
staticfield io/ballerina/projects/util/ProjectUtils separatedIdentifierPattern Ljava/util/regex/Pattern; java/util/regex/Pattern
staticfield io/ballerina/projects/util/ProjectUtils onlyDotsPattern Ljava/util/regex/Pattern; java/util/regex/Pattern
staticfield io/ballerina/projects/util/ProjectUtils onlyNonAlphanumericPattern Ljava/util/regex/Pattern; java/util/regex/Pattern
staticfield io/ballerina/projects/util/ProjectUtils orgNamePattern Ljava/util/regex/Pattern; java/util/regex/Pattern
staticfield io/ballerina/projects/util/ProjectUtils separatedIdentifierWithHyphenPattern Ljava/util/regex/Pattern; java/util/regex/Pattern
staticfield io/ballerina/projects/util/ProjectUtils projectLoadingDiagnostic Ljava/util/List; java/util/ArrayList
staticfield io/ballerina/projects/util/ProjectUtils excludeExtensions Ljava/util/HashSet; java/util/HashSet
ciInstanceKlass io/ballerina/projects/PackageOrg 1 1 79 10 7 12 1 1 1 9 7 12 1 1 1 8 1 10 7 12 1 1 1 9 12 1 1 10 12 1 10 12 1 1 10 7 12 1 1 1 100 1 8 1 9 12 1 8 1 9 12 1 8 1 1 1 1 1 1 1 1 1 1 1 1 1 1 1 1 1 1 1 1 1 1 1 1 1 1 1 1
staticfield io/ballerina/projects/PackageOrg BALLERINA_ORG Lio/ballerina/projects/PackageOrg; io/ballerina/projects/PackageOrg
staticfield io/ballerina/projects/PackageOrg BALLERINA_I_ORG Lio/ballerina/projects/PackageOrg; io/ballerina/projects/PackageOrg
staticfield io/ballerina/projects/PackageOrg BALLERINA_X_ORG Lio/ballerina/projects/PackageOrg; io/ballerina/projects/PackageOrg
ciInstanceKlass io/ballerina/projects/PackageName 1 1 54 10 7 12 1 1 1 9 7 12 1 1 1 10 12 1 10 12 1 1 10 7 12 1 1 1 10 7 12 1 1 1 1 1 8 1 1 1 1 1 1 1 1 1 1 1 1 1 1 1 1 1 1 1
ciInstanceKlass io/ballerina/projects/internal/BalaFiles 1 1 1180 100 1 10 100 12 1 1 1 11 7 12 1 1 1 10 7 12 1 1 1 10 7 12 1 1 1 10 12 1 10 7 12 1 1 1 10 12 1 1 10 12 1 1 10 7 12 1 1 1 11 7 12 1 1 8 1 11 12 1 1 10 12 1 8 1 8 1 10 12 1 1 10 7 12 1 1 1 10 7 12 1 1 1 10 12 1 1 7 1 10 10 100 12 1 1 1 8 1 7 1 10 100 12 1 1 1 10 12 1 7 1 10 12 1 1 100 1 100 1 10 12 1 1 18 12 1 1 10 12 1 10 12 1 8 1 10 12 1 1 18 18 10 12 1 18 7 1 10 7 12 1 1 1 10 7 12 1 1 1 10 12 1 1 18 10 12 1 1 10 12 1 1 10 7 12 1 1 1 18 12 1 10 12 1 18 10 12 1 8 1 10 12 1 11 12 1 1 18 12 1 1 11 7 12 1 1 1 11 12 1 1 10 7 12 1 1 10 12 1 1 7 1 10 12 1 10 10 7 12 1 1 7 1 10 12 1 1 18 12 1 18 18 12 1 18 12 1 1 11 12 1 1 18 12 1 11 12 1 11 18 10 12 1 10 12 1 1 10 12 1 10 12 1 1 10 12 1 8 1 10 12 1 1 18 18 10 12 1 1 10 7 12 1 1 10 12 1 1 10 12 1 10 12 1 1 7 1 10 12 1 8 1 18 10 12 1 1 10 12 1 1 10 12 1 1 10 12 1 8 1 8 1 10 12 1 1 10 12 1 1 7 1 10 12 1 1 8 1 8 1 10 12 1 1 10 12 1 1 10 12 1 1 10 12 1 1 10 12 1 7 1 10 12 1 1 10 12 1 1 8 1 100 1 10 7 1 100 1 11 12 1 10 12 1 10 12 1 10 12 1 10 12 1 1 8 1 10 8 1 10 10 10 12 1 11 12 1 1 11 12 1 1 18 10 100 12 1 1 1 18 10 12 1 10 12 1 1 10 12 1 18 12 1 1 11 12 1 1 10 12 1 7 1 10 18 12 1 10 12 1 1 10 10 18 10 18 12 1 18 10 7 12 1 1 10 7 12 1 1 10 7 12 1 1 10 100 12 1 1 10 7 12 1 1 10 12 1 10 12 1 1 10 12 1 18 12 1 18 10 12 1 10 12 1 1 7 1 18 7 1 10 12 1 11 12 1 18 18 11 12 1 1 10 12 1 10 12 1 10 12 1 10 12 1 10 12 1 10 12 1 10 12 1 10 12 1 10 12 1 10 7 12 1 1 18 10 12 1 1 7 1 10 12 1 10 12 1 11 7 12 1 1 1 11 12 1 1 11 7 12 1 1 11 12 1 7 1 10 12 1 7 1 10 10 12 1 10 12 1 10 100 1 100 1 10 12 1 10 12 1 10 12 1 10 12 1 7 1 10 10 12 1 1 10 100 12 1 1 10 12 1 10 12 1 10 7 12 1 1 10 12 1 1 9 12 1 1 10 7 12 1 1 1 100 1 18 18 8 1 8 1 18 18 18 18 18 18 10 7 12 1 1 1 7 1 10 11 7 1 10 12 1 1 10 12 1 1 18 18 10 7 12 1 1 1 11 12 1 1 10 7 1 10 12 1 10 10 12 1 10 12 1 10 10 7 12 1 1 18 10 12 1 1 10 12 1 10 7 12 1 1 8 1 18 7 1 18 18 10 10 12 1 1 10 12 1 10 12 1 100 1 10 100 1 10 10 10 12 1 10 12 1 11 12 1 11 12 1 100 1 10 12 1 1 11 12 10 12 1 1 100 1 10 12 1 1 11 12 1 18 18 9 100 12 1 1 1 10 12 1 10 100 12 1 10 100 12 1 1 10 12 18 10 12 1 10 12 11 10 10 1 1 1 1 1 1 1 1 1 1 1 1 1 1 1 1 1 1 1 1 1 1 1 100 1 1 1 1 1 1 1 1 1 1 1 1 1 1 1 1 1 1 1 1 1 1 1 1 1 1 1 1 1 1 1 1 1 1 1 1 1 1 1 1 1 1 1 1 1 1 1 1 1 1 1 1 1 1 1 1 1 1 1 1 1 1 1 1 1 1 1 1 1 1 1 1 1 1 1 1 1 1 1 1 1 1 1 1 1 1 1 1 1 1 1 1 1 1 1 1 1 1 1 1 1 1 1 1 1 1 1 1 1 1 1 1 1 1 1 1 1 1 1 1 1 1 1 1 1 1 1 1 1 1 1 1 1 1 1 1 1 1 1 1 1 1 1 1 1 1 1 1 1 1 1 1 1 1 1 1 1 1 1 1 1 1 1 8 1 8 1 8 1 8 1 8 1 8 1 8 1 16 15 10 12 16 1 15 10 12 16 15 10 12 15 10 12 16 15 10 12 16 15 10 12 16 1 8 1 8 1 8 1 8 1 8 1 8 1 16 1 15 10 12 16 1 15 10 12 16 15 10 12 15 10 12 15 10 12 15 10 12 16 1 15 10 12 1 16 15 10 12 1 16 15 10 12 1 15 16 1 15 10 12 8 1 8 1 8 1 8 1 8 1 8 1 8 1 8 1 15 10 12 16 15 10 12 16 8 1 8 1 8 1 8 1 8 1 8 1 8 1 15 10 7 12 1 1 15 10 7 12 1 1 1 1 1 1 1 1 1 100 1 1 100 1 100 1 1
staticfield io/ballerina/projects/internal/BalaFiles gson Lcom/google/gson/Gson; com/google/gson/Gson
ciInstanceKlass io/ballerina/projects/internal/model/PackageJson 1 1 159 10 100 12 1 1 1 9 7 12 1 1 1 9 12 1 9 12 1 9 12 1 1 9 12 1 9 12 1 9 12 1 9 12 1 9 12 1 9 12 1 9 12 1 9 12 1 9 12 1 9 12 1 9 12 1 9 12 1 1 9 12 1 9 12 1 9 12 1 1 9 12 1 9 12 1 9 12 1 1 1 1 1 1 1 1 1 1 1 1 1 1 1 1 1 1 1 1 1 1 1 1 1 1 1 1 1 1 1 1 1 1 1 1 1 1 1 1 1 1 1 1 1 1 1 1 1 1 1 1 1 1 1 1 1 1 1 1 1 1 1 1 1 1 1 1 1 1 1 1 1 1 1 1 100 1 100 1 1
ciInstanceKlass io/ballerina/projects/CompilerBackend$TargetPlatform 1 0 14 100 1 100 1 1 1 1 1 1 100 1 1 1
ciInstanceKlass io/ballerina/projects/JvmTarget 1 1 74 7 1 9 12 1 1 9 12 1 9 12 1 9 12 1 1 10 7 12 1 1 10 7 12 1 1 1 10 12 1 1 9 12 1 1 8 8 1 10 12 1 8 8 1 8 8 1 10 12 1 1 100 1 1 1 1 1 1 1 1 1 1 1 1 1 1 1 1 1 1 100 1 1
staticfield io/ballerina/projects/JvmTarget JAVA_21 Lio/ballerina/projects/JvmTarget; io/ballerina/projects/JvmTarget
staticfield io/ballerina/projects/JvmTarget JAVA_17 Lio/ballerina/projects/JvmTarget; io/ballerina/projects/JvmTarget
staticfield io/ballerina/projects/JvmTarget JAVA_11 Lio/ballerina/projects/JvmTarget; io/ballerina/projects/JvmTarget
staticfield io/ballerina/projects/JvmTarget $VALUES [Lio/ballerina/projects/JvmTarget; 3 [Lio/ballerina/projects/JvmTarget;
ciInstanceKlass java/net/Proxy 0 0 88 10 100 12 1 1 1 9 100 12 1 1 1 9 100 12 1 1 9 12 1 1 100 1 100 1 100 1 10 8 1 10 12 1 1 10 12 1 8 1 10 12 1 1 10 12 1 10 12 1 8 8 1 10 12 1 1 10 12 1 1 10 12 1 1 10 10 9 12 1 1 1 1 1 1 1 1 100 1 1 1 1 1 1 1 1 1 1
ciMethod java/lang/Object <init> ()V 1024 0 5139693 0 80
ciMethod java/lang/Object hashCode ()I 256 0 128 0 -1
ciMethod java/lang/Object equals (Ljava/lang/Object;)Z 520 0 51124 0 -1
ciMethod java/lang/Object clone ()Ljava/lang/Object; 256 0 128 0 -1
ciMethod java/lang/String <init> ([CII)V 216 0 6262 0 -1
ciMethod java/lang/String length ()I 550 0 1158686 0 112
ciMethod java/lang/String isEmpty ()Z 512 0 610608 0 112
ciMethod java/lang/String charAt (I)C 612 0 1251839 0 240
ciMethod java/lang/String equals (Ljava/lang/Object;)Z 782 0 6646 0 456
ciMethod java/lang/String equalsIgnoreCase (Ljava/lang/String;)Z 512 0 6487 0 -1
ciMethod java/lang/String startsWith (Ljava/lang/String;I)Z 512 0 10626 0 888
ciMethod java/lang/String startsWith (Ljava/lang/String;)Z 512 0 119554 0 776
ciMethod java/lang/String endsWith (Ljava/lang/String;)Z 494 0 12720 0 -1
ciMethod java/lang/String hashCode ()I 512 0 17746 0 752
ciMethod java/lang/String lastIndexOf (I)I 512 0 42194 0 -1
ciMethod java/lang/String substring (I)Ljava/lang/String; 40 0 23767 0 0
ciMethod java/lang/String substring (II)Ljava/lang/String; 512 0 7073 0 1944
ciMethod java/lang/String replace (CC)Ljava/lang/String; 516 0 8469 0 -1
ciMethod java/lang/String <init> ([BB)V 512 0 45058 0 312
ciMethod java/lang/String coder ()B 646 0 1485619 0 88
ciMethod java/lang/String isLatin1 ()Z 852 0 1384861 0 88
ciMethod java/lang/String checkIndex (II)V 612 0 1290131 0 136
ciMethod java/lang/String checkBoundsBeginEnd (III)V 512 0 8961 0 0
ciMethod java/lang/Class getModule ()Ljava/lang/Module; 256 0 128 0 0
ciMethod java/lang/Class getPackageName ()Ljava/lang/String; 542 0 5445 0 -1
ciMethod java/lang/Class getResourceAsStream (Ljava/lang/String;)Ljava/io/InputStream; 512 0 7516 0 2264
ciMethod java/lang/Class isOpenToCaller (Ljava/lang/String;Ljava/lang/Class;)Z 0 0 1 0 -1
ciMethod java/lang/Class resolveName (Ljava/lang/String;)Ljava/lang/String; 512 0 7516 0 0
ciMethod java/lang/ClassLoader findResource (Ljava/lang/String;Ljava/lang/String;)Ljava/net/URL; 0 0 1 0 -1
ciMethod java/lang/ClassLoader getResource (Ljava/lang/String;)Ljava/net/URL; 796 0 6686 0 480
ciMethod java/lang/ClassLoader findResource (Ljava/lang/String;)Ljava/net/URL; 0 0 1 0 -1
ciMethod java/lang/ClassLoader getResourceAsStream (Ljava/lang/String;)Ljava/io/InputStream; 512 0 7533 0 784
ciMethod java/lang/ClassLoader getSystemResourceAsStream (Ljava/lang/String;)Ljava/io/InputStream; 0 0 1 0 -1
ciMethod java/lang/System getSecurityManager ()Ljava/lang/SecurityManager; 512 0 91758 0 -1
ciMethod java/lang/System arraycopy (Ljava/lang/Object;ILjava/lang/Object;II)V 256 0 128 0 -1
ciMethod java/lang/Throwable addSuppressed (Ljava/lang/Throwable;)V 0 0 1 0 0
ciMethod java/lang/SecurityManager checkExec (Ljava/lang/String;)V 0 0 1 0 -1
ciMethod java/util/Properties <init> ()V 512 0 7621 0 0
ciMethod java/util/Properties <init> (Ljava/util/Properties;I)V 512 0 7509 0 1072
ciMethod java/util/Properties load (Ljava/io/InputStream;)V 512 0 7616 0 0
ciMethod java/util/Properties load0 (Ljava/util/Properties$LineReader;)V 212 77986 856 0 2472
ciMethod java/util/Properties loadConvert ([CIILjava/lang/StringBuilder;)Ljava/lang/String; 228 6566 1486 0 -1
ciMethod java/util/Properties getProperty (Ljava/lang/String;)Ljava/lang/String; 524 0 5389 0 1832
ciMethod java/util/Properties put (Ljava/lang/Object;Ljava/lang/Object;)Ljava/lang/Object; 536 0 5240 0 0
ciMethod java/util/Map get (Ljava/lang/Object;)Ljava/lang/Object; 0 0 1 0 -1
ciMethod java/util/Hashtable <init> (Ljava/lang/Void;)V 512 0 7509 0 0
ciMethod java/util/Dictionary <init> ()V 512 0 7514 0 0
ciMethod java/lang/Module isNamed ()Z 512 0 12173 0 0
ciMethod java/lang/Module getName ()Ljava/lang/String; 34 0 17 0 -1
ciMethod java/lang/AbstractStringBuilder <init> (I)V 10 0 5167 0 608
ciMethod java/lang/StringBuilder <init> ()V 8 0 143489 0 448
ciMethod java/lang/StringBuilder <init> (I)V 408 0 60911 0 -1
ciMethod java/lang/StringBuilder append (Ljava/lang/Object;)Ljava/lang/StringBuilder; 238 0 9099 0 -1
ciMethod java/lang/StringBuilder append (Ljava/lang/String;)Ljava/lang/StringBuilder; 10 0 181708 0 -1
ciMethod java/lang/StringBuilder append ([CII)Ljava/lang/StringBuilder; 0 0 4223 0 -1
ciMethod java/lang/StringBuilder append (C)Ljava/lang/StringBuilder; 670 0 463254 0 -1
ciMethod java/lang/StringBuilder toString ()Ljava/lang/String; 10 0 161934 0 -1
ciMethod java/lang/StringBuilder setLength (I)V 4 0 158 0 -1
ciMethod java/lang/StringBuilder length ()I 522 0 22481 0 -1
ciMethod jdk/internal/misc/Unsafe getReferenceAcquire (Ljava/lang/Object;J)Ljava/lang/Object; 688 0 5966 0 -1
ciMethod jdk/internal/misc/Unsafe storeFence ()V 512 0 542 0 -1
ciMethod java/io/ByteArrayInputStream close ()V 354 0 177 0 0
ciMethod java/io/InputStream read ([B)I 512 0 929 0 -1
ciMethod java/io/InputStream close ()V 0 0 1 0 -1
ciMethod java/net/URL getHost ()Ljava/lang/String; 256 0 128 0 -1
ciMethod java/net/URL getFile ()Ljava/lang/String; 258 0 129 0 -1
ciMethod java/net/URL toString ()Ljava/lang/String; 410 0 3485 0 -1
ciMethod java/net/URL openConnection ()Ljava/net/URLConnection; 512 0 20840 0 0
ciMethod java/net/URL openStream ()Ljava/io/InputStream; 512 0 7533 0 0
ciMethod java/lang/Enum ordinal ()I 260 0 130 0 -1
ciMethod jdk/internal/loader/BuiltinClassLoader findResource (Ljava/lang/String;Ljava/lang/String;)Ljava/net/URL; 0 0 4 0 -1
ciMethod jdk/internal/loader/BuiltinClassLoader findResourceAsStream (Ljava/lang/String;Ljava/lang/String;)Ljava/io/InputStream; 0 0 1 0 -1
ciMethod jdk/internal/loader/BuiltinClassLoader findResource (Ljava/lang/String;)Ljava/net/URL; 512 0 6542 0 15360
ciMethod jdk/internal/loader/BuiltinClassLoader findMiscResource (Ljava/lang/String;)Ljava/util/List; 516 0 5478 0 -1
ciMethod jdk/internal/loader/BuiltinClassLoader findResourceOnClassPath (Ljava/lang/String;)Ljava/net/URL; 510 0 5383 0 -1
ciMethod jdk/internal/loader/BuiltinClassLoader isOpen (Ljava/lang/module/ModuleReference;Ljava/lang/String;)Z 0 0 1 0 -1
ciMethod jdk/internal/loader/BuiltinClassLoader checkURL (Ljava/net/URL;)Ljava/net/URL; 510 0 6571 0 -1
ciMethod jdk/internal/loader/ClassLoaders bootLoader ()Ljdk/internal/loader/BuiltinClassLoader; 454 0 3393 0 0
ciMethod java/util/concurrent/ConcurrentHashMap spread (I)I 1024 0 28986 0 96
ciMethod java/util/concurrent/ConcurrentHashMap tableSizeFor (I)I 694 0 6524 0 0
ciMethod java/util/concurrent/ConcurrentHashMap tabAt ([Ljava/util/concurrent/ConcurrentHashMap$Node;I)Ljava/util/concurrent/ConcurrentHashMap$Node; 688 0 5966 0 96
ciMethod java/util/concurrent/ConcurrentHashMap casTabAt ([Ljava/util/concurrent/ConcurrentHashMap$Node;ILjava/util/concurrent/ConcurrentHashMap$Node;Ljava/util/concurrent/ConcurrentHashMap$Node;)Z 1024 0 1640 0 -1
ciMethod java/util/concurrent/ConcurrentHashMap <init> (I)V 512 0 7583 0 0
ciMethod java/util/concurrent/ConcurrentHashMap <init> (IFI)V 512 0 6405 0 520
ciMethod java/util/concurrent/ConcurrentHashMap get (Ljava/lang/Object;)Ljava/lang/Object; 512 8 11623 0 888
ciMethod java/util/concurrent/ConcurrentHashMap put (Ljava/lang/Object;Ljava/lang/Object;)Ljava/lang/Object; 514 0 6111 0 0
ciMethod java/util/concurrent/ConcurrentHashMap putVal (Ljava/lang/Object;Ljava/lang/Object;Z)Ljava/lang/Object; 1024 24 11837 0 -1
ciMethod java/util/concurrent/ConcurrentHashMap initTable ()[Ljava/util/concurrent/ConcurrentHashMap$Node; 18 0 5194 0 -1
ciMethod java/util/concurrent/ConcurrentHashMap addCount (JI)V 1024 0 5907 0 -1
ciMethod java/util/concurrent/ConcurrentHashMap helpTransfer ([Ljava/util/concurrent/ConcurrentHashMap$Node;Ljava/util/concurrent/ConcurrentHashMap$Node;)[Ljava/util/concurrent/ConcurrentHashMap$Node; 0 0 1 0 -1
ciMethod java/util/concurrent/ConcurrentHashMap treeifyBin ([Ljava/util/concurrent/ConcurrentHashMap$Node;I)V 0 0 1 0 -1
ciMethod java/util/AbstractMap <init> ()V 768 0 356703 0 80
ciMethod java/util/List isEmpty ()Z 0 0 1 0 -1
ciMethod java/util/List iterator ()Ljava/util/Iterator; 0 0 1 0 -1
ciMethod java/util/List add (Ljava/lang/Object;)Z 0 0 1 0 -1
ciMethod java/util/List get (I)Ljava/lang/Object; 0 0 1 0 -1
ciMethod java/util/ArrayList <init> ()V 90 0 603541 0 304
ciMethod java/util/ArrayList isEmpty ()Z 532 0 270192 0 96
ciMethod java/util/ArrayList iterator ()Ljava/util/Iterator; 512 0 22128 0 200
ciMethod java/util/AbstractList <init> ()V 120 0 671634 0 88
ciMethod java/util/AbstractCollection <init> ()V 622 0 985890 0 80
ciMethod java/lang/Character <init> (C)V 256 0 128 0 -1
ciMethod java/lang/Character valueOf (C)Ljava/lang/Character; 768 0 26091 0 0
ciMethod java/lang/Character charValue ()C 256 0 128 0 -1
ciMethod java/lang/Character digit (CI)I 522 0 20874 0 0
ciMethod java/lang/Character digit (II)I 522 0 20874 0 0
ciMethod java/lang/Integer parseInt (Ljava/lang/String;I)I 82 178 8347 0 1272
ciMethod java/lang/Integer parseInt (Ljava/lang/String;)I 544 0 20410 0 0
ciMethod java/lang/Integer numberOfLeadingZeros (I)I 36 0 5179 0 -1
ciMethod java/util/Iterator hasNext ()Z 0 0 1 0 -1
ciMethod java/util/Iterator next ()Ljava/lang/Object; 0 0 1 0 -1
ciMethod java/lang/NullPointerException <init> ()V 0 0 1 0 -1
ciMethod jdk/internal/misc/VM isModuleSystemInited ()Z 184 0 17622 0 0
ciMethod java/util/Set remove (Ljava/lang/Object;)Z 0 0 1 0 -1
ciMethod java/util/Objects requireNonNull (Ljava/lang/Object;)Ljava/lang/Object; 582 0 1330099 0 -1
ciMethod java/util/Objects requireNonNull (Ljava/lang/Object;Ljava/lang/String;)Ljava/lang/Object; 512 0 123396 0 -1
ciMethod jdk/internal/reflect/Reflection getCallerClass ()Ljava/lang/Class; 256 0 128 0 -1
ciMethod java/lang/StringLatin1 charAt ([BI)C 612 0 1242744 0 0
ciMethod java/lang/StringLatin1 equals ([B[B)Z 512 304 2447 0 -1
ciMethod java/lang/StringLatin1 hashCode ([B)I 230 0 7522 0 632
ciMethod java/lang/StringLatin1 newString ([BII)Ljava/lang/String; 510 0 6418 0 1560
ciMethod java/lang/Math min (II)I 512 0 131788 0 -1
ciMethod jdk/internal/util/ArraysSupport vectorizedMismatch (Ljava/lang/Object;JLjava/lang/Object;JII)I 394 500 197 0 -1
ciMethod jdk/internal/util/ArraysSupport vectorizedHashCode (Ljava/lang/Object;IIII)I 570 0 15394 0 -1
ciMethod jdk/internal/util/ArraysSupport mismatch ([BI[BII)I 384 6 10556 0 608
ciMethod jdk/internal/util/ArraysSupport newLength (III)I 514 0 5466 0 -1
ciMethod jdk/internal/util/Preconditions outOfBoundsCheckFromToIndex (Ljava/util/function/BiFunction;III)Ljava/lang/RuntimeException; 0 0 1 0 -1
ciMethod jdk/internal/util/Preconditions checkIndex (IILjava/util/function/BiFunction;)I 850 0 6021 0 -1
ciMethod jdk/internal/util/Preconditions checkFromToIndex (IIILjava/util/function/BiFunction;)I 512 0 38432 0 0
ciMethod java/util/Arrays checkLength (II)V 502 0 50931 0 -1
ciMethod java/util/Arrays copyOfRange ([BII)[B 778 0 42381 0 960
ciMethod java/util/Arrays copyOfRangeByte ([BII)[B 502 0 22758 0 -1
ciMethod java/lang/CharacterData digit (II)I 0 0 1 0 -1
ciMethod java/lang/CharacterData of (I)Ljava/lang/CharacterData; 514 0 6645 0 136
ciMethod java/lang/CharacterDataLatin1 digit (II)I 768 0 5867 0 240
ciMethod java/util/concurrent/ConcurrentHashMap$Node <init> (ILjava/lang/Object;Ljava/lang/Object;)V 1024 0 13415 0 -1
ciMethod java/util/concurrent/ConcurrentHashMap$Node find (ILjava/lang/Object;)Ljava/util/concurrent/ConcurrentHashMap$Node; 0 0 1 0 -1
ciMethod java/nio/charset/Charset newDecoder ()Ljava/nio/charset/CharsetDecoder; 0 0 1 0 -1
ciMethod java/io/FilterInputStream close ()V 512 0 7887 0 0
ciMethod java/lang/StringUTF16 newBytesFor (I)[B 0 0 1376 0 -1
ciMethod java/lang/StringUTF16 getChar ([BI)C 1024 0 11522 0 -1
ciMethod java/lang/StringUTF16 hashCode ([B)I 0 0 154 0 -1
ciMethod java/lang/StringUTF16 newString ([BII)Ljava/lang/String; 0 0 1 0 -1
ciMethod java/lang/StringUTF16 charAt ([BI)C 0 0 43077 0 160
ciMethod java/lang/StringUTF16 checkIndex (I[B)V 0 0 43291 0 -1
ciMethodData java/lang/Object <init> ()V 2 5139181 orig 80 0 0 0 0 0 0 0 0 0 0 0 0 0 0 0 0 0 0 0 0 0 0 0 0 0 0 0 0 0 0 0 0 0 0 0 0 0 0 0 0 0 0 0 0 0 0 0 0 0 0 0 0 0 0 0 0 0 0 0 0 0 0 0 0 0 0 0 0 0 0 0 0 0 0 0 0 0 0 0 0 data 4 0x0 0x9 0x1 0x0 oops 0 methods 0
ciMethod java/io/File <init> (Ljava/lang/String;)V 514 0 5422 0 1912
ciMethod java/io/File getName ()Ljava/lang/String; 512 0 5406 0 3192
ciMethod java/io/WinNTFileSystem isLetter (C)Z 512 0 7427 0 160
ciMethod java/io/WinNTFileSystem normalize (Ljava/lang/String;)Ljava/lang/String; 234 22726 797 0 8200
ciMethod java/io/WinNTFileSystem normalize (Ljava/lang/String;II)Ljava/lang/String; 0 0 330 0 -1
ciMethod java/io/WinNTFileSystem prefixLength (Ljava/lang/String;)I 512 0 5388 0 1144
ciMethod java/io/FileSystem normalize (Ljava/lang/String;)Ljava/lang/String; 0 0 1 0 -1
ciMethod java/io/FileSystem prefixLength (Ljava/lang/String;)I 0 0 1 0 -1
ciMethodData java/lang/String isLatin1 ()Z 2 1384435 orig 80 0 0 0 0 0 0 0 0 0 0 0 0 240 1 0 0 0 0 0 0 0 0 0 0 0 0 0 0 0 0 0 0 0 0 0 0 0 0 0 1 0 0 0 0 0 0 0 0 0 0 0 0 0 0 0 0 0 0 0 0 0 0 0 0 0 0 0 0 0 0 0 0 0 0 0 0 0 0 0 0 data 18 0x30007 0x0 0x58 0x151ffe 0x80000006000a0007 0x23a9 0x38 0x14fc5a 0xe0003 0x14fc59 0x18 0x0 0x0 0x0 0x0 0x9 0x1 0x0 oops 0 methods 0
ciMethodData java/lang/String charAt (I)C 2 1251533 orig 80 1 0 0 0 0 0 0 0 0 0 0 0 240 1 0 0 0 0 0 0 0 0 0 0 0 0 0 0 0 0 0 0 0 0 0 0 0 0 0 0 0 0 0 0 0 0 0 0 0 0 0 0 0 0 0 0 0 0 0 0 0 0 0 0 0 0 0 0 0 0 0 0 0 0 0 0 0 0 0 0 data 25 0x10005 0x1318dc 0x0 0x0 0x0 0x0 0x0 0x40007 0x23a2 0x30 0x12f542 0xc0002 0x12f547 0x150002 0x23a2 0x0 0x0 0x0 0x0 0x0 0x0 0x9 0x2 0x0 0x0 oops 0 methods 0
ciMethodData java/lang/StringLatin1 charAt ([BI)C 2 1242438 orig 80 0 0 0 0 0 0 0 0 0 0 0 0 240 1 0 0 0 0 0 0 0 0 0 0 0 0 0 0 0 0 0 0 0 0 0 0 0 0 0 0 0 0 0 0 0 0 0 0 0 0 0 0 0 0 0 0 0 0 0 0 0 0 0 0 0 0 0 0 0 0 0 0 0 0 0 0 0 0 0 0 data 12 0x30002 0x12f548 0x0 0x0 0x0 0x0 0x0 0x0 0x9 0x2 0x0 0x0 oops 0 methods 0
ciMethodData java/lang/String checkIndex (II)V 2 1289825 orig 80 0 0 0 0 0 0 0 0 0 0 0 0 240 1 0 0 0 0 0 0 0 0 0 0 0 0 0 0 0 0 0 0 0 0 0 0 0 0 0 0 0 0 0 0 0 0 0 0 0 0 0 0 0 0 0 0 0 0 0 0 0 0 0 0 0 0 0 0 0 0 0 0 0 0 0 0 0 0 0 0 data 12 0x50002 0x13ae64 0x0 0x0 0x0 0x0 0x0 0x0 0x9 0x2 0x0 0x0 oops 0 methods 0
ciMethodData java/lang/StringUTF16 charAt ([BI)C 2 43077 orig 80 0 0 0 0 0 0 0 0 0 0 0 0 240 1 0 0 0 0 0 0 0 0 0 0 0 0 0 0 0 0 0 0 0 0 0 0 0 0 0 0 0 0 0 0 0 0 0 0 0 0 0 0 0 0 0 0 0 0 0 0 0 0 0 0 0 0 0 0 0 0 0 0 0 0 0 0 0 0 0 0 data 14 0x20002 0xa845 0x70002 0xc46 0x0 0x0 0x0 0x0 0x0 0x0 0x9 0x2 0x0 0x0 oops 0 methods 0
ciMethodData java/lang/String hashCode ()I 2 17490 orig 80 2 0 0 0 0 0 0 0 0 0 0 0 240 1 0 0 0 0 0 0 0 0 0 0 0 0 0 0 0 0 0 0 0 0 0 0 0 0 0 1 0 0 0 0 0 0 0 0 0 0 0 0 0 0 0 0 0 0 0 0 0 0 0 0 0 0 0 0 0 0 0 0 0 0 0 0 0 0 0 0 data 42 0x60007 0x2cf8 0x108 0x175c 0xd0007 0x48 0xe8 0x1714 0x110005 0x1714 0x0 0x0 0x0 0x0 0x0 0x8000000600140007 0x9a 0x48 0x167b 0x1b0002 0x167b 0x1e0003 0x167c 0x28 0x250002 0x9a 0x2a0007 0x1714 0x38 0x2 0x320003 0x2 0x18 0x0 0x0 0x0 0x0 0x0 0x0 0x9 0x1 0xe oops 0 methods 0
ciMethodData java/lang/StringLatin1 hashCode ([B)I 2 7407 orig 80 0 0 0 0 0 0 0 0 0 0 0 0 240 1 0 0 0 0 0 0 0 0 0 0 0 0 0 0 0 0 0 0 0 0 0 0 0 0 0 1 0 0 0 0 0 0 0 0 0 0 0 0 0 0 0 0 0 0 0 0 0 0 0 0 0 0 0 0 0 0 0 0 0 0 0 0 0 0 0 0 data 25 0x8000000600020008 0x6 0x1cec 0x70 0x1 0x40 0x3 0x58 0x1d0003 0x1 0x40 0x270003 0x3 0x28 0x300002 0x1cec 0x0 0x0 0x0 0x0 0x0 0x0 0x9 0x1 0xffffffffffffffff oops 0 methods 0
ciMethodData java/lang/StringBuilder <init> ()V 2 143485 orig 80 0 0 0 0 0 0 0 0 0 0 0 0 240 1 0 0 0 0 0 0 0 0 0 0 0 0 0 0 0 0 0 0 0 0 0 0 0 0 0 0 0 0 0 0 0 0 0 0 0 0 0 0 0 0 0 0 0 0 0 0 0 0 0 0 0 0 0 0 0 0 0 0 0 0 0 0 0 0 0 0 data 7 0x30002 0x2307f 0x0 0x0 0x9 0x1 0x0 oops 0 methods 0
ciMethodData java/lang/AbstractStringBuilder <init> (I)V 2 5162 orig 80 0 0 0 0 0 0 0 0 0 0 0 0 240 1 0 0 0 0 0 0 0 0 0 0 0 0 0 0 0 0 0 0 0 0 0 0 0 0 0 0 0 0 0 0 0 0 0 0 0 0 0 0 0 0 0 0 0 0 0 0 0 0 0 0 0 0 0 0 0 0 0 0 0 0 0 0 0 0 0 0 data 21 0x10002 0x142a 0x70007 0x0 0x38 0x142a 0x160003 0x142a 0x28 0x1b0002 0x0 0x0 0x0 0x0 0x0 0x0 0x0 0x9 0x2 0xc 0x0 oops 0 methods 0
ciMethodData java/lang/String equals (Ljava/lang/Object;)Z 2 6255 orig 80 0 0 0 0 0 0 0 0 0 0 0 0 240 1 0 0 0 0 0 0 0 0 0 0 0 0 0 0 0 0 0 0 0 0 0 0 0 0 0 0 0 0 0 0 0 0 0 0 0 0 0 0 0 0 0 0 0 0 0 0 0 0 0 0 0 0 0 0 0 0 0 0 0 0 0 0 0 0 0 0 data 49 0x20007 0x1043 0x20 0x82c 0x80104 0x0 0x0 0x1f0dd9be938 0x1035 0x0 0x0 0xb0007 0xe 0xe0 0x1035 0xf0004 0x0 0x0 0x1f0dd9be938 0x1035 0x0 0x0 0x160007 0x0 0x40 0x1035 0x210007 0x0 0x68 0x1035 0x2c0002 0x1035 0x2f0007 0x8ff 0x38 0x736 0x330003 0x736 0x18 0x0 0x0 0x0 0x0 0x0 0x0 0x9 0x2 0x0 0x0 oops 2 7 java/lang/String 18 java/lang/String methods 0
ciMethodData java/util/Objects requireNonNull (Ljava/lang/Object;)Ljava/lang/Object; 2 1329808 orig 80 0 0 0 0 0 0 0 0 0 0 0 0 240 1 0 0 0 0 0 0 0 0 0 0 0 0 0 0 0 0 0 0 0 0 0 0 0 0 0 0 0 0 0 0 0 0 0 0 0 0 0 0 0 0 0 0 0 0 0 0 0 0 0 0 0 0 0 0 0 0 0 0 0 0 0 0 0 0 0 0 data 15 0x10007 0x144a90 0x30 0x0 0x80002 0x0 0x0 0x0 0x0 0x0 0x0 0x0 0x9 0x1 0x0 oops 0 methods 0
ciMethodData java/util/AbstractCollection <init> ()V 2 985580 orig 80 0 0 0 0 0 0 0 0 0 0 0 0 240 1 0 0 0 0 0 0 0 0 0 0 0 0 0 0 0 0 0 0 0 0 0 0 0 0 0 0 0 0 0 0 0 0 0 0 0 0 0 0 0 0 0 0 0 0 0 0 0 0 0 0 0 0 0 0 0 0 0 0 0 0 0 0 0 0 0 0 data 7 0x10002 0xf0a2f 0x0 0x0 0x9 0x1 0x0 oops 0 methods 0
ciMethodData java/lang/String coder ()B 2 1485296 orig 80 0 0 0 0 0 0 0 0 0 0 0 0 240 1 0 0 0 0 0 0 0 0 0 0 0 0 0 0 0 0 0 0 0 0 0 0 0 0 0 0 0 0 0 0 0 0 0 0 0 0 0 0 0 0 0 0 0 0 0 0 0 0 0 0 0 0 0 0 0 0 0 0 0 0 0 0 0 0 0 0 data 14 0x30007 0x0 0x38 0x16aa02 0xa0003 0x16aa04 0x18 0x0 0x0 0x0 0x0 0x9 0x1 0x0 oops 0 methods 0
ciMethodData java/lang/String length ()I 2 1158411 orig 80 0 0 0 0 0 0 0 0 0 0 0 0 240 1 0 0 0 0 0 0 0 0 0 0 0 0 0 0 0 0 0 0 0 0 0 0 0 0 0 0 0 0 0 0 0 0 0 0 0 0 0 0 0 0 0 0 0 0 0 0 0 0 0 0 0 0 0 0 0 0 0 0 0 0 0 0 0 0 0 0 data 16 0x60005 0x11ad35 0x0 0x0 0x0 0x0 0x0 0x0 0x0 0x0 0x0 0x0 0x0 0x9 0x1 0x0 oops 0 methods 0
ciMethod java/util/Optional <init> (Ljava/lang/Object;)V 384 0 83476 0 0
ciMethod java/util/Optional of (Ljava/lang/Object;)Ljava/util/Optional; 12 0 15466 0 328
ciMethod java/util/Optional get ()Ljava/lang/Object; 768 0 25893 0 112
ciMethod jdk/internal/loader/BootLoader findResourceAsStream (Ljava/lang/String;Ljava/lang/String;)Ljava/io/InputStream; 0 0 1 0 -1
ciMethod jdk/internal/loader/BootLoader findResource (Ljava/lang/String;)Ljava/net/URL; 398 0 3345 0 0
ciMethod sun/net/www/ParseUtil decode (Ljava/lang/String;)Ljava/lang/String; 232 22530 977 0 -1
ciMethod sun/net/www/protocol/file/Handler openConnection (Ljava/net/URL;)Ljava/net/URLConnection; 512 0 5377 0 112
ciMethod sun/net/www/protocol/file/Handler openConnection (Ljava/net/URL;Ljava/net/Proxy;)Ljava/net/URLConnection; 514 0 5475 0 7416
ciMethod sun/net/www/protocol/file/Handler createFileURLConnection (Ljava/net/URL;Ljava/io/File;)Ljava/net/URLConnection; 514 0 5475 0 -1
ciMethod java/net/URLStreamHandler openConnection (Ljava/net/URL;)Ljava/net/URLConnection; 0 0 1 0 -1
ciMethodData java/lang/String startsWith (Ljava/lang/String;I)Z 2 10370 orig 80 1 0 0 0 0 0 0 0 0 0 0 0 240 1 0 0 0 0 0 0 0 0 0 0 0 0 0 0 0 0 0 0 0 0 0 0 0 0 0 1 0 0 0 0 0 0 0 0 0 0 0 0 0 0 0 0 0 0 0 0 0 0 0 0 0 0 0 0 0 0 0 0 0 0 0 0 0 0 0 0 data 78 0x8000000600010007 0xa 0xb0 0x2879 0x60005 0x2879 0x0 0x0 0x0 0x0 0x0 0xa0005 0x2879 0x0 0x0 0x0 0x0 0x0 0xe0007 0x22b1 0x20 0x5c8 0x270005 0x22b1 0x0 0x0 0x0 0x0 0x0 0x2f0005 0x22b1 0x0 0x0 0x0 0x0 0x0 0x320007 0x0 0x88 0x22b0 0x380007 0x22b0 0x20 0x0 0x460002 0x22b0 0x490007 0x1c96 0x38 0x61c 0x4d0003 0x61c 0x18 0x540007 0x0 0x20 0x0 0x5d0007 0x0 0x50 0x0 0x650002 0x0 0x740007 0x0 0xffffffffffffffd0 0x0 0x0 0x0 0x0 0x0 0x0 0x0 0x9 0x3 0x0 0x0 0x0 oops 0 methods 0
ciMethodData jdk/internal/util/ArraysSupport mismatch ([BI[BII)I 2 10364 orig 80 1 0 0 0 1 0 0 0 0 0 0 0 240 1 0 0 0 0 0 0 0 0 0 0 0 0 0 0 0 0 0 0 0 0 0 0 0 0 0 2 0 0 0 0 0 0 0 0 0 0 0 0 0 0 0 0 0 0 0 0 0 0 0 0 0 0 0 0 0 0 0 0 0 0 0 0 0 0 0 0 data 38 0x70007 0x11a5 0x70 0x16d8 0x100007 0xba6 0x20 0xb32 0x300002 0xba6 0x8000000600370007 0xba7 0x20 0x2 0x4a0007 0xbeb 0x58 0x1249 0x590007 0xe8 0x20 0x1161 0x620003 0xe8 0xffffffffffffffc0 0x0 0x0 0x0 0x0 0x0 0x0 0x9 0x5 0xffffffffffffffff 0x0 0xffffffffffffffff 0x0 0x0 oops 0 methods 0
ciMethodData java/lang/String isEmpty ()Z 2 610352 orig 80 0 0 0 0 0 0 0 0 0 0 0 0 240 1 0 0 0 0 0 0 0 0 0 0 0 0 0 0 0 0 0 0 0 0 0 0 0 0 0 0 0 0 0 0 0 0 0 0 0 0 0 0 0 0 0 0 0 0 0 0 0 0 0 0 0 0 0 0 0 0 0 0 0 0 0 0 0 0 0 0 data 14 0x50007 0x78777 0x38 0x1c8c7 0x90003 0x1c8c7 0x18 0x0 0x0 0x0 0x0 0x9 0x1 0x0 oops 0 methods 0
ciMethodData java/lang/String startsWith (Ljava/lang/String;)Z 2 119298 orig 80 1 0 0 0 0 0 0 0 0 0 0 0 240 1 0 0 0 0 0 0 0 0 0 0 0 0 0 0 0 0 0 0 0 0 0 0 0 0 0 0 0 0 0 0 0 0 0 0 0 0 0 0 0 0 0 0 0 0 0 0 0 0 0 0 0 0 0 0 0 0 0 0 0 0 0 0 0 0 0 0 data 17 0x30005 0x1d203 0x0 0x0 0x0 0x0 0x0 0x0 0x0 0x0 0x0 0x0 0x0 0x9 0x2 0x0 0x0 oops 0 methods 0
ciMethodData java/io/WinNTFileSystem normalize (Ljava/lang/String;)Ljava/lang/String; 2 680 orig 80 0 0 0 0 0 0 0 0 0 0 0 0 240 1 0 0 0 0 0 0 0 0 0 0 0 0 0 0 0 0 0 0 0 0 0 0 0 0 0 0 0 0 0 0 0 0 0 0 0 0 0 0 0 0 0 0 0 0 0 0 0 0 0 0 0 0 0 0 0 0 0 0 0 0 0 0 0 0 0 0 data 94 0x10005 0x2a8 0x0 0x0 0x0 0x0 0x0 0x190007 0x169 0x210 0x9730 0x1f0005 0x9730 0x0 0x0 0x0 0x0 0x0 0x280007 0x9715 0x90 0x1c 0x310007 0x1c 0x38 0x0 0x380003 0x0 0x18 0x3d0005 0x1c 0x0 0x0 0x0 0x0 0x0 0x440007 0x8984 0x98 0xda6 0x4a0007 0xda6 0x78 0x0 0x500007 0x0 0x58 0x0 0x5a0005 0x0 0x0 0x0 0x0 0x0 0x0 0x620007 0x9495 0x78 0x282 0x680007 0x161 0x58 0x121 0x6f0005 0x121 0x0 0x0 0x0 0x0 0x0 0x7a0003 0x95f3 0xfffffffffffffe08 0x800007 0x168 0x58 0x1 0x890005 0x1 0x0 0x0 0x0 0x0 0x0 0x0 0x0 0x0 0x0 0x0 0x0 0x9 0x2 0xffffffffffffffff 0xffffffffffffffff oops 0 methods 0
ciMethod sun/net/www/protocol/jar/Handler openConnection (Ljava/net/URL;)Ljava/net/URLConnection; 512 0 6528 0 12840
ciMethod jdk/internal/loader/BuiltinClassLoader$LoadedModule loader ()Ljdk/internal/loader/BuiltinClassLoader; 122 0 61 0 -1
ciMethod jdk/internal/loader/BuiltinClassLoader$LoadedModule mref ()Ljava/lang/module/ModuleReference; 8 0 4 0 -1
ciMethod jdk/internal/loader/BuiltinClassLoader$LoadedModule name ()Ljava/lang/String; 0 0 5 0 -1
ciMethodData java/util/concurrent/ConcurrentHashMap tabAt ([Ljava/util/concurrent/ConcurrentHashMap$Node;I)Ljava/util/concurrent/ConcurrentHashMap$Node; 2 5622 orig 80 0 0 0 0 0 0 0 0 0 0 0 0 240 1 0 0 0 0 0 0 0 0 0 0 0 0 0 0 0 0 0 0 0 0 0 0 0 0 0 0 0 0 0 0 0 0 0 0 0 0 0 0 0 0 0 0 0 0 0 0 0 0 0 0 0 0 0 0 0 0 0 0 0 0 0 0 0 0 0 0 data 27 0xf000b 0x15f6 0x0 0x0 0x0 0x0 0x0 0x2 0x1 0x1f0e5f52ea8 0x120104 0x0 0x0 0x1f0e5f52df8 0x772 0x1f0e55bd200 0x150 0x0 0x0 0x0 0x0 0x0 0x0 0x9 0x2 0x0 0x0 oops 3 9 [Ljava/util/concurrent/ConcurrentHashMap$Node; 13 java/util/concurrent/ConcurrentHashMap$Node 15 java/util/concurrent/ConcurrentHashMap$ForwardingNode methods 0
ciMethodData java/util/concurrent/ConcurrentHashMap spread (I)I 2 28474 orig 80 0 0 0 0 0 0 0 0 0 0 0 0 0 0 0 0 0 0 0 0 0 0 0 0 0 0 0 0 0 0 0 0 0 0 0 0 0 0 0 0 0 0 0 0 0 0 0 0 0 0 0 0 0 0 0 0 0 0 0 0 0 0 0 0 0 0 0 0 0 0 0 0 0 0 0 0 0 0 0 0 data 5 0x0 0x0 0x9 0x1 0x0 oops 0 methods 0
ciMethodData java/util/concurrent/ConcurrentHashMap putVal (Ljava/lang/Object;Ljava/lang/Object;Z)Ljava/lang/Object; 2 11325 orig 80 1 0 0 0 0 0 0 0 0 0 0 0 240 1 0 0 0 0 0 0 2 0 0 0 0 0 0 0 0 0 0 0 0 0 0 0 0 0 0 1 0 0 0 0 0 0 0 0 0 0 0 0 0 0 0 0 0 0 0 0 0 0 0 0 0 0 0 0 0 0 0 0 0 0 0 0 0 0 0 0 data 250 0x10007 0x0 0x40 0x2c3f 0x50007 0x2c3f 0x30 0x0 0xc0002 0x0 0x110005 0x556 0x0 0x1f0dd9be938 0x26e3 0x1f0e73f4450 0x3 0x140002 0x2c3b 0x240007 0x84 0x40 0x2c46 0x2d0007 0x2c43 0x70 0x0 0x310005 0x84 0x0 0x0 0x0 0x0 0x0 0x360003 0x84 0x5f8 0x450002 0x2c44 0x4b0007 0x14e4 0x78 0x1760 0x5b0002 0x1760 0x5e0002 0x1760 0x8000000600610007 0xb 0x590 0x1759 0x640003 0x1759 0x588 0x700007 0x14e1 0x70 0x1 0x780005 0x1 0x0 0x0 0x0 0x0 0x0 0x7d0003 0x1 0x500 0x810007 0x3b 0xf8 0x14a7 0x880007 0x10bb 0xd8 0x3ec 0x940007 0x0 0x98 0x3ec 0x990007 0x0 0x98 0x3ec 0x4009f0005 0x0 0x0 0x1f0dd9be938 0x3e9 0x1f0e73f4500 0x4 0xa20007 0x0 0x40 0x3ed 0xad0007 0x0 0x20 0x3ed 0xc00002 0x10fa 0xc50007 0x0 0x330 0x10fb 0xca0007 0x0 0x188 0x10fb 0xdb0007 0x1613 0xf0 0x1b7 0xe70007 0x0 0x98 0x1b7 0xec0007 0x0 0xb0 0x1b7 0x400f20005 0x16 0x0 0x1f0dd9be938 0x19f 0x1f0dd9c0f88 0x3 0xf50007 0x0 0x58 0x1b8 0x1000007 0x1a6 0x98 0x12 0x1090003 0x12 0x78 0x1180007 0x6cf 0x48 0xf44 0x1250002 0xf44 0x12b0003 0xf44 0x30 0x1310003 0x6cf 0xfffffffffffffec8 0x1340003 0x10fc 0x1a0 0x1390004 0x0 0x0 0x0 0x0 0x0 0x0 0x13c0007 0x0 0xe8 0x0 0x1440004 0x0 0x0 0x0 0x0 0x0 0x0 0x14b0005 0x0 0x0 0x0 0x0 0x0 0x0 0x1510007 0x0 0x40 0x0 0x15c0007 0x0 0x20 0x0 0x1650003 0x0 0x80 0x16a0004 0x0 0x0 0x0 0x0 0x0 0x0 0x16d0007 0x0 0x30 0x0 0x1760002 0x0 0x17d0003 0x10fc 0x18 0x18a0007 0x0 0x98 0x10fc 0x1910007 0x10fc 0x58 0x0 0x1990005 0x0 0x0 0x0 0x0 0x0 0x0 0x19e0007 0xf44 0x38 0x1b8 0x1a40003 0x90 0xfffffffffffff990 0x1ab0005 0x269d 0x0 0x0 0x0 0x0 0x0 0x0 0x0 0x0 0x0 0x0 0x0 0x0 0x0 0x0 0x9 0x4 0x0 0x0 0x0 0x0 oops 6 13 java/lang/String 15 jdk/internal/loader/ClassLoaderValue 87 java/lang/String 89 jdk/internal/util/WeakReferenceKey 124 java/lang/String 126 java/lang/invoke/MemberName methods 0
ciMethod java/util/zip/ZipFile close ()V 116 0 58 0 -1
ciMethod java/util/jar/JarFile getInputStream (Ljava/util/zip/ZipEntry;)Ljava/io/InputStream; 512 0 5429 0 -1
ciMethod java/util/zip/ZipFile$CleanableResource clean ()V 58 0 29 0 -1
ciMethod java/lang/ref/Cleaner$Cleanable clean ()V 0 0 1 0 -1
ciMethod sun/nio/fs/DefaultFileSystemProvider theFileSystem ()Ljava/nio/file/FileSystem; 2 0 2 0 -1
ciMethod sun/nio/fs/WindowsFileSystemProvider getFileAttributeView (Ljava/nio/file/Path;Ljava/lang/Class;[Ljava/nio/file/LinkOption;)Ljava/nio/file/attribute/FileAttributeView; 512 0 3552 0 -1
ciMethod sun/nio/fs/WindowsFileSystemProvider readAttributes (Ljava/nio/file/Path;Ljava/lang/Class;[Ljava/nio/file/LinkOption;)Ljava/nio/file/attribute/BasicFileAttributes; 508 0 3552 0 -1
ciMethod sun/nio/fs/WindowsFileSystemProvider hasDesiredAccess (Lsun/nio/fs/WindowsPath;I)Z 0 0 1 0 -1
ciMethod sun/nio/fs/WindowsFileSystemProvider checkReadAccess (Lsun/nio/fs/WindowsPath;)V 0 0 1 0 -1
ciMethod sun/nio/fs/WindowsFileSystemProvider checkAccess (Ljava/nio/file/Path;[Ljava/nio/file/AccessMode;)V 512 0 5385 54 -1
ciMethod java/nio/file/spi/FileSystemProvider newInputStream (Ljava/nio/file/Path;[Ljava/nio/file/OpenOption;)Ljava/io/InputStream; 766 0 5505 0 -1
ciMethod java/nio/file/spi/FileSystemProvider checkAccess (Ljava/nio/file/Path;[Ljava/nio/file/AccessMode;)V 0 0 1 0 -1
ciMethod java/nio/file/spi/FileSystemProvider readAttributes (Ljava/nio/file/Path;Ljava/lang/Class;[Ljava/nio/file/LinkOption;)Ljava/nio/file/attribute/BasicFileAttributes; 0 0 1 0 -1
ciMethod java/nio/file/spi/FileSystemProvider exists (Ljava/nio/file/Path;[Ljava/nio/file/LinkOption;)Z 770 0 5508 0 360
ciMethod java/nio/file/spi/FileSystemProvider followLinks ([Ljava/nio/file/LinkOption;)Z 772 0 5508 0 128
ciMethod sun/nio/fs/WindowsFileSystem provider ()Ljava/nio/file/spi/FileSystemProvider; 256 0 128 0 0
ciMethod sun/nio/fs/WindowsFileSystem getPath (Ljava/lang/String;[Ljava/lang/String;)Ljava/nio/file/Path; 1024 70 6692 0 4288
ciMethod java/nio/file/FileSystem provider ()Ljava/nio/file/spi/FileSystemProvider; 0 0 1 0 -1
ciMethod java/nio/file/FileSystem getPath (Ljava/lang/String;[Ljava/lang/String;)Ljava/nio/file/Path; 0 0 1 0 -1
ciMethod java/nio/file/Path of (Ljava/lang/String;[Ljava/lang/String;)Ljava/nio/file/Path; 512 0 6301 0 0
ciMethod java/nio/file/Path getFileSystem ()Ljava/nio/file/FileSystem; 0 0 1 0 -1
ciMethod java/nio/file/Path getFileName ()Ljava/nio/file/Path; 0 0 1 0 -1
ciMethod java/nio/file/Path resolve (Ljava/nio/file/Path;)Ljava/nio/file/Path; 0 0 1 0 -1
ciMethod java/nio/file/Path resolve (Ljava/lang/String;)Ljava/nio/file/Path; 778 0 32807 0 1424
ciMethod java/nio/file/Path toFile ()Ljava/io/File; 512 0 5389 0 1872
ciMethod java/nio/file/Path toString ()Ljava/lang/String; 0 0 1 0 -1
ciMethod sun/nio/fs/WindowsPath <init> (Lsun/nio/fs/WindowsFileSystem;Lsun/nio/fs/WindowsPathType;Ljava/lang/String;Ljava/lang/String;)V 518 0 21773 0 -1
ciMethod sun/nio/fs/WindowsPath parse (Lsun/nio/fs/WindowsFileSystem;Ljava/lang/String;)Lsun/nio/fs/WindowsPath; 512 0 6403 0 -1
ciMethod sun/nio/fs/WindowsPath createFromNormalizedPath (Lsun/nio/fs/WindowsFileSystem;Ljava/lang/String;)Lsun/nio/fs/WindowsPath; 0 0 1 0 -1
ciMethod sun/nio/fs/WindowsPath getPathForPermissionCheck ()Ljava/lang/String; 256 0 128 0 -1
ciMethod sun/nio/fs/WindowsPath getFileSystem ()Lsun/nio/fs/WindowsFileSystem; 256 0 128 0 0
ciMethod sun/nio/fs/WindowsPath isEmpty ()Z 768 0 6375 0 -1
ciMethod sun/nio/fs/WindowsPath getFileName ()Ljava/nio/file/Path; 1024 0 5660 0 3216
ciMethod sun/nio/fs/WindowsPath isAbsolute ()Z 768 0 15273 0 -1
ciMethod sun/nio/fs/WindowsPath toWindowsPath (Ljava/nio/file/Path;)Lsun/nio/fs/WindowsPath; 524 0 26182 0 -1
ciMethod sun/nio/fs/WindowsPath resolve (Ljava/nio/file/Path;)Lsun/nio/fs/WindowsPath; 1024 0 5649 0 -1
ciMethod sun/nio/fs/WindowsPath toString ()Ljava/lang/String; 432 0 216 0 0
ciMethod sun/nio/fs/WindowsPath checkRead ()V 512 0 15410 0 -1
ciMethod sun/nio/fs/WindowsPath checkWrite ()V 8 0 13 0 -1
ciMethod sun/nio/fs/WindowsPath resolve (Ljava/nio/file/Path;)Ljava/nio/file/Path; 1024 0 5635 0 104
ciMethod sun/nio/fs/WindowsPath getFileSystem ()Ljava/nio/file/FileSystem; 512 0 7617 0 88
ciMethod java/nio/file/Files provider (Ljava/nio/file/Path;)Ljava/nio/file/spi/FileSystemProvider; 512 0 51303 0 0
ciMethod java/nio/file/Files newInputStream (Ljava/nio/file/Path;[Ljava/nio/file/OpenOption;)Ljava/io/InputStream; 768 0 6422 0 -1
ciMethod java/nio/file/Files exists (Ljava/nio/file/Path;[Ljava/nio/file/LinkOption;)Z 768 0 22394 0 0
ciMethod java/nio/file/Files newBufferedReader (Ljava/nio/file/Path;Ljava/nio/charset/Charset;)Ljava/io/BufferedReader; 512 0 6422 0 -1
ciMethod java/nio/file/Files newBufferedReader (Ljava/nio/file/Path;)Ljava/io/BufferedReader; 512 0 14535 0 -1
ciMethod java/nio/file/attribute/BasicFileAttributeView readAttributes ()Ljava/nio/file/attribute/BasicFileAttributes; 0 0 1 0 -1
ciMethod sun/nio/fs/WindowsFileAttributes get (Lsun/nio/fs/WindowsPath;Z)Lsun/nio/fs/WindowsFileAttributes; 514 0 6646 16 -1
ciMethod sun/nio/fs/WindowsFileAttributes isDirectory ()Z 172 0 3653 0 -1
ciMethod sun/nio/fs/WindowsFileAttributes isReadOnly ()Z 0 0 1 0 -1
ciMethod java/util/zip/ZipFile$ZipFileInflaterInputStream close ()V 768 0 5532 0 5824
ciMethod java/util/zip/InflaterInputStream close ()V 760 0 5506 0 -1
ciMethod java/util/zip/Inflater end ()V 8 0 29 0 -1
ciMethodData java/io/WinNTFileSystem isLetter (C)Z 2 7171 orig 80 0 0 0 0 0 0 0 0 0 0 0 0 240 1 0 0 0 0 0 0 0 0 0 0 0 0 0 0 0 0 0 0 0 0 0 0 0 0 0 0 0 0 0 0 0 0 0 0 0 0 0 0 0 0 0 0 0 0 0 0 0 0 0 0 0 0 0 0 0 0 0 0 0 0 0 0 0 0 0 0 data 24 0x30007 0x1a0e 0x40 0x1f6 0x90007 0x1f6 0x60 0x0 0xf0007 0x19a 0x58 0x1874 0x150007 0x0 0x38 0x1874 0x190003 0x1a6a 0x18 0x0 0x9 0x2 0x0 0x0 oops 0 methods 0
ciMethodData java/util/Arrays copyOfRange ([BII)[B 2 41992 orig 80 0 0 0 0 0 0 0 0 0 0 0 0 240 1 0 0 0 0 0 0 0 0 0 0 0 0 0 0 0 0 0 0 0 0 0 0 0 0 0 0 0 0 0 0 0 0 0 0 0 0 0 0 0 0 0 0 0 0 0 0 0 0 0 0 0 0 0 0 0 0 0 0 0 0 0 0 0 0 0 0 data 35 0x10007 0xc65 0x40 0x97a3 0x70007 0x4c1d 0x30 0x4b86 0xd0002 0x57eb 0x120005 0x0 0x0 0x1f0dda13aa0 0x4c1d 0x0 0x0 0x150004 0x0 0x0 0x1f0dda13aa0 0x4c1d 0x0 0x0 0x0 0x0 0x0 0x0 0x0 0x0 0x9 0x3 0xffffffffffffffff 0x0 0x0 oops 2 13 [B 20 [B methods 0
ciMethodData java/util/Arrays copyOfRangeByte ([BII)[B 2 22507 orig 80 0 0 0 0 0 0 0 0 0 0 0 0 240 1 0 0 0 0 0 0 0 0 0 0 0 0 0 0 0 0 0 0 0 0 0 0 0 0 0 0 0 0 0 0 0 0 0 0 0 0 0 0 0 0 0 0 0 0 0 0 0 0 0 0 0 0 0 0 0 0 0 0 0 0 0 0 0 0 0 0 data 17 0x20002 0x57eb 0x180002 0x57eb 0x1b0002 0x57eb 0x0 0x0 0x0 0x0 0x0 0x0 0x9 0x3 0xffffffffffffffff 0x0 0x0 oops 0 methods 0
ciMethodData java/util/Arrays checkLength (II)V 2 50680 orig 80 0 0 0 0 0 0 0 0 0 0 0 0 240 1 0 0 0 0 0 0 0 0 0 0 0 0 0 0 0 0 0 0 0 0 0 0 0 0 0 0 0 0 0 0 0 0 0 0 0 0 0 0 0 0 0 0 0 0 0 0 0 0 0 0 0 0 0 0 0 0 0 0 0 0 0 0 0 0 0 0 data 46 0x20007 0xc5f8 0x120 0x0 0xd0002 0x0 0x110005 0x0 0x0 0x0 0x0 0x0 0x0 0x170005 0x0 0x0 0x0 0x0 0x0 0x0 0x1b0005 0x0 0x0 0x0 0x0 0x0 0x0 0x1e0005 0x0 0x0 0x0 0x0 0x0 0x0 0x210002 0x0 0x0 0x0 0x0 0x0 0x0 0x0 0x9 0x2 0x0 0x0 oops 0 methods 0
ciMethodData java/io/WinNTFileSystem prefixLength (Ljava/lang/String;)I 2 5132 orig 80 0 0 0 0 0 0 0 0 0 0 0 0 240 1 0 0 0 0 0 0 0 0 0 0 0 0 0 0 0 0 0 0 0 0 0 0 0 0 0 0 0 0 0 0 0 0 0 0 0 0 0 0 0 0 0 0 0 0 0 0 0 0 0 0 0 0 0 0 0 0 0 0 0 0 0 0 0 0 0 0 data 80 0x60005 0x140c 0x0 0x0 0x0 0x0 0x0 0xb0007 0x140c 0x20 0x0 0x120005 0x140c 0x0 0x0 0x0 0x0 0x0 0x190007 0x0 0x70 0x140d 0x1e0005 0x140d 0x0 0x0 0x0 0x0 0x0 0x210003 0x140b 0x18 0x2a0007 0x140b 0x40 0x0 0x300007 0x0 0x20 0x0 0x3a0005 0x140c 0x0 0x0 0x0 0x0 0x0 0x3d0007 0x19a 0xb8 0x1272 0x440007 0x0 0x98 0x1272 0x490007 0x0 0x78 0x1272 0x4e0005 0x1272 0x0 0x0 0x0 0x0 0x0 0x520007 0x0 0x20 0x1273 0x0 0x0 0x0 0x0 0x0 0x0 0x9 0x2 0x0 0x0 oops 0 methods 0
ciMethodData java/lang/String <init> ([BB)V 2 44802 orig 80 0 0 0 0 0 0 0 0 0 0 0 0 240 1 0 0 0 0 0 0 0 0 0 0 0 0 0 0 0 0 0 0 0 0 0 0 0 0 0 0 0 0 0 0 0 0 0 0 0 0 0 0 0 0 0 0 0 0 0 0 0 0 0 0 0 0 0 0 0 0 0 0 0 0 0 0 0 0 0 0 data 11 0x10002 0xaf02 0x0 0x0 0x0 0x0 0x9 0x3 0xc 0x0 0x0 oops 0 methods 0
ciMethodData jdk/internal/util/Preconditions checkFromToIndex (IIILjava/util/function/BiFunction;)I 2 38176 orig 80 0 0 0 0 0 0 0 0 0 0 0 0 240 1 0 0 0 0 0 0 0 0 0 0 0 0 0 0 0 0 0 0 0 0 0 0 0 0 0 0 0 0 0 0 0 0 0 0 0 0 0 0 0 0 0 0 0 0 0 0 0 0 0 0 0 0 0 0 0 0 0 0 0 0 0 0 0 0 0 0 data 26 0x10007 0x0 0x60 0x951f 0x60007 0x0 0x40 0x951f 0xb0007 0x951f 0x30 0x0 0x120002 0x0 0x0 0x0 0x0 0x0 0x0 0x0 0x9 0x4 0x0 0x0 0x0 0x0 oops 0 methods 0
ciMethodData java/util/Objects requireNonNull (Ljava/lang/Object;Ljava/lang/String;)Ljava/lang/Object; 2 123140 orig 80 0 0 0 0 0 0 0 0 0 0 0 0 240 1 0 0 0 0 0 0 0 0 0 0 0 0 0 0 0 0 0 0 0 0 0 0 0 0 0 0 0 0 0 0 0 0 0 0 0 0 0 0 0 0 0 0 0 0 0 0 0 0 0 0 0 0 0 0 0 0 0 0 0 0 0 0 0 0 0 0 data 16 0x10007 0x1e105 0x30 0x0 0x90002 0x0 0x0 0x0 0x0 0x0 0x0 0x0 0x9 0x2 0x0 0x0 oops 0 methods 0
ciMethodData java/io/File <init> (Ljava/lang/String;)V 2 5165 orig 80 0 0 0 0 0 0 0 0 0 0 0 0 240 1 0 0 0 0 0 0 0 0 0 0 0 0 0 0 0 0 0 0 0 0 0 0 0 0 0 0 0 0 0 0 0 0 0 0 0 0 0 0 0 0 0 0 0 0 0 0 0 0 0 0 0 0 0 0 0 0 0 0 0 0 0 0 0 0 0 0 data 32 0x10002 0x142c 0xa0007 0x142c 0x30 0x0 0x110002 0x0 0x1a0005 0x142c 0x0 0x0 0x0 0x0 0x0 0x280005 0x142b 0x0 0x0 0x0 0x0 0x0 0x0 0x0 0x0 0x0 0x0 0x0 0x9 0x2 0xe 0xffffffffffffffff oops 0 methods 0
ciMethodData java/lang/String checkBoundsBeginEnd (III)V 2 8705 orig 80 0 0 0 0 0 0 0 0 0 0 0 0 240 1 0 0 0 0 0 0 0 0 0 0 0 0 0 0 0 0 0 0 0 0 0 0 0 0 0 0 0 0 0 0 0 0 0 0 0 0 0 0 0 0 0 0 0 0 0 0 0 0 0 0 0 0 0 0 0 0 0 0 0 0 0 0 0 0 0 0 data 13 0x60002 0x2201 0x0 0x0 0x0 0x0 0x0 0x0 0x9 0x3 0x0 0x0 0x0 oops 0 methods 0
ciMethodData java/util/AbstractMap <init> ()V 2 356319 orig 80 0 0 0 0 0 0 0 0 0 0 0 0 240 1 0 0 0 0 0 0 0 0 0 0 0 0 0 0 0 0 0 0 0 0 0 0 0 0 0 0 0 0 0 0 0 0 0 0 0 0 0 0 0 0 0 0 0 0 0 0 0 0 0 0 0 0 0 0 0 0 0 0 0 0 0 0 0 0 0 0 data 7 0x10002 0x56fe6 0x0 0x0 0x9 0x1 0x0 oops 0 methods 0
ciMethodData java/lang/String substring (II)Ljava/lang/String; 2 6817 orig 80 0 0 0 0 0 0 0 0 0 0 0 0 240 1 0 0 0 0 0 0 0 0 0 0 0 0 0 0 0 0 0 0 0 0 0 0 0 0 0 0 0 0 0 0 0 0 0 0 0 0 0 0 0 0 0 0 0 0 0 0 0 0 0 0 0 0 0 0 0 0 0 0 0 0 0 0 0 0 0 0 data 46 0x10005 0x1aa1 0x0 0x0 0x0 0x0 0x0 0x80002 0x1aa1 0xc0007 0xa07 0x40 0x109a 0x110007 0xd8e 0x20 0x30c 0x1c0005 0x1795 0x0 0x0 0x0 0x0 0x0 0x1f0007 0x0 0x48 0x1795 0x290002 0x1795 0x2c0003 0x1795 0x28 0x360002 0x0 0x0 0x0 0x0 0x0 0x0 0x0 0x9 0x3 0x0 0x0 0x0 oops 0 methods 0
ciMethodData java/lang/StringLatin1 newString ([BII)Ljava/lang/String; 2 6163 orig 80 0 0 0 0 0 0 0 0 0 0 0 0 240 1 0 0 0 0 0 0 0 0 0 0 0 0 0 0 0 0 0 0 0 0 0 0 0 0 0 0 0 0 0 0 0 0 0 0 0 0 0 0 0 0 0 0 0 0 0 0 0 0 0 0 0 0 0 0 0 0 0 0 0 0 0 0 0 0 0 0 data 19 0x10007 0x1811 0x20 0x2 0x100002 0x1811 0x140002 0x1811 0x0 0x0 0x0 0x0 0x0 0x0 0x9 0x3 0x0 0x0 0x0 oops 0 methods 0
ciMethodData java/lang/CharacterData of (I)Ljava/lang/CharacterData; 2 6388 orig 80 0 0 0 0 0 0 0 0 0 0 0 0 240 1 0 0 0 0 0 0 0 0 0 0 0 0 0 0 0 0 0 0 0 0 0 0 0 0 0 0 0 0 0 0 0 0 0 0 0 0 0 0 0 0 0 0 0 0 0 0 0 0 0 0 0 0 0 0 0 0 0 0 0 0 0 0 0 0 0 0 data 67 0x40007 0x1 0x20 0x18f3 0xf0008 0x24 0x0 0x1c0 0x1 0x130 0x0 0x148 0x0 0x160 0x0 0x178 0x0 0x1c0 0x0 0x1c0 0x0 0x1c0 0x0 0x1c0 0x0 0x1c0 0x0 0x1c0 0x0 0x1c0 0x0 0x1c0 0x0 0x1c0 0x0 0x1c0 0x0 0x190 0x0 0x1a8 0x0 0x1a8 0x630003 0x1 0x90 0x690003 0x0 0x78 0x6f0003 0x0 0x60 0x750003 0x0 0x48 0x7b0003 0x0 0x30 0x810003 0x0 0x18 0x0 0x0 0x0 0x0 0x9 0x1 0x0 oops 0 methods 0
ciMethodData java/lang/Character digit (CI)I 2 20613 orig 80 0 0 0 0 0 0 0 0 0 0 0 0 240 1 0 0 0 0 0 0 0 0 0 0 0 0 0 0 0 0 0 0 0 0 0 0 0 0 0 0 0 0 0 0 0 0 0 0 0 0 0 0 0 0 0 0 0 0 0 0 0 0 0 0 0 0 0 0 0 0 0 0 0 0 0 0 0 0 0 0 data 12 0x20002 0x5085 0x0 0x0 0x0 0x0 0x0 0x0 0x9 0x2 0x0 0x0 oops 0 methods 0
ciMethodData java/lang/Character digit (II)I 2 20613 orig 80 0 0 0 0 0 0 0 0 0 0 0 0 240 1 0 0 0 0 0 0 0 0 0 0 0 0 0 0 0 0 0 0 0 0 0 0 0 0 0 0 0 0 0 0 0 0 0 0 0 0 0 0 0 0 0 0 0 0 0 0 0 0 0 0 0 0 0 0 0 0 0 0 0 0 0 0 0 0 0 0 data 19 0x10002 0x5085 0x60005 0x0 0x0 0x1f0e3dd0a38 0x5084 0x0 0x0 0x0 0x0 0x0 0x0 0x0 0x0 0x9 0x2 0x0 0x0 oops 1 5 java/lang/CharacterDataLatin1 methods 0
ciMethod jdk/internal/module/Resources canEncapsulate (Ljava/lang/String;)Z 0 0 1 0 -1
ciMethod jdk/internal/module/Resources toPackageName (Ljava/lang/String;)Ljava/lang/String; 516 0 6470 0 -1
ciMethod java/nio/file/FileSystems getDefault ()Ljava/nio/file/FileSystem; 744 0 14279 0 128
ciMethodData java/util/concurrent/ConcurrentHashMap get (Ljava/lang/Object;)Ljava/lang/Object; 2 11367 orig 80 1 0 0 0 0 0 0 0 0 0 0 0 240 1 0 0 0 0 0 0 0 0 0 0 0 0 0 0 0 0 0 0 0 0 0 0 0 0 0 1 0 0 0 0 0 0 0 0 0 0 0 0 0 0 0 0 0 0 0 0 0 0 0 0 0 0 0 0 0 0 0 0 0 0 0 0 0 0 0 0 data 101 0x10005 0x10f9 0x0 0x1f0e468a608 0x538 0x1f0dd9be938 0x1636 0x40002 0x2c67 0xf0007 0x85 0x290 0x2be2 0x170007 0x0 0x270 0x2be2 0x220002 0x2be2 0x270007 0xd86 0x240 0x1e5c 0x330007 0xcdf 0xb8 0x117d 0x3e0007 0xc42 0x98 0x53b 0x430007 0x0 0x108 0x53b 0x490005 0x2e6 0x0 0x1f0e468a608 0x24b 0x1f0dd9c0f88 0xa 0x80000006004c0007 0x4 0xb0 0x538 0x560007 0xcdf 0x90 0x0 0x5d0005 0x0 0x0 0x0 0x0 0x0 0x0 0x630007 0x0 0x38 0x0 0x6b0003 0x0 0x18 0x760007 0x581 0xd8 0xa74 0x7f0007 0x312 0xffffffffffffffe0 0x762 0x8a0007 0x542 0x98 0x220 0x8f0007 0x0 0xffffffffffffffa0 0x220 0x950005 0x2a 0x0 0x1f0e468a608 0x59 0x1f0dd9be938 0x19d 0x980007 0x0 0xffffffffffffff48 0x220 0x0 0x0 0x0 0x0 0x0 0x0 0x9 0x2 0x0 0x0 oops 6 3 jdk/internal/util/StrongReferenceKey 5 java/lang/String 38 jdk/internal/util/StrongReferenceKey 40 java/lang/invoke/MemberName 83 jdk/internal/util/StrongReferenceKey 85 java/lang/String methods 0
ciMethod io/ballerina/projects/ProjectException <init> (Ljava/lang/String;)V 8 0 4 0 -1
ciMethod java/util/ArrayList$Itr <init> (Ljava/util/ArrayList;)V 512 0 22128 0 0
ciMethod java/util/ArrayList$Itr hasNext ()Z 516 0 29959 0 120
ciMethod java/util/ArrayList$Itr next ()Ljava/lang/Object; 514 0 5421 0 312
ciMethod java/util/ArrayList$Itr checkForComodification ()V 516 0 5422 0 0
ciMethod java/util/Properties$LineReader <init> (Ljava/io/InputStream;)V 512 0 7507 0 1208
ciMethod java/util/Properties$LineReader readLine ()I 98 120832 1153 0 -1
ciMethodData java/util/Properties$LineReader readLine ()I 2 1104 orig 80 0 0 0 0 0 0 0 0 0 0 0 0 240 1 0 0 0 0 0 0 0 0 0 0 0 0 0 0 0 0 0 0 0 0 0 0 0 0 0 0 0 0 0 0 0 0 0 0 0 0 0 0 0 0 0 0 0 0 0 0 0 0 0 0 0 0 0 0 0 0 0 0 0 0 0 0 0 0 0 0 data 301 0x190007 0x296 0x38 0x1ba 0x1d0003 0x1ba 0x18 0x370007 0x14d44 0x140 0x9c 0x3d0007 0xa 0x70 0x92 0x460005 0x0 0x0 0x1f0e5268370 0x2 0x1f0e2d8c5c0 0x90 0x490003 0x92 0x50 0x520005 0x0 0x0 0x0 0x0 0x0 0x0 0x5b0007 0x52 0x78 0x4a 0x5f0007 0x0 0x20 0x4a 0x660007 0x0 0x38 0x0 0x6c0003 0x0 0x18 0x750007 0x1271b 0x38 0x267b 0x840003 0x267b 0x18 0x920007 0x13e6a 0x110 0xf2c 0x990007 0x582 0xfffffffffffffe68 0x9aa 0xa00007 0x0 0xfffffffffffffe48 0x9aa 0xa70007 0x9aa 0x38 0x0 0xaa0003 0x0 0xfffffffffffffe08 0xaf0007 0x2ad 0x78 0x6fd 0xb60007 0x0 0xfffffffffffffdd0 0x6fd 0xbd0007 0x454 0x38 0x2a9 0xc00003 0x2a9 0xfffffffffffffd90 0xca0007 0x14117 0x2e8 0x454 0xd10007 0x4e 0x40 0x406 0xd80007 0x406 0x2a8 0x0 0xdd0007 0x22 0x148 0x2c 0xe20007 0x0 0x98 0x8c1 0xf20007 0x893 0xffffffffffffffe0 0x2e 0xf90007 0x0 0x210 0x2e 0x1000007 0x2 0xffffffffffffffa0 0x2c 0x1030003 0x2c 0x1d0 0x1080007 0x0 0xffffffffffffff48 0x0 0x1120005 0x0 0x0 0x0 0x0 0x0 0x0 0x11b0007 0x0 0x20 0x0 0x1220003 0x0 0xfffffffffffffed0 0x1270007 0x0 0x98 0x4a9 0x1370007 0x487 0xffffffffffffffe0 0x22 0x13e0007 0x0 0xe8 0x22 0x1450007 0x0 0xffffffffffffffa0 0x22 0x1480003 0x22 0xa8 0x14d0007 0x0 0xfffffffffffffe20 0x0 0x1570005 0x0 0x0 0x0 0x0 0x0 0x0 0x1600007 0x0 0x20 0x0 0x1670003 0x0 0xfffffffffffffda8 0x16d0003 0x4e 0xfffffffffffffaa8 0x1740007 0x6b3 0x108 0x13e6a 0x17b0007 0x0 0xe8 0x13e6a 0x18b0007 0x13e6a 0x40 0x0 0x1910002 0x0 0x1a10002 0x0 0x1ae0007 0x13bbd 0x70 0x2ad 0x1b30007 0x0 0x38 0x2ad 0x1b70003 0x2ad 0x30 0x1bb0003 0x0 0x18 0x1c10003 0x13e6a 0xfffffffffffff9a0 0x1c50007 0x6b3 0x38 0x0 0x1cb0003 0x0 0xfffffffffffff968 0x1d00007 0x669 0x120 0x4a 0x1d60007 0x2 0x70 0x48 0x1df0005 0x0 0x0 0x1f0e2d8c5c0 0x48 0x0 0x0 0x1e20003 0x48 0x50 0x1eb0005 0x0 0x0 0x0 0x0 0x0 0x0 0x1f60007 0x1 0x58 0x49 0x1fb0007 0x49 0x38 0x0 0x2010003 0x0 0x18 0x2080007 0x3bd 0xd0 0x2ad 0x21b0007 0x2ad 0xfffffffffffff810 0x0 0x2200007 0x0 0x58 0x0 0x2290007 0x0 0xfffffffffffff7d0 0x0 0x22f0003 0x0 0xfffffffffffff7b0 0x2380007 0x0 0xfffffffffffff798 0x0 0x23e0003 0x0 0xfffffffffffff778 0x0 0x0 0x0 0x0 0x0 0x0 0x0 0x0 0x0 0x0 0x0 0x0 0x0 0x0 0x0 0x9 0x1 0x0 oops 3 18 java/io/FileInputStream 20 sun/net/www/protocol/jar/JarURLConnection$JarURLInputStream 232 sun/net/www/protocol/jar/JarURLConnection$JarURLInputStream methods 0
ciMethodData java/util/Properties loadConvert ([CIILjava/lang/StringBuilder;)Ljava/lang/String; 2 1372 orig 80 0 0 0 0 0 0 0 0 0 0 0 0 240 1 0 0 0 0 0 0 0 0 0 0 0 0 0 0 0 0 0 0 0 0 0 0 0 0 0 0 0 0 0 0 0 0 0 0 0 0 0 0 0 0 0 0 0 0 0 0 0 0 0 0 0 0 0 0 0 0 0 0 0 0 0 0 0 0 0 0 data 256 0xb0007 0x55c 0x58 0x1166f 0x1a0007 0x1166f 0xffffffffffffffe0 0x0 0x1d0003 0x0 0x18 0x230007 0x0 0x30 0x55c 0x2e0002 0x55c 0x350005 0x0 0x0 0x0 0x0 0x0 0x0 0x440005 0x0 0x0 0x0 0x0 0x0 0x0 0x4b0007 0x0 0x668 0x0 0x5a0007 0x0 0x5f8 0x0 0x690007 0x0 0x4c0 0x0 0x710007 0x0 0x30 0x0 0x7a0002 0x0 0x870007 0x0 0x420 0x0 0x940008 0x70 0x0 0x3d8 0x0 0x390 0x0 0x390 0x0 0x390 0x0 0x390 0x0 0x390 0x0 0x390 0x0 0x390 0x0 0x390 0x0 0x390 0x0 0x390 0x0 0x3d8 0x0 0x3d8 0x0 0x3d8 0x0 0x3d8 0x0 0x3d8 0x0 0x3d8 0x0 0x3d8 0x0 0x3c0 0x0 0x3c0 0x0 0x3c0 0x0 0x3c0 0x0 0x3c0 0x0 0x3c0 0x0 0x3d8 0x0 0x3d8 0x0 0x3d8 0x0 0x3d8 0x0 0x3d8 0x0 0x3d8 0x0 0x3d8 0x0 0x3d8 0x0 0x3d8 0x0 0x3d8 0x0 0x3d8 0x0 0x3d8 0x0 0x3d8 0x0 0x3d8 0x0 0x3d8 0x0 0x3d8 0x0 0x3d8 0x0 0x3d8 0x0 0x3d8 0x0 0x3d8 0x0 0x3d8 0x0 0x3d8 0x0 0x3d8 0x0 0x3d8 0x0 0x3d8 0x0 0x3d8 0x0 0x3a8 0x0 0x3a8 0x0 0x3a8 0x0 0x3a8 0x0 0x3a8 0x0 0x3a8 0x18a0003 0x0 0x58 0x19a0003 0x0 0x40 0x1aa0003 0x0 0x28 0x1b30002 0x0 0x1bc0003 0x0 0xfffffffffffffbf8 0x1c40005 0x0 0x0 0x0 0x0 0x0 0x0 0x1c80003 0x0 0xfffffffffffffb18 0x1cf0007 0x0 0x38 0x0 0x1d60003 0x0 0xa8 0x1dd0007 0x0 0x38 0x0 0x1e40003 0x0 0x70 0x1eb0007 0x0 0x38 0x0 0x1f20003 0x0 0x38 0x1f90007 0x0 0x20 0x0 0x2040005 0x0 0x0 0x0 0x0 0x0 0x0 0x2080003 0x0 0xfffffffffffffa00 0x20f0005 0x0 0x0 0x0 0x0 0x0 0x0 0x2130003 0x0 0xfffffffffffff9b0 0x2180005 0x0 0x0 0x0 0x0 0x0 0x0 0x0 0x0 0x0 0x0 0x0 0x0 0x9 0x5 0x0 0x0 0x0 0x0 0x0 oops 0 methods 0
ciMethod java/lang/UnsupportedOperationException <init> ()V 0 0 1 0 -1
ciMethodData java/util/Optional of (Ljava/lang/Object;)Ljava/util/Optional; 2 15461 orig 80 0 0 0 0 0 0 0 0 0 0 0 0 240 1 0 0 0 0 0 0 0 0 0 0 0 0 0 0 0 0 0 0 0 0 0 0 0 0 0 0 0 0 0 0 0 0 0 0 0 0 0 0 0 0 0 0 0 0 0 0 0 0 0 0 0 0 0 0 0 0 0 0 0 0 0 0 0 0 0 0 data 13 0x50002 0x3c65 0x80002 0x3c65 0x0 0x0 0x0 0x0 0x0 0x0 0x9 0x1 0x0 oops 0 methods 0
ciMethodData java/util/Optional <init> (Ljava/lang/Object;)V 2 83284 orig 80 0 0 0 0 0 0 0 0 0 0 0 0 240 1 0 0 0 0 0 0 0 0 0 0 0 0 0 0 0 0 0 0 0 0 0 0 0 0 0 0 0 0 0 0 0 0 0 0 0 0 0 0 0 0 0 0 0 0 0 0 0 0 0 0 0 0 0 0 0 0 0 0 0 0 0 0 0 0 0 0 data 10 0x10002 0x14554 0x0 0x0 0x0 0x0 0x9 0x2 0x6 0x0 oops 0 methods 0
ciMethodData java/util/ArrayList <init> ()V 2 603496 orig 80 0 0 0 0 0 0 0 0 0 0 0 0 240 1 0 0 0 0 0 0 0 0 0 0 0 0 0 0 0 0 0 0 0 0 0 0 0 0 0 0 0 0 0 0 0 0 0 0 0 0 0 0 0 0 0 0 0 0 0 0 0 0 0 0 0 0 0 0 0 0 0 0 0 0 0 0 0 0 0 0 data 9 0x10002 0x9356a 0x0 0x0 0x0 0x0 0x9 0x1 0xe oops 0 methods 0
ciMethodData java/util/AbstractList <init> ()V 2 671577 orig 80 0 0 0 0 0 0 0 0 0 0 0 0 240 1 0 0 0 0 0 0 0 0 0 0 0 0 0 0 0 0 0 0 0 0 0 0 0 0 0 0 0 0 0 0 0 0 0 0 0 0 0 0 0 0 0 0 0 0 0 0 0 0 0 0 0 0 0 0 0 0 0 0 0 0 0 0 0 0 0 0 data 9 0x10002 0xa3f77 0x0 0x0 0x0 0x0 0x9 0x1 0x6 oops 0 methods 0
ciMethodData java/lang/String substring (I)Ljava/lang/String; 2 23747 orig 80 0 0 0 0 0 0 0 0 0 0 0 0 240 1 0 0 0 0 0 0 0 0 0 0 0 0 0 0 0 0 0 0 0 0 0 0 0 0 0 0 0 0 0 0 0 0 0 0 0 0 0 0 0 0 0 0 0 0 0 0 0 0 0 0 0 0 0 0 0 0 0 0 0 0 0 0 0 0 0 0 data 24 0x30005 0x5cc3 0x0 0x0 0x0 0x0 0x0 0x60005 0x5cc3 0x0 0x0 0x0 0x0 0x0 0x0 0x0 0x0 0x0 0x0 0x0 0x9 0x2 0x0 0x0 oops 0 methods 0
ciMethodData jdk/internal/misc/VM isModuleSystemInited ()Z 2 17530 orig 80 0 0 0 0 0 0 0 0 0 0 0 0 240 1 0 0 0 0 0 0 0 0 0 0 0 0 0 0 0 0 0 0 0 0 0 0 0 0 0 0 0 0 0 0 0 0 0 0 0 0 0 0 0 0 0 0 0 0 0 0 0 0 0 0 0 0 0 0 0 0 0 0 0 0 0 0 0 0 0 0 data 11 0x40007 0x0 0x38 0x447a 0x80003 0x447a 0x18 0x0 0x0 0x9 0x0 oops 0 methods 0
ciMethodData jdk/internal/loader/BuiltinClassLoader findResource (Ljava/lang/String;)Ljava/net/URL; 2 6286 orig 80 0 0 0 0 0 0 0 0 0 0 0 0 240 1 0 0 0 0 0 0 0 0 0 0 0 0 0 0 0 0 0 0 0 0 0 0 0 0 0 0 0 0 0 0 0 0 0 0 0 0 0 0 0 0 0 0 0 0 0 0 0 0 0 0 0 0 0 0 0 0 0 0 0 0 0 0 0 0 0 0 data 162 0x10002 0x188e 0x90005 0x0 0x0 0x1f0dd9c2258 0x188d 0x0 0x0 0xe0104 0x0 0x0 0x1f0e55cb5f8 0x8 0x0 0x0 0x130007 0x1886 0x2b0 0x8 0x170005 0x0 0x0 0x1f0e55cb5f8 0x8 0x0 0x0 0x1b0007 0x4 0x3a0 0x4 0x200005 0x0 0x0 0x1f0e55cb5f8 0x4 0x0 0x0 0x240005 0x0 0x0 0x1f0dd9c2138 0x4 0x0 0x0 0x290003 0x4 0x18 0x320007 0x0 0x198 0x4 0x380005 0x4 0x0 0x0 0x0 0x0 0x0 0x3b0007 0x4 0x140 0x0 0x400005 0x0 0x0 0x0 0x0 0x0 0x0 0x450005 0x0 0x0 0x0 0x0 0x0 0x0 0x480007 0x0 0xb0 0x0 0x4d0005 0x0 0x0 0x0 0x0 0x0 0x0 0x510005 0x0 0x0 0x0 0x0 0x0 0x0 0x540007 0x0 0x20 0x0 0x5a0003 0x0 0x160 0x5f0005 0x1886 0x0 0x0 0x0 0x0 0x0 0x660005 0x0 0x0 0x1f0e42335b0 0x1886 0x0 0x0 0x6b0007 0x1886 0xc0 0x0 0x710005 0x0 0x0 0x0 0x0 0x0 0x0 0x760004 0x0 0x0 0x0 0x0 0x0 0x0 0x7d0007 0x0 0x30 0x0 0x820002 0x0 0x860003 0x1886 0x18 0x8f0005 0x188a 0x0 0x0 0x0 0x0 0x0 0x960002 0x188a 0x0 0x0 0x0 0x0 0x0 0x0 0x9 0x2 0x0 0x0 oops 6 5 java/util/concurrent/ConcurrentHashMap 12 jdk/internal/loader/BuiltinClassLoader$LoadedModule 23 jdk/internal/loader/BuiltinClassLoader$LoadedModule 34 jdk/internal/loader/BuiltinClassLoader$LoadedModule 41 jdk/internal/loader/ClassLoaders$PlatformClassLoader 112 java/util/Collections$EmptyList methods 0
ciMethod com/google/gson/Gson fromJson (Ljava/io/Reader;Ljava/lang/Class;)Ljava/lang/Object; 512 0 14535 0 -1
ciMethodData java/util/zip/ZipFile$ZipFileInflaterInputStream close ()V 2 5148 orig 80 0 0 0 0 0 0 0 0 0 0 0 0 240 1 0 0 0 0 0 0 0 0 0 0 0 0 0 0 0 0 0 0 0 0 0 0 0 0 0 0 0 0 0 0 0 0 0 0 0 0 0 0 0 0 0 0 0 0 0 0 0 0 0 0 0 0 0 0 0 0 0 0 0 0 0 0 0 0 0 0 data 32 0x40007 0x1406 0x20 0x16 0xe0002 0x1406 0x290005 0x0 0x0 0x1f0e73f4d00 0x1406 0x0 0x0 0x310003 0x1406 0x18 0x3d0005 0x0 0x0 0x1f0e73f4db0 0x1406 0x0 0x0 0x0 0x0 0x0 0x0 0x0 0x0 0x9 0x1 0xffffffffffffffff oops 2 9 java/util/Collections$SetFromMap 19 jdk/internal/ref/CleanerImpl$PhantomCleanableRef methods 0
ciMethodData java/util/zip/InflaterInputStream close ()V 2 5126 orig 80 0 0 0 0 0 0 0 0 0 0 0 0 240 1 0 0 0 0 0 0 0 0 0 0 0 0 0 0 0 0 0 0 0 0 0 0 0 0 0 0 0 0 0 0 0 0 0 0 0 0 0 0 0 0 0 0 0 0 0 0 0 0 0 0 0 0 0 0 0 0 0 0 0 0 0 0 0 0 0 0 data 31 0x40007 0x0 0xb0 0x1406 0xb0007 0x1406 0x58 0x0 0x120005 0x0 0x0 0x0 0x0 0x0 0x0 0x190005 0x0 0x0 0x1f0e73f5290 0x1406 0x0 0x0 0x0 0x0 0x0 0x0 0x0 0x0 0x9 0x1 0xc oops 1 18 java/util/zip/ZipFile$ZipFileInputStream methods 0
ciMethod sun/net/www/protocol/jar/JarURLConnection <init> (Ljava/net/URL;Lsun/net/www/protocol/jar/Handler;)V 512 0 6528 0 -1
ciMethod sun/net/www/protocol/jar/JarURLConnection connect ()V 782 0 6772 0 -1
ciMethod sun/net/www/protocol/jar/JarURLConnection getInputStream ()Ljava/io/InputStream; 782 0 6772 0 18032
ciMethod sun/net/www/protocol/jar/JarURLConnection getUseCaches ()Z 512 0 14482 0 0
ciMethod java/net/JarURLConnection <init> (Ljava/net/URL;)V 512 0 6528 0 -1
ciMethod java/net/JarURLConnection getJarFileURL ()Ljava/net/URL; 256 0 128 0 -1
ciMethod java/net/JarURLConnection getEntryName ()Ljava/lang/String; 256 0 128 0 -1
ciMethod java/net/URLConnection getInputStream ()Ljava/io/InputStream; 0 0 1 0 -1
ciMethod java/net/URLConnection setUseCaches (Z)V 768 0 5508 0 -1
ciMethod java/net/URLConnection getUseCaches ()Z 258 0 129 0 0
ciMethod sun/net/www/protocol/jar/URLJarFile$URLJarFileCloseController close (Ljava/util/jar/JarFile;)V 0 0 1 0 -1
ciMethod sun/net/www/protocol/jar/URLJarFile close ()V 116 0 58 0 0
ciMethod sun/net/www/protocol/jar/JarURLConnection$JarURLInputStream <init> (Lsun/net/www/protocol/jar/JarURLConnection;Ljava/io/InputStream;)V 782 0 6772 0 -1
ciMethod sun/net/www/protocol/jar/JarURLConnection$JarURLInputStream close ()V 512 0 7710 0 0
ciMethod java/io/BufferedReader <init> (Ljava/io/Reader;)V 512 0 6479 0 -1
ciMethod java/io/BufferedReader close ()V 512 0 10179 0 -1
ciMethod java/io/Reader read ([C)I 24 0 12 0 -1
ciMethod java/io/InputStreamReader <init> (Ljava/io/InputStream;Ljava/nio/charset/CharsetDecoder;)V 766 0 6421 0 -1
ciMethodData java/lang/ClassLoader getResource (Ljava/lang/String;)Ljava/net/URL; 2 6288 orig 80 1 0 0 0 0 0 0 0 0 0 0 0 240 1 0 0 0 0 0 0 0 0 0 0 0 0 0 0 0 0 0 0 0 0 0 0 0 0 0 0 0 0 0 0 0 0 0 0 0 0 0 0 0 0 0 0 0 0 0 0 0 0 0 0 0 0 0 0 0 0 0 0 0 0 0 0 0 0 0 0 data 39 0x10002 0x1890 0x90007 0xc4a 0x70 0xc46 0x110005 0x0 0x0 0x1f0dd9c2138 0xc46 0x0 0x0 0x150003 0xc46 0x28 0x190002 0xc4a 0x1e0007 0x0 0x58 0x1890 0x230005 0x0 0x0 0x1f0dd9c2138 0xc4a 0x1f0dd9c20a8 0xc46 0x0 0x0 0x0 0x0 0x0 0x0 0x9 0x2 0xffffffffffffffff 0xffffffffffffffff oops 3 9 jdk/internal/loader/ClassLoaders$PlatformClassLoader 25 jdk/internal/loader/ClassLoaders$PlatformClassLoader 27 jdk/internal/loader/ClassLoaders$AppClassLoader methods 0
ciMethodData jdk/internal/loader/BootLoader findResource (Ljava/lang/String;)Ljava/net/URL; 2 3146 orig 80 0 0 0 0 0 0 0 0 0 0 0 0 240 1 0 0 0 0 0 0 0 0 0 0 0 0 0 0 0 0 0 0 0 0 0 0 0 0 0 0 0 0 0 0 0 0 0 0 0 0 0 0 0 0 0 0 0 0 0 0 0 0 0 0 0 0 0 0 0 0 0 0 0 0 0 0 0 0 0 0 data 18 0x2 0xc4a 0x40005 0x0 0x0 0x1f0e55c9728 0xc4a 0x0 0x0 0x0 0x0 0x0 0x0 0x0 0x0 0x9 0x1 0x0 oops 1 5 jdk/internal/loader/ClassLoaders$BootClassLoader methods 0
ciMethodData jdk/internal/loader/ClassLoaders bootLoader ()Ljdk/internal/loader/BuiltinClassLoader; 2 3166 orig 80 0 0 0 0 0 0 0 0 0 0 0 0 240 1 0 0 0 0 0 0 0 0 0 0 0 0 0 0 0 0 0 0 0 0 0 0 0 0 0 0 0 0 0 0 0 0 0 0 0 0 0 0 0 0 0 0 0 0 0 0 0 0 0 0 0 0 0 0 0 0 0 0 0 0 0 0 0 0 0 0 data 4 0x0 0x0 0x9 0x0 oops 0 methods 0
ciMethodData java/lang/Module isNamed ()Z 2 11917 orig 80 0 0 0 0 0 0 0 0 0 0 0 0 240 1 0 0 0 0 0 0 0 0 0 0 0 0 0 0 0 0 0 0 0 0 0 0 0 0 0 0 0 0 0 0 0 0 0 0 0 0 0 0 0 0 0 0 0 0 0 0 0 0 0 0 0 0 0 0 0 0 0 0 0 0 0 0 0 0 0 0 data 16 0x40007 0x2be6 0x38 0x2a5 0x80003 0x2a5 0x18 0x0 0x0 0x0 0x0 0x0 0x0 0x9 0x1 0x0 oops 0 methods 0
ciMethodData java/util/ArrayList$Itr hasNext ()Z 2 29701 orig 80 0 0 0 0 0 0 0 0 0 0 0 0 240 1 0 0 0 0 0 0 0 0 0 0 0 0 0 0 0 0 0 0 0 0 0 0 0 0 0 0 0 0 0 0 0 0 0 0 0 0 0 0 0 0 0 0 0 0 0 0 0 0 0 0 0 0 0 0 0 0 0 0 0 0 0 0 0 0 0 0 data 14 0xb0007 0x2cc3 0x38 0x4742 0xf0003 0x4742 0x18 0x0 0x0 0x0 0x0 0x9 0x1 0x0 oops 0 methods 0
ciMethodData java/util/ArrayList$Itr checkForComodification ()V 2 5164 orig 80 0 0 0 0 0 0 0 0 0 0 0 0 240 1 0 0 0 0 0 0 0 0 0 0 0 0 0 0 0 0 0 0 0 0 0 0 0 0 0 0 0 0 0 0 0 0 0 0 0 0 0 0 0 0 0 0 0 0 0 0 0 0 0 0 0 0 0 0 0 0 0 0 0 0 0 0 0 0 0 0 data 13 0xb0007 0x142c 0x30 0x0 0x120002 0x0 0x0 0x0 0x0 0x0 0x9 0x1 0x0 oops 0 methods 0
ciMethodData java/util/ArrayList$Itr next ()Ljava/lang/Object; 2 5164 orig 80 0 0 0 0 0 0 0 0 0 0 0 0 240 1 0 0 0 0 0 0 0 0 0 0 0 0 0 0 0 0 0 0 0 0 0 0 0 0 0 0 0 0 0 0 0 0 0 0 0 0 0 0 0 0 0 0 0 0 0 0 0 0 0 0 0 0 0 0 0 0 0 0 0 0 0 0 0 0 0 0 data 28 0x10005 0x142c 0x0 0x0 0x0 0x0 0x0 0x110007 0x142c 0x30 0x0 0x180002 0x0 0x270007 0x142c 0x30 0x0 0x2e0002 0x0 0x0 0x0 0x0 0x0 0x0 0x0 0x9 0x1 0x6 oops 0 methods 0
ciMethodData java/lang/Throwable addSuppressed (Ljava/lang/Throwable;)V 1 0 orig 80 0 0 0 0 0 0 0 0 0 0 0 0 240 1 0 0 0 0 0 0 0 0 0 0 0 0 0 0 0 0 0 0 0 0 0 0 0 0 0 0 0 0 0 0 0 0 0 0 0 0 0 0 0 0 0 0 0 0 0 0 0 0 0 0 0 0 0 0 0 0 0 0 0 0 0 0 0 0 0 0 data 35 0x20007 0x0 0x30 0x0 0xd0002 0x0 0x150002 0x0 0x1d0007 0x0 0x20 0x0 0x280007 0x0 0x30 0x0 0x310002 0x0 0x3c0005 0x0 0x0 0x0 0x0 0x0 0x0 0x0 0x0 0x0 0x0 0x0 0x0 0x9 0x2 0x10 0x0 oops 0 methods 0
ciMethod org/wso2/ballerinalang/util/RepoUtils getBallerinaShortVersion ()Ljava/lang/String; 512 0 7608 0 0
ciMethod com/github/zafarkhaja/semver/Version <init> (Lcom/github/zafarkhaja/semver/NormalVersion;Lcom/github/zafarkhaja/semver/MetadataVersion;Lcom/github/zafarkhaja/semver/MetadataVersion;)V 1024 0 5854 0 0
ciMethod com/github/zafarkhaja/semver/Version valueOf (Ljava/lang/String;)Lcom/github/zafarkhaja/semver/Version; 906 0 5854 0 0
ciMethod com/github/zafarkhaja/semver/Version getMajorVersion ()I 108 0 1230 0 0
ciMethod com/github/zafarkhaja/semver/Version getMinorVersion ()I 112 0 324 0 0
ciMethod com/github/zafarkhaja/semver/Version greaterThan (Lcom/github/zafarkhaja/semver/Version;)Z 50 0 451 0 0
ciMethod com/github/zafarkhaja/semver/Version compareTo (Lcom/github/zafarkhaja/semver/Version;)I 658 0 5991 0 -1
ciMethod com/github/zafarkhaja/semver/VersionParser <init> (Ljava/lang/String;)V 708 4102 4835 0 2304
ciMethod com/github/zafarkhaja/semver/VersionParser parseValidSemVer (Ljava/lang/String;)Lcom/github/zafarkhaja/semver/Version; 906 0 5854 0 0
ciMethod com/github/zafarkhaja/semver/VersionParser parseValidSemVer ()Lcom/github/zafarkhaja/semver/Version; 906 0 5854 0 0
ciMethod com/github/zafarkhaja/semver/VersionParser parseVersionCore ()Lcom/github/zafarkhaja/semver/NormalVersion; 1024 0 5853 0 0
ciMethod com/github/zafarkhaja/semver/VersionParser parsePreRelease ()Lcom/github/zafarkhaja/semver/MetadataVersion; 0 0 1 0 -1
ciMethod com/github/zafarkhaja/semver/VersionParser parseBuild ()Lcom/github/zafarkhaja/semver/MetadataVersion; 0 0 1 0 -1
ciMethod com/github/zafarkhaja/semver/VersionParser numericIdentifier ()Ljava/lang/String; 516 0 17561 0 0
ciMethod com/github/zafarkhaja/semver/VersionParser digits ()Ljava/lang/String; 516 102 7522 0 6288
ciMethod com/github/zafarkhaja/semver/VersionParser checkForLeadingZeroes ()V 516 0 7427 0 472
ciMethod com/github/zafarkhaja/semver/VersionParser consumeNextCharacter ([Lcom/github/zafarkhaja/semver/VersionParser$CharType;)Ljava/lang/Character; 1024 0 32069 0 0
ciMethod com/github/zafarkhaja/semver/util/Stream$ElementType isMatchedBy (Ljava/lang/Object;)Z 0 0 1 0 -1
ciMethod com/github/zafarkhaja/semver/ParseException <init> (Ljava/lang/String;)V 0 0 1 0 -1
ciMethod com/github/zafarkhaja/semver/util/Stream <init> ([Ljava/lang/Object;)V 708 0 4835 0 0
ciMethod com/github/zafarkhaja/semver/util/Stream consume ()Ljava/lang/Object; 1024 0 8812 0 184
ciMethod com/github/zafarkhaja/semver/util/Stream consume ([Lcom/github/zafarkhaja/semver/util/Stream$ElementType;)Ljava/lang/Object; 1024 270 8816 0 584
ciMethod com/github/zafarkhaja/semver/util/Stream lookahead (I)Ljava/lang/Object; 524 0 29233 0 0
ciMethod com/github/zafarkhaja/semver/util/Stream positiveLookahead ([Lcom/github/zafarkhaja/semver/util/Stream$ElementType;)Z 4806 4292 7703 0 -1
ciMethod com/github/zafarkhaja/semver/VersionParser$CharType$1 isMatchedBy (Ljava/lang/Character;)Z 508 0 9291 0 0
ciMethod com/github/zafarkhaja/semver/VersionParser$CharType$1 isMatchedBy (Ljava/lang/Object;)Z 512 0 9292 0 176
ciMethod com/github/zafarkhaja/semver/VersionParser$CharType$3 isMatchedBy (Ljava/lang/Object;)Z 800 0 8891 0 -1
ciMethod com/github/zafarkhaja/semver/VersionParser$CharType$4 isMatchedBy (Ljava/lang/Character;)Z 1024 0 12026 0 0
ciMethod com/github/zafarkhaja/semver/VersionParser$CharType$4 isMatchedBy (Ljava/lang/Object;)Z 1024 0 12026 0 152
ciMethod com/github/zafarkhaja/semver/VersionParser$CharType$5 isMatchedBy (Ljava/lang/Character;)Z 534 0 11780 0 0
ciMethod com/github/zafarkhaja/semver/VersionParser$CharType$5 isMatchedBy (Ljava/lang/Object;)Z 534 0 11780 0 152
ciMethod com/github/zafarkhaja/semver/VersionParser$CharType$6 isMatchedBy (Ljava/lang/Object;)Z 1024 0 8890 0 -1
ciMethod com/github/zafarkhaja/semver/NormalVersion <init> (III)V 1024 0 5854 0 0
ciMethod com/github/zafarkhaja/semver/NormalVersion getMajor ()I 260 0 130 0 -1
ciMethod com/github/zafarkhaja/semver/NormalVersion getMinor ()I 136 0 66 0 -1
ciMethodData java/util/ArrayList iterator ()Ljava/util/Iterator; 2 21872 orig 80 0 0 0 0 0 0 0 0 0 0 0 0 240 1 0 0 0 0 0 0 0 0 0 0 0 0 0 0 0 0 0 0 0 0 0 0 0 0 0 0 0 0 0 0 0 0 0 0 0 0 0 0 0 0 0 0 0 0 0 0 0 0 0 0 0 0 0 0 0 0 0 0 0 0 0 0 0 0 0 0 data 8 0x50002 0x5570 0x0 0x0 0x0 0x9 0x1 0x0 oops 0 methods 0
ciMethodData java/util/ArrayList$Itr <init> (Ljava/util/ArrayList;)V 2 21872 orig 80 0 0 0 0 0 0 0 0 0 0 0 0 240 1 0 0 0 0 0 0 0 0 0 0 0 0 0 0 0 0 0 0 0 0 0 0 0 0 0 0 0 0 0 0 0 0 0 0 0 0 0 0 0 0 0 0 0 0 0 0 0 0 0 0 0 0 0 0 0 0 0 0 0 0 0 0 0 0 0 0 data 10 0x60002 0x5570 0x0 0x0 0x0 0x0 0x9 0x2 0xc 0x0 oops 0 methods 0
ciMethodData java/util/Properties getProperty (Ljava/lang/String;)Ljava/lang/String; 2 5127 orig 80 0 0 0 0 0 0 0 0 0 0 0 0 240 1 0 0 0 0 0 0 0 0 0 0 0 0 0 0 0 0 0 0 0 0 0 0 0 0 0 0 0 0 0 0 0 0 0 0 0 0 0 0 0 0 0 0 0 0 0 0 0 0 0 0 0 0 0 0 0 0 0 0 0 0 0 0 0 0 0 0 data 56 0x50005 0x0 0x0 0x1f0dd9c2258 0x1407 0x0 0x0 0xa0104 0x0 0x0 0x1f0dd9be938 0x13c7 0x0 0x0 0xd0007 0x40 0x70 0x13c7 0x110004 0x0 0x0 0x1f0dd9be938 0x13c7 0x0 0x0 0x140003 0x13c7 0x18 0x1a0007 0x13c7 0x90 0x40 0x240007 0x40 0x70 0x0 0x2a0005 0x0 0x0 0x0 0x0 0x0 0x0 0x2d0003 0x0 0x18 0x0 0x0 0x0 0x0 0x0 0x0 0x9 0x2 0x0 0xffffffffffffffff oops 3 3 java/util/concurrent/ConcurrentHashMap 10 java/lang/String 21 java/lang/String methods 0
ciMethodData java/util/concurrent/ConcurrentHashMap put (Ljava/lang/Object;Ljava/lang/Object;)Ljava/lang/Object; 2 5854 orig 80 0 0 0 0 0 0 0 0 0 0 0 0 240 1 0 0 0 0 0 0 0 0 0 0 0 0 0 0 0 0 0 0 0 0 0 0 0 0 0 0 0 0 0 0 0 0 0 0 0 0 0 0 0 0 0 0 0 0 0 0 0 0 0 0 0 0 0 0 0 0 0 0 0 0 0 0 0 0 0 0 data 18 0x40005 0x16de 0x0 0x0 0x0 0x0 0x0 0x0 0x0 0x0 0x0 0x0 0x0 0x9 0x3 0x0 0x0 0x0 oops 0 methods 0
ciMethodData java/util/Properties put (Ljava/lang/Object;Ljava/lang/Object;)Ljava/lang/Object; 2 4972 orig 80 0 0 0 0 0 0 0 0 0 0 0 0 240 1 0 0 0 0 0 0 0 0 0 0 0 0 0 0 0 0 0 0 0 0 0 0 0 0 0 0 0 0 0 0 0 0 0 0 0 0 0 0 0 0 0 0 0 0 0 0 0 0 0 0 0 0 0 0 0 0 0 0 0 0 0 0 0 0 0 0 data 18 0x60005 0x0 0x0 0x1f0dd9c2258 0x136c 0x0 0x0 0x0 0x0 0x0 0x0 0x0 0x0 0x9 0x3 0x0 0x0 0x0 oops 1 3 java/util/concurrent/ConcurrentHashMap methods 0
ciMethod sun/nio/fs/WindowsPath$WindowsPathWithAttributes getFileSystem ()Ljava/nio/file/FileSystem; 782 0 5511 0 88
ciMethodData sun/nio/fs/WindowsPath getFileName ()Ljava/nio/file/Path; 2 5148 orig 80 0 0 0 0 0 0 0 0 0 0 0 0 0 0 0 0 0 0 0 0 0 0 0 0 0 0 0 0 0 0 0 0 0 0 0 0 0 0 0 0 0 0 0 0 0 0 0 0 0 0 0 0 0 0 0 0 0 0 0 0 0 0 0 0 0 0 0 0 0 0 0 0 0 0 0 0 0 0 0 0 data 75 0x40005 0x141d 0x0 0x0 0x0 0x0 0x0 0x90007 0x141d 0x20 0x0 0x120005 0x141d 0x0 0x0 0x0 0x0 0x0 0x160007 0x141d 0x20 0x0 0x210005 0x141d 0x0 0x0 0x0 0x0 0x0 0x2a0005 0x141d 0x0 0x0 0x0 0x0 0x0 0x2d0007 0x141d 0x70 0x0 0x340005 0x0 0x0 0x0 0x0 0x0 0x0 0x380003 0x0 0x18 0x430005 0x0 0x0 0x1f0e7a23fe8 0x1348 0x1f0e7a24098 0xd5 0x500005 0x141d 0x0 0x0 0x0 0x0 0x0 0x530002 0x141d 0x0 0x0 0x0 0x0 0x0 0x0 0x9 0x1 0x0 oops 2 53 sun/nio/fs/WindowsPath$WindowsPathWithAttributes 55 sun/nio/fs/WindowsPath methods 0
ciMethodData java/lang/CharacterDataLatin1 digit (II)I 2 5483 orig 80 0 0 0 0 0 0 0 0 0 0 0 0 240 1 0 0 0 0 0 0 0 0 0 0 0 0 0 0 0 0 0 0 0 0 0 0 0 0 0 0 0 0 0 0 0 0 0 0 0 0 0 0 0 0 0 0 0 0 0 0 0 0 0 0 0 0 0 0 0 0 0 0 0 0 0 0 0 0 0 0 data 27 0x70007 0x0 0x98 0x156b 0xc0007 0x0 0x78 0x156b 0x110007 0x0 0x58 0x156b 0x170007 0x0 0x38 0x156b 0x1b0003 0x156b 0x18 0x0 0x0 0x0 0x9 0x3 0x0 0x0 0x0 oops 0 methods 0
ciMethod sun/nio/fs/WindowsException rethrowAsIOException (Lsun/nio/fs/WindowsPath;)V 116 0 916 66 -1
ciMethodData java/util/ArrayList isEmpty ()Z 2 269926 orig 80 0 0 0 0 0 0 0 0 0 0 0 0 240 1 0 0 0 0 0 0 0 0 0 0 0 0 0 0 0 0 0 0 0 0 0 0 0 0 0 0 0 0 0 0 0 0 0 0 0 0 0 0 0 0 0 0 0 0 0 0 0 0 0 0 0 0 0 0 0 0 0 0 0 0 0 0 0 0 0 0 data 13 0x40007 0x25821 0x38 0x1c645 0x80003 0x1c645 0x18 0x0 0x0 0x0 0x9 0x1 0x0 oops 0 methods 0
ciMethod java/io/UncheckedIOException getCause ()Ljava/io/IOException; 0 0 1 0 -1
ciMethodData java/lang/Integer parseInt (Ljava/lang/String;I)I 2 8306 orig 80 0 0 0 0 0 0 0 0 0 0 0 0 240 1 0 0 0 0 0 0 0 0 0 0 0 0 0 0 0 0 0 0 0 0 0 0 0 0 0 0 0 0 0 0 0 0 0 0 0 0 0 0 0 0 0 0 0 0 0 0 0 0 0 0 0 0 0 0 0 0 0 0 0 0 0 0 0 0 0 0 data 173 0x10007 0x2072 0x30 0x0 0xa0002 0x0 0x100007 0x2071 0x120 0x0 0x1b0002 0x0 0x200005 0x0 0x0 0x0 0x0 0x0 0x0 0x240005 0x0 0x0 0x0 0x0 0x0 0x0 0x290005 0x0 0x0 0x0 0x0 0x0 0x0 0x2c0005 0x0 0x0 0x0 0x0 0x0 0x0 0x2f0002 0x0 0x360007 0x2071 0x120 0x0 0x410002 0x0 0x460005 0x0 0x0 0x0 0x0 0x0 0x0 0x4a0005 0x0 0x0 0x0 0x0 0x0 0x0 0x4f0005 0x0 0x0 0x0 0x0 0x0 0x0 0x520005 0x0 0x0 0x0 0x0 0x0 0x0 0x550002 0x0 0x5e0005 0x2072 0x0 0x0 0x0 0x0 0x0 0x690007 0x0 0x248 0x2072 0x6e0005 0x2071 0x0 0x0 0x0 0x0 0x0 0x770007 0x2072 0xb8 0x0 0x7e0007 0x0 0x38 0x0 0x870003 0x0 0x48 0x8e0007 0x0 0x30 0x0 0x930002 0x0 0x9a0007 0x0 0x30 0x0 0x9f0002 0x0 0xb20007 0x2072 0x100 0x254b 0xba0005 0x254b 0x0 0x0 0x0 0x0 0x0 0xbe0002 0x254a 0xc50007 0x0 0x40 0x254b 0xcc0007 0x254b 0x30 0x0 0xd10002 0x0 0xe20007 0x254b 0x30 0x0 0xe70002 0x0 0xf20003 0x254b 0xffffffffffffff18 0xf60007 0x2072 0x38 0x0 0xfb0003 0x0 0x18 0x1040002 0x0 0x0 0x0 0x0 0x0 0x0 0x0 0x0 0x0 0x0 0x9 0x2 0x0 0x0 oops 0 methods 0
ciMethod io/ballerina/projects/internal/repositories/FileSystemRepository getIncompatibleVer (Ljava/util/List;Lio/ballerina/projects/PackageOrg;Lio/ballerina/projects/PackageName;)Ljava/util/List; 766 766 7570 0 -1
ciMethod io/ballerina/projects/internal/repositories/FileSystemRepository isCompatible (Ljava/lang/String;Ljava/lang/String;)Z 514 0 7592 0 0
ciMethod io/ballerina/projects/internal/repositories/FileSystemRepository getPackagePath (Ljava/lang/String;Ljava/lang/String;Ljava/lang/String;)Ljava/nio/file/Path; 512 8 5389 0 1504
ciMethod io/ballerina/projects/util/ProjectUtils getRelativeBalaPath (Ljava/lang/String;Ljava/lang/String;Ljava/lang/String;Ljava/lang/String;)Ljava/nio/file/Path; 512 0 5691 0 0
ciMethodData com/github/zafarkhaja/semver/Version compareTo (Lcom/github/zafarkhaja/semver/Version;)I 2 5664 orig 80 0 0 0 0 0 0 0 0 0 0 0 0 240 1 0 0 0 0 0 0 0 0 0 0 0 0 0 0 0 0 0 0 0 0 0 0 0 0 0 0 0 0 0 0 0 0 0 0 0 0 0 0 0 0 0 0 0 0 0 0 0 0 0 0 0 0 0 0 0 0 0 0 0 0 0 0 0 0 0 0 data 28 0x80005 0x0 0x0 0x1f0e7427b60 0x1620 0x0 0x0 0xd0007 0x308 0x58 0x1318 0x180005 0x0 0x0 0x1f0e6900280 0x1318 0x0 0x0 0x0 0x0 0x0 0x0 0x0 0x0 0x9 0x2 0x0 0x0 oops 2 3 com/github/zafarkhaja/semver/NormalVersion 14 com/github/zafarkhaja/semver/MetadataVersion$NullMetadataVersion methods 0
ciMethodData sun/nio/fs/WindowsPath getFileSystem ()Ljava/nio/file/FileSystem; 2 7361 orig 80 0 0 0 0 0 0 0 0 0 0 0 0 240 1 0 0 0 0 0 0 0 0 0 0 0 0 0 0 0 0 0 0 0 0 0 0 0 0 0 0 0 0 0 0 0 0 0 0 0 0 0 0 0 0 0 0 0 0 0 0 0 0 0 0 0 0 0 0 0 0 0 0 0 0 0 0 0 0 0 0 data 16 0x10005 0x0 0x0 0x1f0e7a24098 0x1cc2 0x0 0x0 0x0 0x0 0x0 0x0 0x0 0x0 0x9 0x1 0x0 oops 1 3 sun/nio/fs/WindowsPath methods 0
ciMethodData java/nio/file/Files provider (Ljava/nio/file/Path;)Ljava/nio/file/spi/FileSystemProvider; 2 51047 orig 80 0 0 0 0 0 0 0 0 0 0 0 0 240 1 0 0 0 0 0 0 0 0 0 0 0 0 0 0 0 0 0 0 0 0 0 0 0 0 0 0 0 0 0 0 0 0 0 0 0 0 0 0 0 0 0 0 0 0 0 0 0 0 0 0 0 0 0 0 0 0 0 0 0 0 0 0 0 0 0 0 data 23 0x10005 0x0 0x0 0x1f0e7a24098 0xb9e9 0x1f0e7a23fe8 0xd7e 0x60005 0x0 0x0 0x1f0e3fb4298 0xc767 0x0 0x0 0x0 0x0 0x0 0x0 0x0 0x0 0x9 0x1 0xffffffffffffffff oops 3 3 sun/nio/fs/WindowsPath 5 sun/nio/fs/WindowsPath$WindowsPathWithAttributes 10 sun/nio/fs/WindowsFileSystem methods 0
ciMethodData java/lang/Character valueOf (C)Ljava/lang/Character; 2 25707 orig 80 0 0 0 0 0 0 0 0 0 0 0 0 240 1 0 0 0 0 0 0 0 0 0 0 0 0 0 0 0 0 0 0 0 0 0 0 0 0 0 0 0 0 0 0 0 0 0 0 0 0 0 0 0 0 0 0 0 0 0 0 0 0 0 0 0 0 0 0 0 0 0 0 0 0 0 0 0 0 0 0 data 13 0x30007 0x0 0x20 0x646b 0x110002 0x0 0x0 0x0 0x0 0x0 0x9 0x1 0x0 oops 0 methods 0
ciMethodData java/lang/Integer parseInt (Ljava/lang/String;)I 2 20138 orig 80 0 0 0 0 0 0 0 0 0 0 0 0 240 1 0 0 0 0 0 0 0 0 0 0 0 0 0 0 0 0 0 0 0 0 0 0 0 0 0 0 0 0 0 0 0 0 0 0 0 0 0 0 0 0 0 0 0 0 0 0 0 0 0 0 0 0 0 0 0 0 0 0 0 0 0 0 0 0 0 0 data 11 0x30002 0x4eaa 0x0 0x0 0x0 0x0 0x0 0x0 0x9 0x1 0xffffffffffffffff oops 0 methods 0
ciMethodData sun/nio/fs/WindowsFileSystem getPath (Ljava/lang/String;[Ljava/lang/String;)Ljava/nio/file/Path; 2 6180 orig 80 0 0 0 0 0 0 0 0 0 0 0 0 0 0 0 0 0 0 0 0 0 0 0 0 0 0 0 0 0 0 0 0 0 0 0 0 0 0 0 0 0 0 0 0 0 0 0 0 0 0 0 0 0 0 0 0 0 0 0 0 0 0 0 0 0 0 0 0 0 0 0 0 0 0 0 0 0 0 0 0 data 81 0x10002 0x1825 0x70007 0x2eb 0x38 0x153a 0xc0003 0x153a 0x1f0 0x130002 0x2eb 0x1b0005 0x2eb 0x0 0x0 0x0 0x0 0x0 0x2e0007 0x2eb 0x158 0x8bf 0x3a0005 0x8bf 0x0 0x0 0x0 0x0 0x0 0x3d0007 0x0 0xe8 0x8bf 0x420005 0x8bf 0x0 0x0 0x0 0x0 0x0 0x450007 0x0 0x58 0x8bf 0x4c0005 0x8bf 0x0 0x0 0x0 0x0 0x0 0x540005 0x8bf 0x0 0x0 0x0 0x0 0x0 0x5b0003 0x8bf 0xfffffffffffffec0 0x600005 0x2eb 0x0 0x0 0x0 0x0 0x0 0x660002 0x1825 0x0 0x0 0x0 0x0 0x0 0x0 0x9 0x3 0x0 0x0 0x0 oops 0 methods 0
ciMethodData sun/nio/fs/WindowsFileSystemProvider checkAccess (Ljava/nio/file/Path;[Ljava/nio/file/AccessMode;)V 2 5129 orig 80 0 0 0 0 0 0 0 0 0 0 0 0 240 1 0 0 0 0 0 0 0 0 0 0 0 0 0 0 0 0 0 0 0 0 0 0 0 0 0 0 0 0 0 0 0 0 0 0 0 0 0 0 0 0 0 0 0 0 0 0 0 0 0 0 0 0 0 0 0 0 0 0 0 0 0 0 0 0 0 0 data 221 0x10002 0x1409 0x1d0007 0x1409 0x118 0x0 0x2c0005 0x0 0x0 0x0 0x0 0x0 0x0 0x300008 0x8 0x0 0x98 0x0 0x50 0x0 0x68 0x0 0x80 0x4f0003 0x0 0x58 0x550003 0x0 0x40 0x5b0003 0x0 0x28 0x650002 0x0 0x6c0003 0x0 0xffffffffffffff00 0x710007 0x0 0xe0 0x1409 0x760007 0x0 0xc0 0x1409 0x7b0007 0x0 0xa0 0x1409 0x7f0005 0x0 0x0 0x1f0e7a24098 0xfdf 0x1f0e7a23fe8 0x42a 0x840002 0x1409 0x8e0005 0x0 0x0 0x1f0e7939ab8 0x326 0x0 0x0 0x930007 0x0 0x78 0x0 0x980007 0x0 0x58 0x0 0x9d0005 0x0 0x0 0x0 0x0 0x0 0x0 0xa60007 0x0 0x58 0x0 0xaa0005 0x0 0x0 0x0 0x0 0x0 0x0 0xb50007 0x0 0x58 0x0 0xb90005 0x0 0x0 0x0 0x0 0x0 0x0 0xc40007 0x0 0xc0 0x0 0xc70002 0x0 0xce0007 0x0 0x90 0x0 0xd40005 0x0 0x0 0x0 0x0 0x0 0x0 0xd70005 0x0 0x0 0x0 0x0 0x0 0x0 0xe40002 0x0 0xe70007 0x0 0x68 0x0 0xef0005 0x0 0x0 0x0 0x0 0x0 0x0 0xf60002 0x0 0xfc0007 0x0 0x228 0x0 0x1010002 0x0 0x1080005 0x0 0x0 0x0 0x0 0x0 0x0 0x10b0007 0x0 0xc0 0x0 0x1100005 0x0 0x0 0x0 0x0 0x0 0x0 0x1130007 0x0 0x68 0x0 0x11b0005 0x0 0x0 0x0 0x0 0x0 0x0 0x1220002 0x0 0x1260003 0x0 0x50 0x12e0005 0x0 0x0 0x0 0x0 0x0 0x0 0x1320002 0x0 0x1350005 0x0 0x0 0x0 0x0 0x0 0x0 0x1380007 0x0 0x68 0x0 0x1400005 0x0 0x0 0x0 0x0 0x0 0x0 0x1470002 0x0 0x0 0x0 0x0 0x0 0x0 0x0 0x9 0x3 0x0 0x0 0x0 oops 3 52 sun/nio/fs/WindowsPath 54 sun/nio/fs/WindowsPath$WindowsPathWithAttributes 61 sun/nio/fs/WindowsException methods 0
ciMethodData java/nio/file/Path resolve (Ljava/lang/String;)Ljava/nio/file/Path; 2 32423 orig 80 0 0 0 0 0 0 0 0 0 0 0 0 240 1 0 0 0 0 0 0 0 0 0 0 0 0 0 0 0 0 0 0 0 0 0 0 0 0 0 0 0 0 0 0 0 0 0 0 0 0 0 0 0 0 0 0 0 0 0 0 0 0 0 0 0 0 0 0 0 0 0 0 0 0 0 0 0 0 0 0 data 31 0x20005 0x0 0x0 0x1f0e7a24098 0x7e6f 0x1f0e7a23fe8 0x38 0xc0005 0x0 0x0 0x1f0e3fb4298 0x7ea7 0x0 0x0 0xf0005 0x0 0x0 0x1f0e7a24098 0x7e6e 0x1f0e7a23fe8 0x38 0x0 0x0 0x0 0x0 0x0 0x0 0x9 0x2 0x0 0x0 oops 5 3 sun/nio/fs/WindowsPath 5 sun/nio/fs/WindowsPath$WindowsPathWithAttributes 10 sun/nio/fs/WindowsFileSystem 17 sun/nio/fs/WindowsPath 19 sun/nio/fs/WindowsPath$WindowsPathWithAttributes methods 0
ciMethodData sun/nio/fs/WindowsFileSystemProvider readAttributes (Ljava/nio/file/Path;Ljava/lang/Class;[Ljava/nio/file/LinkOption;)Ljava/nio/file/attribute/BasicFileAttributes; 2 3298 orig 80 0 0 0 0 0 0 0 0 0 0 0 0 240 1 0 0 0 0 0 0 0 0 0 0 0 0 0 0 0 0 0 0 0 0 0 0 0 0 0 0 0 0 0 0 0 0 0 0 0 0 0 0 0 0 0 0 0 0 0 0 0 0 0 0 0 0 0 0 0 0 0 0 0 0 0 0 0 0 0 0 data 55 0x30007 0x0 0x38 0xce2 0xa0003 0xce2 0x90 0x100007 0x0 0x38 0x0 0x170003 0x0 0x58 0x1b0007 0x0 0x30 0x0 0x220002 0x0 0x2a0002 0x0 0x330005 0x0 0x0 0x1f0e6a71990 0xce2 0x0 0x0 0x360004 0x0 0x0 0x1f0e44201b0 0xce2 0x0 0x0 0x390005 0x0 0x0 0x1f0e44201b0 0xce2 0x0 0x0 0x0 0x0 0x0 0x0 0x0 0x0 0x9 0x4 0x0 0x0 0x0 0x0 oops 3 25 sun/nio/fs/WindowsFileSystemProvider 32 sun/nio/fs/WindowsFileAttributeViews$Basic 39 sun/nio/fs/WindowsFileAttributeViews$Basic methods 0
ciMethodData sun/nio/fs/WindowsFileSystemProvider getFileAttributeView (Ljava/nio/file/Path;Ljava/lang/Class;[Ljava/nio/file/LinkOption;)Ljava/nio/file/attribute/FileAttributeView; 2 3296 orig 80 0 0 0 0 0 0 0 0 0 0 0 0 240 1 0 0 0 0 0 0 0 0 0 0 0 0 0 0 0 0 0 0 0 0 0 0 0 0 0 0 0 0 0 0 0 0 0 0 0 0 0 0 0 0 0 0 0 0 0 0 0 0 0 0 0 0 0 0 0 0 0 0 0 0 0 0 0 0 0 0 data 61 0x10002 0xce0 0x70007 0xce0 0x30 0x0 0xe0002 0x0 0x130002 0xce0 0x1b0007 0x0 0x30 0xce0 0x220002 0xce0 0x290007 0x0 0x30 0x0 0x300002 0x0 0x370007 0x0 0x30 0x0 0x420002 0x0 0x490007 0x0 0x40 0x0 0x580002 0x0 0x5b0002 0x0 0x620007 0x0 0x30 0x0 0x6d0002 0x0 0x720004 0x0 0x0 0x0 0x0 0x0 0x0 0x0 0x0 0x0 0x0 0x0 0x0 0x9 0x4 0x0 0x0 0x0 0x0 oops 0 methods 0
ciMethodData sun/nio/fs/WindowsPath resolve (Ljava/nio/file/Path;)Ljava/nio/file/Path; 2 5123 orig 80 0 0 0 0 0 0 0 0 0 0 0 0 0 0 0 0 0 0 0 0 0 0 0 0 0 0 0 0 0 0 0 0 0 0 0 0 0 0 0 0 0 0 0 0 0 0 0 0 0 0 0 0 0 0 0 0 0 0 0 0 0 0 0 0 0 0 0 0 0 0 0 0 0 0 0 0 0 0 0 0 data 17 0x20005 0x0 0x0 0x1f0e7a24098 0x1404 0x0 0x0 0x0 0x0 0x0 0x0 0x0 0x0 0x9 0x2 0x0 0x0 oops 1 3 sun/nio/fs/WindowsPath methods 0
ciMethodData sun/nio/fs/WindowsPath resolve (Ljava/nio/file/Path;)Lsun/nio/fs/WindowsPath; 2 5137 orig 80 0 0 0 0 0 0 0 0 0 0 0 0 0 0 0 0 0 0 0 0 0 0 0 0 0 0 0 0 0 0 0 0 0 0 0 0 0 0 0 0 0 0 0 0 0 0 0 0 0 0 0 0 0 0 0 0 0 0 0 0 0 0 0 0 0 0 0 0 0 0 0 0 0 0 0 0 0 0 0 0 data 363 0x10002 0x1412 0x60005 0x1412 0x0 0x0 0x0 0x0 0x0 0x90007 0x1410 0x20 0x0 0xf0005 0x0 0x0 0x1f0e7a24098 0x1410 0x0 0x0 0x120007 0x1410 0x20 0x0 0x1e0005 0x1410 0x0 0x0 0x0 0x0 0x0 0x220008 0x8 0x0 0x990 0x1411 0x50 0x0 0x340 0x0 0x5a0 0x420005 0x1411 0x0 0x0 0x0 0x0 0x0 0x450007 0x2 0xb0 0x140f 0x4c0005 0x140f 0x0 0x0 0x0 0x0 0x0 0x530005 0x140f 0x0 0x0 0x0 0x0 0x0 0x560007 0x140f 0xf0 0x0 0x5d0002 0x2 0x640005 0x2 0x0 0x0 0x0 0x0 0x0 0x6b0005 0x2 0x0 0x0 0x0 0x0 0x0 0x6e0005 0x2 0x0 0x0 0x0 0x0 0x0 0x720003 0x2 0x108 0x790002 0x140f 0x800005 0x140f 0x0 0x0 0x0 0x0 0x0 0x850005 0x1410 0x0 0x0 0x0 0x0 0x0 0x8c0005 0x1410 0x0 0x0 0x0 0x0 0x0 0x8f0005 0x1410 0x0 0x0 0x0 0x0 0x0 0x980005 0x0 0x0 0x1f0e7a24098 0x13e2 0x1f0e7a23fe8 0x30 0xa40002 0x1412 0xae0005 0x0 0x0 0x0 0x0 0x0 0x0 0xb10007 0x0 0x128 0x0 0xb80002 0x0 0xbf0005 0x0 0x0 0x0 0x0 0x0 0x0 0xc70005 0x0 0x0 0x0 0x0 0x0 0x0 0xca0005 0x0 0x0 0x0 0x0 0x0 0x0 0xcd0005 0x0 0x0 0x0 0x0 0x0 0x0 0xd10003 0x0 0xd0 0xd80002 0x0 0xdf0005 0x0 0x0 0x0 0x0 0x0 0x0 0xe60005 0x0 0x0 0x0 0x0 0x0 0x0 0xe90005 0x0 0x0 0x0 0x0 0x0 0x0 0xee0005 0x0 0x0 0x0 0x0 0x0 0x0 0xf20002 0x0 0xfc0005 0x0 0x0 0x0 0x0 0x0 0x0 0xff0007 0x0 0x20 0x0 0x10d0005 0x0 0x0 0x0 0x0 0x0 0x0 0x1120005 0x0 0x0 0x0 0x0 0x0 0x0 0x11b0005 0x0 0x0 0x0 0x0 0x0 0x0 0x11e0007 0x0 0x20 0x0 0x12b0005 0x0 0x0 0x0 0x0 0x0 0x0 0x12e0005 0x0 0x0 0x0 0x0 0x0 0x0 0x1390005 0x0 0x0 0x0 0x0 0x0 0x0 0x13c0007 0x0 0xf0 0x0 0x1430002 0x0 0x14a0005 0x0 0x0 0x0 0x0 0x0 0x0 0x14f0005 0x0 0x0 0x0 0x0 0x0 0x0 0x1520005 0x0 0x0 0x0 0x0 0x0 0x0 0x1570003 0x0 0x108 0x15e0002 0x0 0x1650005 0x0 0x0 0x0 0x0 0x0 0x0 0x16a0005 0x0 0x0 0x0 0x0 0x0 0x0 0x16f0005 0x0 0x0 0x0 0x0 0x0 0x0 0x1720005 0x0 0x0 0x0 0x0 0x0 0x0 0x1780005 0x0 0x0 0x0 0x0 0x0 0x0 0x17d0002 0x0 0x1850002 0x0 0x0 0x0 0x0 0x0 0x0 0x0 0x0 0x0 0x0 0x0 0x0 0x0 0x0 0x0 0x0 0x0 0x0 0x0 0x0 0x0 0x9 0x2 0x0 0x0 oops 3 16 sun/nio/fs/WindowsPath 129 sun/nio/fs/WindowsPath 131 sun/nio/fs/WindowsPath$WindowsPathWithAttributes methods 0
ciMethodData java/nio/file/Path toFile ()Ljava/io/File; 2 5133 orig 80 0 0 0 0 0 0 0 0 0 0 0 0 240 1 0 0 0 0 0 0 0 0 0 0 0 0 0 0 0 0 0 0 0 0 0 0 0 0 0 0 0 0 0 0 0 0 0 0 0 0 0 0 0 0 0 0 0 0 0 0 0 0 0 0 0 0 0 0 0 0 0 0 0 0 0 0 0 0 0 0 data 33 0x10005 0x0 0x0 0x1f0e7a24098 0xfc4 0x1f0e7a23fe8 0x449 0x60002 0x140e 0x90007 0x0 0x68 0x140e 0x110005 0x0 0x0 0x1f0e7a24098 0xfc5 0x1f0e7a23fe8 0x449 0x160002 0x140e 0x200002 0x0 0x0 0x0 0x0 0x0 0x0 0x0 0x9 0x1 0x0 oops 4 3 sun/nio/fs/WindowsPath 5 sun/nio/fs/WindowsPath$WindowsPathWithAttributes 16 sun/nio/fs/WindowsPath 18 sun/nio/fs/WindowsPath$WindowsPathWithAttributes methods 0
ciMethodData java/nio/file/FileSystems getDefault ()Ljava/nio/file/FileSystem; 2 13907 orig 80 0 0 0 0 0 0 0 0 0 0 0 0 240 1 0 0 0 0 0 0 0 0 0 0 0 0 0 0 0 0 0 0 0 0 0 0 0 0 0 0 0 0 0 0 0 0 0 0 0 0 0 0 0 0 0 0 0 0 0 0 0 0 0 0 0 0 0 0 0 0 0 0 0 0 0 0 0 0 0 0 data 16 0x2 0x3653 0x30007 0x0 0x20 0x3653 0xa0002 0x0 0x0 0x0 0x0 0x0 0x0 0x0 0x9 0x0 oops 0 methods 0
ciMethodData java/util/Optional get ()Ljava/lang/Object; 2 25510 orig 80 0 0 0 0 0 0 0 0 0 0 0 0 240 1 0 0 0 0 0 0 0 0 0 0 0 0 0 0 0 0 0 0 0 0 0 0 0 0 0 0 0 0 0 0 0 0 0 0 0 0 0 0 0 0 0 0 0 0 0 0 0 0 0 0 0 0 0 0 0 0 0 0 0 0 0 0 0 0 0 0 data 15 0x40007 0x63a6 0x30 0x0 0xd0002 0x0 0x0 0x0 0x0 0x0 0x0 0x0 0x9 0x1 0x0 oops 0 methods 0
ciMethodData java/nio/file/Files newBufferedReader (Ljava/nio/file/Path;)Ljava/io/BufferedReader; 2 14279 orig 80 0 0 0 0 0 0 0 0 0 0 0 0 240 1 0 0 0 0 0 0 0 0 0 0 0 0 0 0 0 0 0 0 0 0 0 0 0 0 0 0 0 0 0 0 0 0 0 0 0 0 0 0 0 0 0 0 0 0 0 0 0 0 0 0 0 0 0 0 0 0 0 0 0 0 0 0 0 0 0 0 data 11 0x40002 0x37c7 0x0 0x0 0x0 0x0 0x0 0x0 0x9 0x1 0xffffffffffffffff oops 0 methods 0
ciMethodData java/nio/file/Files newBufferedReader (Ljava/nio/file/Path;Ljava/nio/charset/Charset;)Ljava/io/BufferedReader; 2 6166 orig 80 0 0 0 0 0 0 0 0 0 0 0 0 240 1 0 0 0 0 0 0 0 0 0 0 0 0 0 0 0 0 0 0 0 0 0 0 0 0 0 0 0 0 0 0 0 0 0 0 0 0 0 0 0 0 0 0 0 0 0 0 0 0 0 0 0 0 0 0 0 0 0 0 0 0 0 0 0 0 0 0 data 23 0x10005 0x0 0x0 0x1f0e73f1b48 0x1816 0x0 0x0 0xe0002 0x1816 0x120002 0x1816 0x1b0002 0x1816 0x0 0x0 0x0 0x0 0x0 0x0 0x9 0x2 0x0 0x0 oops 1 3 sun/nio/cs/UTF_8 methods 0
ciMethodData sun/nio/fs/WindowsPath$WindowsPathWithAttributes getFileSystem ()Ljava/nio/file/FileSystem; 2 5120 orig 80 0 0 0 0 0 0 0 0 0 0 0 0 240 1 0 0 0 0 0 0 0 0 0 0 0 0 0 0 0 0 0 0 0 0 0 0 0 0 0 0 0 0 0 0 0 0 0 0 0 0 0 0 0 0 0 0 0 0 0 0 0 0 0 0 0 0 0 0 0 0 0 0 0 0 0 0 0 0 0 0 data 7 0x10002 0x1400 0x0 0x0 0x9 0x1 0x0 oops 0 methods 0
ciMethodData java/io/File getName ()Ljava/lang/String; 2 5150 orig 80 0 0 0 0 0 0 0 0 0 0 0 0 240 1 0 0 0 0 0 0 0 0 0 0 0 0 0 0 0 0 0 0 0 0 0 0 0 0 0 0 0 0 0 0 0 0 0 0 0 0 0 0 0 0 0 0 0 0 0 0 0 0 0 0 0 0 0 0 0 0 0 0 0 0 0 0 0 0 0 0 data 34 0x70005 0x141e 0x0 0x0 0x0 0x0 0x0 0x100007 0x9a 0x58 0x1384 0x1b0005 0x1384 0x0 0x0 0x0 0x0 0x0 0x260005 0x9a 0x0 0x0 0x0 0x0 0x0 0x0 0x0 0x0 0x0 0x0 0x0 0x9 0x1 0x0 oops 0 methods 0
ciMethodData java/nio/file/Files exists (Ljava/nio/file/Path;[Ljava/nio/file/LinkOption;)Z 2 22018 orig 80 0 0 0 0 0 0 0 0 0 0 0 0 240 1 0 0 0 0 0 0 0 0 0 0 0 0 0 0 0 0 0 0 0 0 0 0 0 0 0 0 0 0 0 0 0 0 0 0 0 0 0 0 0 0 0 0 0 0 0 0 0 0 0 0 0 0 0 0 0 0 0 0 0 0 0 0 0 0 0 0 data 19 0x10002 0x5602 0x60005 0x0 0x0 0x1f0e6a71990 0x5602 0x0 0x0 0x0 0x0 0x0 0x0 0x0 0x0 0x9 0x2 0x0 0x0 oops 1 5 sun/nio/fs/WindowsFileSystemProvider methods 0
ciMethodData java/nio/file/spi/FileSystemProvider exists (Ljava/nio/file/Path;[Ljava/nio/file/LinkOption;)Z 2 5123 orig 80 0 0 0 0 0 0 0 0 0 0 0 0 240 1 0 0 0 0 0 0 0 0 0 0 0 0 0 0 0 0 0 0 0 0 0 0 0 0 0 0 0 0 0 0 0 0 0 0 0 0 0 0 0 0 0 0 0 0 0 0 0 0 0 0 0 0 0 0 0 0 0 0 0 0 0 0 0 0 0 0 data 41 0x10002 0x1403 0x40007 0x0 0x70 0x1403 0xd0005 0x0 0x0 0x1f0e6a71990 0x1403 0x0 0x0 0x100003 0x12f7 0x88 0x200004 0x0 0x0 0x0 0x0 0x0 0x0 0x210005 0x0 0x0 0x0 0x0 0x0 0x0 0x0 0x0 0x0 0x0 0x0 0x0 0x9 0x3 0x0 0x0 0x0 oops 1 9 sun/nio/fs/WindowsFileSystemProvider methods 0
ciMethodData java/nio/file/spi/FileSystemProvider followLinks ([Ljava/nio/file/LinkOption;)Z 2 5122 orig 80 0 0 0 0 0 0 0 0 0 0 0 0 240 1 0 0 0 0 0 0 0 0 0 0 0 0 0 0 0 0 0 0 0 0 0 0 0 0 0 0 0 0 0 0 0 0 0 0 0 0 0 0 0 0 0 0 0 0 0 0 0 0 0 0 0 0 0 0 0 0 0 0 0 0 0 0 0 0 0 0 data 31 0xd0007 0x1402 0xb0 0x0 0x1b0007 0x0 0x38 0x0 0x200003 0x0 0x58 0x250007 0x0 0x30 0x0 0x2c0002 0x0 0x360002 0x0 0x3d0003 0x0 0xffffffffffffff68 0x0 0x0 0x0 0x0 0x0 0x0 0x9 0x1 0x0 oops 0 methods 0
ciMethodData java/nio/file/Files newInputStream (Ljava/nio/file/Path;[Ljava/nio/file/OpenOption;)Ljava/io/InputStream; 2 6038 orig 80 0 0 0 0 0 0 0 0 0 0 0 0 240 1 0 0 0 0 0 0 0 0 0 0 0 0 0 0 0 0 0 0 0 0 0 0 0 0 0 0 0 0 0 0 0 0 0 0 0 0 0 0 0 0 0 0 0 0 0 0 0 0 0 0 0 0 0 0 0 0 0 0 0 0 0 0 0 0 0 0 data 19 0x10002 0x1796 0x60005 0x0 0x0 0x1f0e6a71990 0x1796 0x0 0x0 0x0 0x0 0x0 0x0 0x0 0x0 0x9 0x2 0x0 0x0 oops 1 5 sun/nio/fs/WindowsFileSystemProvider methods 0
ciMethodData java/nio/file/spi/FileSystemProvider newInputStream (Ljava/nio/file/Path;[Ljava/nio/file/OpenOption;)Ljava/io/InputStream; 2 5122 orig 80 0 0 0 0 0 0 0 0 0 0 0 0 240 1 0 0 0 0 0 0 0 0 0 0 0 0 0 0 0 0 0 0 0 0 0 0 0 0 0 0 0 0 0 0 0 0 0 0 0 0 0 0 0 0 0 0 0 0 0 0 0 0 0 0 0 0 0 0 0 0 0 0 0 0 0 0 0 0 0 0 data 87 0xd0007 0x1402 0x178 0x0 0x1b0007 0x0 0x40 0x0 0x230007 0x0 0x120 0x0 0x2e0002 0x0 0x330005 0x0 0x0 0x0 0x0 0x0 0x0 0x380005 0x0 0x0 0x0 0x0 0x0 0x0 0x3d0005 0x0 0x0 0x0 0x0 0x0 0x0 0x400005 0x0 0x0 0x0 0x0 0x0 0x0 0x430002 0x0 0x4a0003 0x0 0xfffffffffffffea0 0x4f0002 0x1402 0x540004 0x0 0x0 0x1f0e73f3088 0x1402 0x0 0x0 0x570007 0x0 0x90 0x1402 0x5b0004 0x0 0x0 0x1f0e73f3088 0x1402 0x0 0x0 0x5e0005 0x0 0x0 0x1f0e73f3088 0x1402 0x0 0x0 0x620002 0x1401 0x0 0x0 0x0 0x0 0x0 0x0 0x9 0x3 0x0 0xffffffffffffffff 0x0 oops 3 52 sun/nio/ch/FileChannelImpl 63 sun/nio/ch/FileChannelImpl 70 sun/nio/ch/FileChannelImpl methods 0
ciMethodData java/nio/file/Path of (Ljava/lang/String;[Ljava/lang/String;)Ljava/nio/file/Path; 2 6045 orig 80 0 0 0 0 0 0 0 0 0 0 0 0 240 1 0 0 0 0 0 0 0 0 0 0 0 0 0 0 0 0 0 0 0 0 0 0 0 0 0 0 0 0 0 0 0 0 0 0 0 0 0 0 0 0 0 0 0 0 0 0 0 0 0 0 0 0 0 0 0 0 0 0 0 0 0 0 0 0 0 0 data 19 0x2 0x179d 0x50005 0x0 0x0 0x1f0e3fb4298 0x179d 0x0 0x0 0x0 0x0 0x0 0x0 0x0 0x0 0x9 0x2 0x0 0x0 oops 1 5 sun/nio/fs/WindowsFileSystem methods 0
ciMethodData java/net/URL openConnection ()Ljava/net/URLConnection; 2 20584 orig 80 0 0 0 0 0 0 0 0 0 0 0 0 240 1 0 0 0 0 0 0 0 0 0 0 0 0 0 0 0 0 0 0 0 0 0 0 0 0 0 0 0 0 0 0 0 0 0 0 0 0 0 0 0 0 0 0 0 0 0 0 0 0 0 0 0 0 0 0 0 0 0 0 0 0 0 0 0 0 0 0 data 16 0x50005 0x0 0x0 0x1f0e55cf648 0x333b 0x1f0e55cf6f8 0x1d2d 0x0 0x0 0x0 0x0 0x0 0x0 0x9 0x1 0xffffffffffffffff oops 2 3 sun/net/www/protocol/file/Handler 5 sun/net/www/protocol/jar/Handler methods 0
ciMethodData sun/net/www/protocol/jar/JarURLConnection getUseCaches ()Z 2 14227 orig 80 0 0 0 0 0 0 0 0 0 0 0 0 240 1 0 0 0 0 0 0 0 0 0 0 0 0 0 0 0 0 0 0 0 0 0 0 0 0 0 0 0 0 0 0 0 0 0 0 0 0 0 0 0 0 0 0 0 0 0 0 0 0 0 0 0 0 0 0 0 0 0 0 0 0 0 0 0 0 0 0 data 16 0x40005 0x0 0x0 0x1f0e72a68c8 0x3793 0x0 0x0 0x0 0x0 0x0 0x0 0x0 0x0 0x9 0x1 0x0 oops 1 3 sun/net/www/protocol/file/FileURLConnection methods 0
ciMethodData sun/net/www/protocol/file/Handler openConnection (Ljava/net/URL;)Ljava/net/URLConnection; 2 5121 orig 80 0 0 0 0 0 0 0 0 0 0 0 0 240 1 0 0 0 0 0 0 0 0 0 0 0 0 0 0 0 0 0 0 0 0 0 0 0 0 0 0 0 0 0 0 0 0 0 0 0 0 0 0 0 0 0 0 0 0 0 0 0 0 0 0 0 0 0 0 0 0 0 0 0 0 0 0 0 0 0 0 data 17 0x30005 0x0 0x0 0x1f0e55cf648 0x1401 0x0 0x0 0x0 0x0 0x0 0x0 0x0 0x0 0x9 0x2 0x0 0x0 oops 1 3 sun/net/www/protocol/file/Handler methods 0
ciMethodData sun/net/www/protocol/file/Handler openConnection (Ljava/net/URL;Ljava/net/Proxy;)Ljava/net/URLConnection; 2 5218 orig 80 0 0 0 0 0 0 0 0 0 0 0 0 240 1 0 0 0 0 0 0 0 0 0 0 0 0 0 0 0 0 0 0 0 0 0 0 0 0 0 0 0 0 0 0 0 0 0 0 0 0 0 0 0 0 0 0 0 0 0 0 0 0 0 0 0 0 0 0 0 0 0 0 0 0 0 0 0 0 0 0 data 261 0x10005 0x1462 0x0 0x0 0x0 0x0 0x0 0x70005 0x1462 0x0 0x0 0x0 0x0 0x0 0xe0002 0x1462 0x170005 0x1462 0x0 0x0 0x0 0x0 0x0 0x200005 0x1462 0x0 0x0 0x0 0x0 0x0 0x260007 0x0 0x128 0x1462 0x2b0005 0x1462 0x0 0x0 0x0 0x0 0x0 0x2e0007 0x1462 0xd0 0x0 0x350005 0x0 0x0 0x0 0x0 0x0 0x0 0x380007 0x0 0x78 0x0 0x3f0005 0x0 0x0 0x0 0x0 0x0 0x0 0x420007 0x0 0x68 0x0 0x4c0002 0x1462 0x4f0005 0x0 0x0 0x1f0e55cf648 0x1462 0x0 0x0 0x570002 0x0 0x5c0005 0x0 0x0 0x0 0x0 0x0 0x0 0x610005 0x0 0x0 0x0 0x0 0x0 0x0 0x650005 0x0 0x0 0x0 0x0 0x0 0x0 0x680005 0x0 0x0 0x0 0x0 0x0 0x0 0x710002 0x0 0x780005 0x0 0x0 0x0 0x0 0x0 0x0 0x7b0007 0x0 0x30 0x0 0x860002 0x0 0x960002 0x0 0x9b0005 0x0 0x0 0x0 0x0 0x0 0x0 0x9f0005 0x0 0x0 0x0 0x0 0x0 0x0 0xa20007 0x0 0x38 0x0 0xa70003 0x0 0x108 0xae0002 0x0 0xb30005 0x0 0x0 0x0 0x0 0x0 0x0 0xb70005 0x0 0x0 0x0 0x0 0x0 0x0 0xba0005 0x0 0x0 0x0 0x0 0x0 0x0 0xbd0005 0x0 0x0 0x0 0x0 0x0 0x0 0xc00005 0x0 0x0 0x0 0x0 0x0 0x0 0xc30005 0x0 0x0 0x0 0x0 0x0 0x0 0xc60002 0x0 0xcf0007 0x0 0x70 0x0 0xd50005 0x0 0x0 0x0 0x0 0x0 0x0 0xda0003 0x0 0x50 0xdf0005 0x0 0x0 0x0 0x0 0x0 0x0 0xe40003 0x0 0x18 0xee0007 0x0 0x120 0x0 0xf90002 0x0 0xfe0005 0x0 0x0 0x0 0x0 0x0 0x0 0x1020005 0x0 0x0 0x0 0x0 0x0 0x0 0x1050005 0x0 0x0 0x0 0x0 0x0 0x0 0x1080005 0x0 0x0 0x0 0x0 0x0 0x0 0x10b0002 0x0 0x0 0x0 0x0 0x0 0x0 0x0 0x9 0x3 0x0 0x0 0x0 oops 1 72 sun/net/www/protocol/file/Handler methods 0
ciMethodData java/util/Properties load0 (Ljava/util/Properties$LineReader;)V 2 750 orig 80 0 0 0 0 0 0 0 0 0 0 0 0 240 1 0 0 0 0 0 0 0 0 0 0 0 0 0 0 0 0 0 0 0 0 0 0 0 0 0 0 0 0 0 0 0 0 0 0 0 0 0 0 0 0 0 0 0 0 0 0 0 0 0 0 0 0 0 0 0 0 0 0 0 0 0 0 0 0 0 0 data 133 0x40002 0x2ee 0x90005 0x0 0x0 0x1f0e72267e8 0x1194 0x0 0x0 0xe0007 0x2ee 0x390 0xea6 0x200007 0x0 0x1b8 0xfee2 0x300007 0xea6 0x40 0xf03c 0x370007 0xf03c 0x58 0x0 0x3c0007 0x0 0x38 0xea6 0x480003 0xea6 0x138 0x4f0007 0x0 0x60 0xf03c 0x560007 0x0 0x40 0xf03c 0x5d0007 0xf03c 0x58 0x0 0x620007 0x0 0x38 0x0 0x6b0003 0x0 0xa0 0x720007 0xf03c 0x70 0x0 0x770007 0x0 0x38 0x0 0x7b0003 0x0 0x18 0x810003 0x0 0x18 0x8a0003 0xf03c 0xfffffffffffffe60 0x900007 0x0 0xf8 0xea6 0xa00007 0x0 0xc0 0xea6 0xa70007 0x0 0xa0 0xea6 0xae0007 0x0 0x80 0xea6 0xb30007 0xea6 0x78 0x0 0xba0007 0x0 0x40 0x0 0xc10007 0x0 0x38 0x0 0xca0003 0x0 0xffffffffffffff20 0xd60005 0xea6 0x0 0x0 0x0 0x0 0x0 0xe70005 0xea6 0x0 0x0 0x0 0x0 0x0 0xf10005 0x0 0x0 0x1f0dd9bffd8 0xea6 0x0 0x0 0xf50003 0xea6 0xfffffffffffffc50 0x0 0x0 0x0 0x0 0x0 0x0 0x9 0x2 0x0 0x0 oops 2 5 java/util/Properties$LineReader 116 java/util/Properties methods 0
ciMethodData java/io/FilterInputStream close ()V 2 7631 orig 80 0 0 0 0 0 0 0 0 0 0 0 0 240 1 0 0 0 0 0 0 0 0 0 0 0 0 0 0 0 0 0 0 0 0 0 0 0 0 0 0 0 0 0 0 0 0 0 0 0 0 0 0 0 0 0 0 0 0 0 0 0 0 0 0 0 0 0 0 0 0 0 0 0 0 0 0 0 0 0 0 data 16 0x40005 0x0 0x0 0x1f0e72a3430 0x1d66 0x1f0dd9c1c08 0x69 0x0 0x0 0x0 0x0 0x0 0x0 0x9 0x1 0x0 oops 2 3 java/util/zip/ZipFile$ZipFileInflaterInputStream 5 java/io/ByteArrayInputStream methods 0
ciMethod io/ballerina/projects/PackageOrg value ()Ljava/lang/String; 264 0 132 0 0
ciMethod io/ballerina/projects/PackageName value ()Ljava/lang/String; 304 0 152 0 0
ciMethod io/ballerina/projects/internal/BalaFiles readPkgJson (Ljava/nio/file/Path;)Lio/ballerina/projects/internal/model/PackageJson; 768 0 7591 0 7344
ciMethod io/ballerina/projects/internal/model/PackageJson getBallerinaVersion ()Ljava/lang/String; 256 0 128 0 0
ciMethodData com/github/zafarkhaja/semver/util/Stream lookahead (I)Ljava/lang/Object; 2 28971 orig 80 0 0 0 0 0 0 0 0 0 0 0 0 240 1 0 0 0 0 0 0 0 0 0 0 0 0 0 0 0 0 0 0 0 0 0 0 0 0 0 0 0 0 0 0 0 0 0 0 0 0 0 0 0 0 0 0 0 0 0 0 0 0 0 0 0 0 0 0 0 0 0 0 0 0 0 0 0 0 0 0 data 12 0xf0007 0x1898 0x20 0x5896 0x0 0x0 0x0 0x0 0x9 0x2 0x0 0x0 oops 0 methods 0
ciMethodData com/github/zafarkhaja/semver/VersionParser$CharType$1 isMatchedBy (Ljava/lang/Object;)Z 2 9036 orig 80 0 0 0 0 0 0 0 0 0 0 0 0 240 1 0 0 0 0 0 0 0 0 0 0 0 0 0 0 0 0 0 0 0 0 0 0 0 0 0 0 0 0 0 0 0 0 0 0 0 0 0 0 0 0 0 0 0 0 0 0 0 0 0 0 0 0 0 0 0 0 0 0 0 0 0 0 0 0 0 0 data 24 0x20104 0x0 0x0 0x1f0dd9c29e8 0xdb0 0x0 0x0 0x50005 0x234c 0x0 0x0 0x0 0x0 0x0 0x0 0x0 0x0 0x0 0x0 0x0 0x9 0x2 0x0 0x0 oops 1 3 java/lang/Character methods 0
ciMethodData com/github/zafarkhaja/semver/VersionParser$CharType$1 isMatchedBy (Ljava/lang/Character;)Z 2 9037 orig 80 0 0 0 0 0 0 0 0 0 0 0 0 240 1 0 0 0 0 0 0 0 0 0 0 0 0 0 0 0 0 0 0 0 0 0 0 0 0 0 0 0 0 0 0 0 0 0 0 0 0 0 0 0 0 0 0 0 0 0 0 0 0 0 0 0 0 0 0 0 0 0 0 0 0 0 0 0 0 0 0 data 39 0x10007 0x18e7 0x20 0xa68 0x70005 0x18e7 0x0 0x0 0x0 0x0 0x0 0xc0007 0xf9b 0x90 0x94c 0x100005 0x94c 0x0 0x0 0x0 0x0 0x0 0x150007 0x0 0x38 0x94c 0x190003 0x94c 0x18 0x0 0x0 0x0 0x0 0x0 0x0 0x9 0x2 0x0 0x0 oops 0 methods 0
ciMethodData com/github/zafarkhaja/semver/VersionParser consumeNextCharacter ([Lcom/github/zafarkhaja/semver/VersionParser$CharType;)Ljava/lang/Character; 2 31557 orig 80 0 0 0 0 0 0 0 0 0 0 0 0 0 0 0 0 0 0 0 0 0 0 0 0 0 0 0 0 0 0 0 0 0 0 0 0 0 0 0 0 0 0 0 0 0 0 0 0 0 0 0 0 0 0 0 0 0 0 0 0 0 0 0 0 0 0 0 0 0 0 0 0 0 0 0 0 0 0 0 0 data 26 0x50005 0x0 0x0 0x1f0e61988c0 0x7b46 0x0 0x0 0x80104 0x0 0x0 0x1f0dd9c29e8 0x4e11 0x0 0x0 0x120002 0x0 0x0 0x0 0x0 0x0 0x0 0x0 0x9 0x2 0xffffffffffffffff 0xffffffffffffffff oops 2 3 com/github/zafarkhaja/semver/util/Stream 10 java/lang/Character methods 0
ciMethodData com/github/zafarkhaja/semver/util/Stream consume ([Lcom/github/zafarkhaja/semver/util/Stream$ElementType;)Ljava/lang/Object; 2 8304 orig 80 0 0 0 0 0 0 0 0 0 0 0 0 0 0 0 0 0 0 0 0 0 0 0 0 0 0 0 0 0 0 0 0 0 0 0 0 0 0 0 0 0 0 0 0 0 0 0 0 0 0 0 0 0 0 0 0 0 0 0 0 0 0 0 0 0 0 0 0 0 0 0 0 0 0 0 0 0 0 0 0 data 44 0x20005 0x0 0x0 0x1f0e61988c0 0x2071 0x0 0x0 0x130007 0x0 0xc8 0x28e9 0x1f0005 0x1107 0x0 0x1f0e38c7fb0 0xf69 0x1f0e38c4d08 0x883 0x240007 0x883 0x58 0x206e 0x280005 0x0 0x0 0x1f0e61988c0 0x206e 0x0 0x0 0x2f0003 0x883 0xffffffffffffff50 0x3c0002 0x0 0x0 0x0 0x0 0x0 0x0 0x0 0x9 0x2 0x0 0x0 oops 4 3 com/github/zafarkhaja/semver/util/Stream 14 com/github/zafarkhaja/semver/VersionParser$CharType$1 16 com/github/zafarkhaja/semver/VersionParser$CharType$3 25 com/github/zafarkhaja/semver/util/Stream methods 0
ciMethodData com/github/zafarkhaja/semver/util/Stream consume ()Ljava/lang/Object; 2 8300 orig 80 0 0 0 0 0 0 0 0 0 0 0 0 0 0 0 0 0 0 0 0 0 0 0 0 0 0 0 0 0 0 0 0 0 0 0 0 0 0 0 0 0 0 0 0 0 0 0 0 0 0 0 0 0 0 0 0 0 0 0 0 0 0 0 0 0 0 0 0 0 0 0 0 0 0 0 0 0 0 0 0 data 11 0x90007 0x17ea 0x20 0x884 0x0 0x0 0x0 0x0 0x9 0x1 0x6 oops 0 methods 0
ciMethodData com/github/zafarkhaja/semver/VersionParser numericIdentifier ()Ljava/lang/String; 2 17303 orig 80 0 0 0 0 0 0 0 0 0 0 0 0 240 1 0 0 0 0 0 0 0 0 0 0 0 0 0 0 0 0 0 0 0 0 0 0 0 0 0 0 0 0 0 0 0 0 0 0 0 0 0 0 0 0 0 0 0 0 0 0 0 0 0 0 0 0 0 0 0 0 0 0 0 0 0 0 0 0 0 0 data 10 0x10002 0x4397 0x50002 0x4397 0x0 0x0 0x0 0x9 0x1 0xffffffffffffffff oops 0 methods 0
ciMethodData com/github/zafarkhaja/semver/VersionParser checkForLeadingZeroes ()V 2 7169 orig 80 0 0 0 0 0 0 0 0 0 0 0 0 240 1 0 0 0 0 0 0 0 0 0 0 0 0 0 0 0 0 0 0 0 0 0 0 0 0 0 0 0 0 0 0 0 0 0 0 0 0 0 0 0 0 0 0 0 0 0 0 0 0 0 0 0 0 0 0 0 0 0 0 0 0 0 0 0 0 0 0 data 65 0x50005 0x0 0x0 0x1f0e61988c0 0x1c00 0x0 0x0 0x80004 0x0 0x0 0x1f0dd9c29e8 0x1c01 0x0 0x0 0x110005 0x0 0x0 0x1f0e61988c0 0x1c01 0x0 0x0 0x140104 0x0 0x0 0x1f0dd9c29e8 0x12ae 0x0 0x0 0x190007 0x0 0xe0 0x1c01 0x1d0005 0x1c01 0x0 0x0 0x0 0x0 0x0 0x220007 0x89c 0x88 0x1366 0x290005 0x1366 0x0 0x0 0x0 0x0 0x0 0x2c0007 0x1366 0x30 0x0 0x350002 0x0 0x0 0x0 0x0 0x0 0x0 0x0 0x9 0x1 0x0 oops 4 3 com/github/zafarkhaja/semver/util/Stream 10 java/lang/Character 17 com/github/zafarkhaja/semver/util/Stream 24 java/lang/Character methods 0
ciMethodData com/github/zafarkhaja/semver/VersionParser digits ()Ljava/lang/String; 2 7264 orig 80 0 0 0 0 0 0 0 0 0 0 0 0 240 1 0 0 0 0 0 0 0 0 0 0 0 0 0 0 0 0 0 0 0 0 0 0 0 0 0 0 0 0 0 0 0 0 0 0 0 0 0 0 0 0 0 0 0 0 0 0 0 0 0 0 0 0 0 0 0 0 0 0 0 0 0 0 0 0 0 0 data 52 0x40002 0x1c60 0x130004 0x0 0x0 0x1f0e38c7fb0 0x209a 0x0 0x0 0x140002 0x209a 0x170005 0x209a 0x0 0x0 0x0 0x0 0x0 0x280004 0x0 0x0 0x1f0e38c7fb0 0x209a 0x0 0x0 0x290005 0x0 0x0 0x1f0e61988c0 0x209a 0x0 0x0 0x2c0007 0x439 0xffffffffffffff10 0x1c61 0x300005 0x1c61 0x0 0x0 0x0 0x0 0x0 0x0 0x0 0x0 0x0 0x0 0x0 0x9 0x1 0xffffffffffffffff oops 3 5 com/github/zafarkhaja/semver/VersionParser$CharType$1 21 com/github/zafarkhaja/semver/VersionParser$CharType$1 28 com/github/zafarkhaja/semver/util/Stream methods 0
ciMethodData com/github/zafarkhaja/semver/VersionParser$CharType$5 isMatchedBy (Ljava/lang/Object;)Z 2 11513 orig 80 0 0 0 0 0 0 0 0 0 0 0 0 240 1 0 0 0 0 0 0 0 0 0 0 0 0 0 0 0 0 0 0 0 0 0 0 0 0 0 0 0 0 0 0 0 0 0 0 0 0 0 0 0 0 0 0 0 0 0 0 0 0 0 0 0 0 0 0 0 0 0 0 0 0 0 0 0 0 0 0 data 24 0x20104 0x0 0x0 0x0 0x0 0x0 0x0 0x50005 0x2cf9 0x0 0x0 0x0 0x0 0x0 0x0 0x0 0x0 0x0 0x0 0x0 0x9 0x2 0x0 0x0 oops 0 methods 0
ciMethodData com/github/zafarkhaja/semver/VersionParser$CharType$5 isMatchedBy (Ljava/lang/Character;)Z 2 11513 orig 80 0 0 0 0 0 0 0 0 0 0 0 0 240 1 0 0 0 0 0 0 0 0 0 0 0 0 0 0 0 0 0 0 0 0 0 0 0 0 0 0 0 0 0 0 0 0 0 0 0 0 0 0 0 0 0 0 0 0 0 0 0 0 0 0 0 0 0 0 0 0 0 0 0 0 0 0 0 0 0 0 data 28 0x10007 0x0 0x20 0x2cf9 0x70005 0x0 0x0 0x0 0x0 0x0 0x0 0xc0007 0x0 0x38 0x0 0x100003 0x0 0x18 0x0 0x0 0x0 0x0 0x0 0x0 0x9 0x2 0x0 0x0 oops 0 methods 0
ciMethodData com/github/zafarkhaja/semver/VersionParser$CharType$4 isMatchedBy (Ljava/lang/Object;)Z 2 11514 orig 80 0 0 0 0 0 0 0 0 0 0 0 0 0 0 0 0 0 0 0 0 0 0 0 0 0 0 0 0 0 0 0 0 0 0 0 0 0 0 0 0 0 0 0 0 0 0 0 0 0 0 0 0 0 0 0 0 0 0 0 0 0 0 0 0 0 0 0 0 0 0 0 0 0 0 0 0 0 0 0 0 data 24 0x20104 0x0 0x0 0x0 0x0 0x0 0x0 0x50005 0x2cfb 0x0 0x0 0x0 0x0 0x0 0x0 0x0 0x0 0x0 0x0 0x0 0x9 0x2 0x0 0x0 oops 0 methods 0
ciMethodData com/github/zafarkhaja/semver/VersionParser$CharType$4 isMatchedBy (Ljava/lang/Character;)Z 2 11514 orig 80 0 0 0 0 0 0 0 0 0 0 0 0 0 0 0 0 0 0 0 0 0 0 0 0 0 0 0 0 0 0 0 0 0 0 0 0 0 0 0 0 0 0 0 0 0 0 0 0 0 0 0 0 0 0 0 0 0 0 0 0 0 0 0 0 0 0 0 0 0 0 0 0 0 0 0 0 0 0 0 0 data 28 0x10007 0x0 0x20 0x2cfb 0x70005 0x0 0x0 0x0 0x0 0x0 0x0 0xc0007 0x0 0x38 0x0 0x100003 0x0 0x18 0x0 0x0 0x0 0x0 0x0 0x0 0x9 0x2 0x0 0x0 oops 0 methods 0
ciMethodData com/github/zafarkhaja/semver/VersionParser <init> (Ljava/lang/String;)V 2 4481 orig 80 0 0 0 0 0 0 0 0 0 0 0 0 240 1 0 0 0 0 0 0 0 0 0 0 0 0 0 0 0 0 0 0 0 0 0 0 0 0 0 0 0 0 0 0 0 0 0 0 0 0 0 0 0 0 0 0 0 0 0 0 0 0 0 0 0 0 0 0 0 0 0 0 0 0 0 0 0 0 0 0 data 68 0x10002 0x1181 0x50007 0x0 0x78 0x1181 0x90005 0x1181 0x0 0x0 0x0 0x0 0x0 0xc0007 0x1181 0x30 0x0 0x150002 0x0 0x1a0005 0x1181 0x0 0x0 0x0 0x0 0x0 0x250005 0x6f28 0x0 0x0 0x0 0x0 0x0 0x280007 0x1181 0xb8 0x5da7 0x2f0005 0x5da7 0x0 0x0 0x0 0x0 0x0 0x320002 0x5da7 0x350004 0x0 0x0 0x1f0dd9c29e8 0x5da7 0x0 0x0 0x390003 0x5da7 0xffffffffffffff28 0x420002 0x1181 0x0 0x0 0x0 0x0 0x0 0x0 0x9 0x2 0x6 0x0 oops 1 49 java/lang/Character methods 0
ciMethodData com/github/zafarkhaja/semver/util/Stream <init> ([Ljava/lang/Object;)V 2 4481 orig 80 0 0 0 0 0 0 0 0 0 0 0 0 240 1 0 0 0 0 0 0 0 0 0 0 0 0 0 0 0 0 0 0 0 0 0 0 0 0 0 0 0 0 0 0 0 0 0 0 0 0 0 0 0 0 0 0 0 0 0 0 0 0 0 0 0 0 0 0 0 0 0 0 0 0 0 0 0 0 0 0 data 26 0x10002 0x1181 0xb0005 0x0 0x0 0x1f0e61983f0 0x1181 0x0 0x0 0xe0004 0x0 0x0 0x1f0e61983f0 0x1181 0x0 0x0 0x0 0x0 0x0 0x0 0x0 0x0 0x9 0x2 0x6 0xffffffffffffffff oops 2 5 [Ljava/lang/Character; 12 [Ljava/lang/Character; methods 0
ciMethodData com/github/zafarkhaja/semver/Version valueOf (Ljava/lang/String;)Lcom/github/zafarkhaja/semver/Version; 2 5401 orig 80 0 0 0 0 0 0 0 0 0 0 0 0 240 1 0 0 0 0 0 0 0 0 0 0 0 0 0 0 0 0 0 0 0 0 0 0 0 0 0 0 0 0 0 0 0 0 0 0 0 0 0 0 0 0 0 0 0 0 0 0 0 0 0 0 0 0 0 0 0 0 0 0 0 0 0 0 0 0 0 0 data 11 0x10002 0x1519 0x0 0x0 0x0 0x0 0x0 0x0 0x9 0x1 0x0 oops 0 methods 0
ciMethodData com/github/zafarkhaja/semver/VersionParser parseValidSemVer (Ljava/lang/String;)Lcom/github/zafarkhaja/semver/Version; 2 5401 orig 80 0 0 0 0 0 0 0 0 0 0 0 0 240 1 0 0 0 0 0 0 0 0 0 0 0 0 0 0 0 0 0 0 0 0 0 0 0 0 0 0 0 0 0 0 0 0 0 0 0 0 0 0 0 0 0 0 0 0 0 0 0 0 0 0 0 0 0 0 0 0 0 0 0 0 0 0 0 0 0 0 data 10 0x50002 0x1519 0xa0002 0x1519 0x0 0x0 0x0 0x9 0x1 0x0 oops 0 methods 0
ciMethodData com/github/zafarkhaja/semver/VersionParser parseValidSemVer ()Lcom/github/zafarkhaja/semver/Version; 2 5401 orig 80 0 0 0 0 0 0 0 0 0 0 0 0 240 1 0 0 0 0 0 0 0 0 0 0 0 0 0 0 0 0 0 0 0 0 0 0 0 0 0 0 0 0 0 0 0 0 0 0 0 0 0 0 0 0 0 0 0 0 0 0 0 0 0 0 0 0 0 0 0 0 0 0 0 0 0 0 0 0 0 0 data 103 0x10002 0x1519 0x170004 0x0 0x0 0x1f0e7429880 0x1519 0x0 0x0 0x1d0004 0x0 0x0 0x1f0e7429930 0x1519 0x0 0x0 0x230004 0x0 0x0 0x1f0e74299e0 0x1519 0x0 0x0 0x240002 0x1519 0x2e0005 0x1496 0x0 0x1f0e7429880 0x83 0x0 0x0 0x310007 0x1519 0x130 0x0 0x350002 0x0 0x430004 0x0 0x0 0x0 0x0 0x0 0x0 0x490004 0x0 0x0 0x0 0x0 0x0 0x0 0x4a0002 0x0 0x540005 0x0 0x0 0x0 0x0 0x0 0x0 0x570007 0x0 0xb0 0x0 0x5b0002 0x0 0x5f0003 0x0 0x80 0x670005 0x1496 0x0 0x1f0e7429930 0x83 0x0 0x0 0x6a0007 0x1519 0x30 0x0 0x6e0002 0x0 0x7c0004 0x0 0x0 0x1f0e74299e0 0x1519 0x0 0x0 0x7d0002 0x1519 0x880002 0x1519 0x0 0x0 0x0 0x0 0x0 0x0 0x9 0x1 0x0 oops 6 5 com/github/zafarkhaja/semver/VersionParser$CharType$4 12 com/github/zafarkhaja/semver/VersionParser$CharType$5 19 com/github/zafarkhaja/semver/VersionParser$CharType$6 28 com/github/zafarkhaja/semver/VersionParser$CharType$4 73 com/github/zafarkhaja/semver/VersionParser$CharType$5 86 com/github/zafarkhaja/semver/VersionParser$CharType$6 methods 0
ciMethodData com/github/zafarkhaja/semver/NormalVersion <init> (III)V 2 5342 orig 80 0 0 0 0 0 0 0 0 0 0 0 0 0 0 0 0 0 0 0 0 0 0 0 0 0 0 0 0 0 0 0 0 0 0 0 0 0 0 0 0 0 0 0 0 0 0 0 0 0 0 0 0 0 0 0 0 0 0 0 0 0 0 0 0 0 0 0 0 0 0 0 0 0 0 0 0 0 0 0 0 data 26 0x10002 0x14df 0x50007 0x0 0x60 0x14df 0x90007 0x0 0x40 0x14df 0xd0007 0x14df 0x30 0x0 0x160002 0x0 0x0 0x0 0x0 0x0 0x9 0x4 0xe 0x0 0x0 0x0 oops 0 methods 0
ciMethodData com/github/zafarkhaja/semver/Version <init> (Lcom/github/zafarkhaja/semver/NormalVersion;Lcom/github/zafarkhaja/semver/MetadataVersion;Lcom/github/zafarkhaja/semver/MetadataVersion;)V 2 5342 orig 80 0 0 0 0 0 0 0 0 0 0 0 0 0 0 0 0 0 0 0 0 0 0 0 0 0 0 0 0 0 0 0 0 0 0 0 0 0 0 0 0 0 0 0 0 0 0 0 0 0 0 0 0 0 0 0 0 0 0 0 0 0 0 0 0 0 0 0 0 0 0 0 0 0 0 0 0 0 0 0 0 data 12 0x10002 0x14df 0x0 0x0 0x0 0x0 0x9 0x4 0xe 0x0 0x0 0x0 oops 0 methods 0
ciMethodData com/github/zafarkhaja/semver/VersionParser parseVersionCore ()Lcom/github/zafarkhaja/semver/NormalVersion; 2 5341 orig 80 0 0 0 0 0 0 0 0 0 0 0 0 0 0 0 0 0 0 0 0 0 0 0 0 0 0 0 0 0 0 0 0 0 0 0 0 0 0 0 0 0 0 0 0 0 0 0 0 0 0 0 0 0 0 0 0 0 0 0 0 0 0 0 0 0 0 0 0 0 0 0 0 0 0 0 0 0 0 0 0 data 41 0x10002 0x14de 0x40002 0x14de 0x120004 0x0 0x0 0x1f0e38c4d08 0x14de 0x0 0x0 0x130002 0x14de 0x180002 0x14de 0x1b0002 0x14de 0x290004 0x0 0x0 0x1f0e38c4d08 0x14de 0x0 0x0 0x2a0002 0x14de 0x2f0002 0x14de 0x320002 0x14de 0x3d0002 0x14de 0x0 0x0 0x0 0x0 0x0 0x0 0x9 0x1 0x0 oops 2 7 com/github/zafarkhaja/semver/VersionParser$CharType$3 20 com/github/zafarkhaja/semver/VersionParser$CharType$3 methods 0
ciMethod io/ballerina/projects/JvmTarget values ()[Lio/ballerina/projects/JvmTarget; 148 0 260 0 0
ciMethod io/ballerina/projects/JvmTarget code ()Ljava/lang/String; 156 0 78 0 0
ciMethodData io/ballerina/projects/util/ProjectUtils getRelativeBalaPath (Ljava/lang/String;Ljava/lang/String;Ljava/lang/String;Ljava/lang/String;)Ljava/nio/file/Path; 2 5435 orig 80 0 0 0 0 0 0 0 0 0 0 0 0 240 1 0 0 0 0 0 0 0 0 0 0 0 0 0 0 0 0 0 0 0 0 0 0 0 0 0 0 0 0 0 0 0 0 0 0 0 0 0 0 0 0 0 0 0 0 0 0 0 0 0 0 0 0 0 0 0 0 0 0 0 0 0 0 0 0 0 0 data 50 0x10007 0x145a 0x78 0xe1 0x50005 0xe1 0x0 0x0 0x0 0x0 0x0 0x80007 0xe1 0x20 0x0 0x170004 0x0 0x0 0x1f0dd9be938 0x153b 0x0 0x0 0x1b0004 0x0 0x0 0x1f0dd9be938 0x153b 0x0 0x0 0x1f0004 0x0 0x0 0x1f0dd9be938 0x153b 0x0 0x0 0x200002 0x153b 0x0 0x0 0x0 0x0 0x0 0x0 0x9 0x4 0x0 0x0 0x0 0x0 oops 3 18 java/lang/String 25 java/lang/String 32 java/lang/String methods 0
ciMethodData io/ballerina/projects/internal/repositories/FileSystemRepository getPackagePath (Ljava/lang/String;Ljava/lang/String;Ljava/lang/String;)Ljava/nio/file/Path; 2 5133 orig 80 0 0 0 0 0 0 0 0 0 0 0 0 240 1 0 0 0 0 0 0 0 0 0 0 0 0 0 0 0 0 0 0 0 0 0 0 0 0 0 0 0 0 0 0 0 0 0 0 0 0 0 0 0 0 0 0 0 0 0 0 0 0 0 0 0 0 0 0 0 0 0 0 0 0 0 0 0 0 0 0 data 61 0x80002 0x140d 0xb0005 0x0 0x0 0x1f0e7a24098 0x140d 0x0 0x0 0x180002 0x140d 0x1b0007 0x140b 0x130 0x2 0x1e0002 0x2 0x2f0007 0x0 0x100 0x2 0x420005 0x2 0x0 0x0 0x0 0x0 0x0 0x450002 0x2 0x480005 0x0 0x0 0x1f0e7a24098 0x2 0x0 0x0 0x550002 0x2 0x580007 0x0 0x38 0x2 0x5b0003 0x2 0x30 0x610003 0x0 0xffffffffffffff18 0x0 0x0 0x0 0x0 0x0 0x0 0x9 0x4 0x0 0x0 0x0 0x0 oops 2 5 sun/nio/fs/WindowsPath 33 sun/nio/fs/WindowsPath methods 0
ciMethodData io/ballerina/projects/JvmTarget values ()[Lio/ballerina/projects/JvmTarget; 1 186 orig 80 0 0 0 0 0 0 0 0 0 0 0 0 240 1 0 0 0 0 0 0 0 0 0 0 0 0 0 0 0 0 0 0 0 0 0 0 0 0 0 0 0 0 0 0 0 0 0 0 0 0 0 0 0 0 0 0 0 0 0 0 0 0 0 0 0 0 0 0 0 0 0 0 0 0 0 0 0 0 0 0 data 22 0x30005 0x0 0x0 0x1f0e381c940 0xba 0x0 0x0 0x60004 0x0 0x0 0x1f0e381c940 0xba 0x0 0x0 0x0 0x0 0x0 0x0 0x0 0x0 0x9 0x0 oops 2 3 [Lio/ballerina/projects/JvmTarget; 10 [Lio/ballerina/projects/JvmTarget; methods 0
ciMethodData com/github/zafarkhaja/semver/Version getMajorVersion ()I 2 1179 orig 80 0 0 0 0 0 0 0 0 0 0 0 0 240 1 0 0 0 0 0 0 0 0 0 0 0 0 0 0 0 0 0 0 0 0 0 0 0 0 0 0 0 0 0 0 0 0 0 0 0 0 0 0 0 0 0 0 0 0 0 0 0 0 0 0 0 0 0 0 0 0 0 0 0 0 0 0 0 0 0 0 data 16 0x40005 0x0 0x0 0x1f0e7427b60 0x49b 0x0 0x0 0x0 0x0 0x0 0x0 0x0 0x0 0x9 0x1 0x0 oops 1 3 com/github/zafarkhaja/semver/NormalVersion methods 0
ciMethodData com/github/zafarkhaja/semver/Version getMinorVersion ()I 1 270 orig 80 0 0 0 0 0 0 0 0 0 0 0 0 240 1 0 0 0 0 0 0 0 0 0 0 0 0 0 0 0 0 0 0 0 0 0 0 0 0 0 0 0 0 0 0 0 0 0 0 0 0 0 0 0 0 0 0 0 0 0 0 0 0 0 0 0 0 0 0 0 0 0 0 0 0 0 0 0 0 0 0 data 16 0x40005 0x0 0x0 0x1f0e7427b60 0x10e 0x0 0x0 0x0 0x0 0x0 0x0 0x0 0x0 0x9 0x1 0x0 oops 1 3 com/github/zafarkhaja/semver/NormalVersion methods 0
ciMethodData org/wso2/ballerinalang/util/RepoUtils getBallerinaShortVersion ()Ljava/lang/String; 2 7357 orig 80 0 0 0 0 0 0 0 0 0 0 0 0 240 1 0 0 0 0 0 0 0 0 0 0 0 0 0 0 0 0 0 0 0 0 0 0 0 0 0 0 0 0 0 0 0 0 0 0 0 0 0 0 0 0 0 0 0 0 0 0 0 0 0 0 0 0 0 0 0 0 0 0 0 0 0 0 0 0 0 0 data 63 0x40005 0x1cbd 0x0 0x0 0x0 0x0 0x0 0xc0002 0x1cbd 0x120005 0x0 0x0 0x1f0dd9bffd8 0x1cbd 0x0 0x0 0x180005 0x0 0x0 0x1f0dd9bffd8 0x1cbd 0x0 0x0 0x1d0007 0x0 0x58 0x1cbd 0x210005 0x0 0x0 0x1f0e2d8c5c0 0x1cbd 0x0 0x0 0x280007 0x0 0xa8 0x0 0x2c0005 0x0 0x0 0x0 0x0 0x0 0x0 0x2f0003 0x0 0x50 0x350005 0x0 0x0 0x0 0x0 0x0 0x0 0x0 0x0 0x0 0x0 0x0 0x0 0x9 0x0 oops 3 12 java/util/Properties 19 java/util/Properties 30 sun/net/www/protocol/jar/JarURLConnection$JarURLInputStream methods 0
ciMethodData io/ballerina/projects/internal/repositories/FileSystemRepository isCompatible (Ljava/lang/String;Ljava/lang/String;)Z 2 7346 orig 80 0 0 0 0 0 0 0 0 0 0 0 0 240 1 0 0 0 0 0 0 0 0 0 0 0 0 0 0 0 0 0 0 0 0 0 0 0 0 0 0 0 0 0 0 0 0 0 0 0 0 0 0 0 0 0 0 0 0 0 0 0 0 0 0 0 0 0 0 0 0 0 0 0 0 0 0 0 0 0 0 data 90 0x20005 0x1cb2 0x0 0x0 0x0 0x0 0x0 0x50007 0x1c36 0x78 0x7c 0xc0005 0x7c 0x0 0x0 0x0 0x0 0x0 0xf0007 0x7c 0x20 0x0 0x150002 0x7c 0x1a0002 0x7c 0x200005 0x0 0x0 0x1f0e6194210 0x7c 0x0 0x0 0x250005 0x0 0x0 0x1f0e6194210 0x7c 0x0 0x0 0x280007 0x0 0x120 0x7c 0x2c0005 0x0 0x0 0x1f0e6194210 0x7c 0x0 0x0 0x310005 0x0 0x0 0x1f0e6194210 0x7c 0x0 0x0 0x340007 0x74 0x20 0x8 0x3c0005 0x0 0x0 0x1f0e6194210 0x74 0x0 0x0 0x3f0007 0x0 0x38 0x74 0x430003 0x74 0x18 0x480003 0x0 0x18 0x0 0x0 0x0 0x0 0x0 0x0 0x9 0x3 0x0 0x0 0x0 oops 5 29 com/github/zafarkhaja/semver/Version 36 com/github/zafarkhaja/semver/Version 47 com/github/zafarkhaja/semver/Version 54 com/github/zafarkhaja/semver/Version 65 com/github/zafarkhaja/semver/Version methods 0
ciMethodData com/github/zafarkhaja/semver/Version greaterThan (Lcom/github/zafarkhaja/semver/Version;)Z 1 427 orig 80 0 0 0 0 0 0 0 0 0 0 0 0 240 1 0 0 0 0 0 0 0 0 0 0 0 0 0 0 0 0 0 0 0 0 0 0 0 0 0 0 0 0 0 0 0 0 0 0 0 0 0 0 0 0 0 0 0 0 0 0 0 0 0 0 0 0 0 0 0 0 0 0 0 0 0 0 0 0 0 0 data 24 0x20005 0x0 0x0 0x1f0e6194210 0x1ab 0x0 0x0 0x50007 0x1a1 0x38 0xa 0x90003 0xa 0x18 0x0 0x0 0x0 0x0 0x0 0x0 0x9 0x2 0x0 0x0 oops 1 3 com/github/zafarkhaja/semver/Version methods 0
ciMethodData io/ballerina/projects/internal/repositories/FileSystemRepository getIncompatibleVer (Ljava/util/List;Lio/ballerina/projects/PackageOrg;Lio/ballerina/projects/PackageName;)Ljava/util/List; 2 7187 orig 80 0 0 0 0 0 0 0 0 0 0 0 0 240 1 0 0 0 0 0 0 0 0 0 0 0 0 0 0 0 0 0 0 0 0 0 0 0 0 0 0 0 0 0 0 0 0 0 0 0 0 0 0 0 0 0 0 0 0 0 0 0 0 0 0 0 0 0 0 0 0 0 0 0 0 0 0 0 0 0 0 data 170 0x40002 0x1c13 0xa0005 0x0 0x0 0x1f0dd9c2398 0x1c13 0x0 0x0 0xf0007 0x12 0x4a8 0x1c01 0x130005 0x0 0x0 0x1f0dd9c2398 0x1c01 0x0 0x0 0x1c0005 0x0 0x0 0x1f0e7a23f38 0x382a 0x0 0x0 0x210007 0x1c01 0x418 0x1c29 0x260005 0x0 0x0 0x1f0e7a23f38 0x1c29 0x0 0x0 0x2b0004 0x0 0x0 0x1f0e7a23fe8 0x1c29 0x0 0x0 0x320005 0x0 0x0 0x1f0e7a23798 0x1c29 0x0 0x0 0x360005 0x0 0x0 0x1f0e7a23868 0x1c29 0x0 0x0 0x3b0005 0x0 0x0 0x1f0e7a23fe8 0x1c29 0x0 0x0 0x400002 0x1c29 0x430005 0x1c29 0x0 0x0 0x0 0x0 0x0 0x460004 0x0 0x0 0x1f0e7a24098 0x1c29 0x0 0x0 0x490005 0x0 0x0 0x1f0e7a24098 0x1c29 0x0 0x0 0x4e0005 0x0 0x0 0x1f0e7a24148 0x1c29 0x0 0x0 0x510005 0x0 0x0 0x1f0e7a241d8 0x1be2 0x1f0e7a23550 0x47 0x570005 0x0 0x0 0x1f0e7a24098 0x1c29 0x0 0x0 0x640002 0x1c29 0x670007 0x0 0x120 0x1c29 0x6c0002 0x1c29 0x6f0005 0x0 0x0 0x1f0e7a24288 0x1c29 0x0 0x0 0x740002 0x1c29 0x7e0005 0x1c29 0x0 0x0 0x0 0x0 0x0 0x810007 0x1c29 0x58 0x0 0x880005 0x0 0x0 0x0 0x0 0x0 0x0 0x8e0003 0x1c29 0x50 0x950005 0x0 0x0 0x0 0x0 0x0 0x0 0x9b0003 0x1c29 0xfffffffffffffbc8 0x0 0x0 0x0 0x0 0x0 0x0 0x9 0x4 0x0 0x0 0x0 0x0 oops 15 5 java/util/ArrayList 16 java/util/ArrayList 23 java/util/ArrayList$Itr 34 java/util/ArrayList$Itr 41 sun/nio/fs/WindowsPath$WindowsPathWithAttributes 48 io/ballerina/projects/PackageOrg 55 io/ballerina/projects/PackageName 62 sun/nio/fs/WindowsPath$WindowsPathWithAttributes 78 sun/nio/fs/WindowsPath 85 sun/nio/fs/WindowsPath 92 java/io/File 99 io/ballerina/projects/internal/repositories/BallerinaDistributionRepository 101 io/ballerina/projects/internal/repositories/FileSystemRepository 106 sun/nio/fs/WindowsPath 121 io/ballerina/projects/internal/model/PackageJson methods 0
ciMethodData io/ballerina/projects/internal/BalaFiles readPkgJson (Ljava/nio/file/Path;)Lio/ballerina/projects/internal/model/PackageJson; 2 7207 orig 80 0 0 0 0 0 0 0 0 0 0 0 0 240 1 0 0 0 0 0 0 0 0 0 0 0 0 0 0 0 0 0 0 0 0 0 0 0 0 0 0 0 0 0 0 0 0 0 0 0 0 0 0 0 0 0 0 0 0 0 0 0 0 0 0 0 0 0 0 0 0 0 0 0 0 0 0 0 0 0 0 data 67 0x10002 0x1c27 0xb0005 0x1c27 0x0 0x0 0x0 0x0 0x0 0xe0004 0x0 0x0 0x1f0e7a24288 0x1c27 0x0 0x0 0x130007 0x0 0x118 0x1c27 0x170005 0x0 0x0 0x1f0e79404c0 0x1c27 0x0 0x0 0x1a0003 0x1c27 0xc0 0x1f0007 0x0 0xa8 0x0 0x230005 0x0 0x0 0x0 0x0 0x0 0x0 0x260003 0x0 0x50 0x2e0005 0x0 0x0 0x0 0x0 0x0 0x0 0x330003 0x1c27 0x38 0x3e0002 0x0 0x4a0002 0x0 0x0 0x0 0x0 0x0 0x0 0x0 0x9 0x1 0xffffffffffffffff oops 2 12 io/ballerina/projects/internal/model/PackageJson 23 java/io/BufferedReader methods 0
ciMethodData sun/net/www/protocol/jar/JarURLConnection$JarURLInputStream close ()V 2 7454 orig 80 0 0 0 0 0 0 0 0 0 0 0 0 240 1 0 0 0 0 0 0 0 0 0 0 0 0 0 0 0 0 0 0 0 0 0 0 0 0 0 1 0 0 0 0 0 0 0 0 0 0 0 0 0 0 0 0 0 0 0 0 0 0 0 0 0 0 0 0 0 0 0 0 0 0 0 0 0 0 0 0 data 50 0x10002 0x1d1e 0x80005 0x0 0x0 0x1f0e55cec00 0x1d1e 0x0 0x0 0x80000006000b0007 0x1d17 0x100 0x8 0x150005 0x0 0x0 0x1f0e72a2b58 0x8 0x0 0x0 0x180003 0x8 0xa8 0x200005 0x0 0x0 0x0 0x0 0x0 0x0 0x230007 0x0 0x58 0x0 0x2d0005 0x0 0x0 0x0 0x0 0x0 0x0 0x0 0x0 0x0 0x0 0x0 0x0 0x9 0x1 0x0 oops 2 5 sun/net/www/protocol/jar/JarURLConnection 16 sun/net/www/protocol/jar/URLJarFile methods 0
ciMethodData java/util/concurrent/ConcurrentHashMap <init> (IFI)V 2 6149 orig 80 0 0 0 0 0 0 0 0 0 0 0 0 240 1 0 0 0 0 0 0 0 0 0 0 0 0 0 0 0 0 0 0 0 0 0 0 0 0 0 0 0 0 0 0 0 0 0 0 0 0 0 0 0 0 0 0 0 0 0 0 0 0 0 0 0 0 0 0 0 0 0 0 0 0 0 0 0 0 0 0 data 41 0x10002 0x1805 0x70007 0x0 0x60 0x1805 0xb0007 0x0 0x40 0x1805 0xf0007 0x1805 0x30 0x0 0x160002 0x0 0x1c0007 0x1805 0x20 0x0 0x320007 0x1805 0x38 0x0 0x370003 0x0 0x28 0x3d0002 0x1805 0x0 0x0 0x0 0x0 0x0 0x0 0x9 0x4 0x0 0x0 0x0 0x0 oops 0 methods 0
ciMethodData java/util/concurrent/ConcurrentHashMap tableSizeFor (I)I 2 6177 orig 80 0 0 0 0 0 0 0 0 0 0 0 0 240 1 0 0 0 0 0 0 0 0 0 0 0 0 0 0 0 0 0 0 0 0 0 0 0 0 0 0 0 0 0 0 0 0 0 0 0 0 0 0 0 0 0 0 0 0 0 0 0 0 0 0 0 0 0 0 0 0 0 0 0 0 0 0 0 0 0 0 data 25 0x40002 0x1821 0xa0007 0x1821 0x38 0x0 0xe0003 0x0 0x50 0x140007 0x1821 0x38 0x0 0x190003 0x0 0x18 0x0 0x0 0x0 0x0 0x0 0x0 0x9 0x1 0x0 oops 0 methods 0
ciMethodData java/util/concurrent/ConcurrentHashMap <init> (I)V 2 7327 orig 80 0 0 0 0 0 0 0 0 0 0 0 0 240 1 0 0 0 0 0 0 0 0 0 0 0 0 0 0 0 0 0 0 0 0 0 0 0 0 0 0 0 0 0 0 0 0 0 0 0 0 0 0 0 0 0 0 0 0 0 0 0 0 0 0 0 0 0 0 0 0 0 0 0 0 0 0 0 0 0 0 data 9 0x50002 0x1c9f 0x0 0x0 0x0 0x9 0x2 0x0 0x0 oops 0 methods 0
ciMethodData sun/net/www/protocol/jar/Handler openConnection (Ljava/net/URL;)Ljava/net/URLConnection; 2 6272 orig 80 0 0 0 0 0 0 0 0 0 0 0 0 240 1 0 0 0 0 0 0 0 0 0 0 0 0 0 0 0 0 0 0 0 0 0 0 0 0 0 0 0 0 0 0 0 0 0 0 0 0 0 0 0 0 0 0 0 0 0 0 0 0 0 0 0 0 0 0 0 0 0 0 0 0 0 0 0 0 0 0 data 9 0x60002 0x1880 0x0 0x0 0x0 0x9 0x2 0x0 0x0 oops 0 methods 0
ciMethodData sun/net/www/protocol/jar/JarURLConnection <init> (Ljava/net/URL;Lsun/net/www/protocol/jar/Handler;)V 2 6272 orig 80 0 0 0 0 0 0 0 0 0 0 0 0 240 1 0 0 0 0 0 0 0 0 0 0 0 0 0 0 0 0 0 0 0 0 0 0 0 0 0 0 0 0 0 0 0 0 0 0 0 0 0 0 0 0 0 0 0 0 0 0 0 0 0 0 0 0 0 0 0 0 0 0 0 0 0 0 0 0 0 0 data 34 0x20002 0x1880 0x70005 0x0 0x0 0x1f0e55cec00 0x1880 0x0 0x0 0xa0005 0x1880 0x0 0x0 0x0 0x0 0x0 0x180005 0x0 0x0 0x1f0e72a68c8 0x1880 0x0 0x0 0x0 0x0 0x0 0x0 0x0 0x0 0x9 0x3 0x0 0x0 0x0 oops 2 5 sun/net/www/protocol/jar/JarURLConnection 19 sun/net/www/protocol/file/FileURLConnection methods 0
ciMethodData java/net/JarURLConnection <init> (Ljava/net/URL;)V 2 6272 orig 80 0 0 0 0 0 0 0 0 0 0 0 0 240 1 0 0 0 0 0 0 0 0 0 0 0 0 0 0 0 0 0 0 0 0 0 0 0 0 0 0 0 0 0 0 0 0 0 0 0 0 0 0 0 0 0 0 0 0 0 0 0 0 0 0 0 0 0 0 0 0 0 0 0 0 0 0 0 0 0 0 data 19 0x20002 0x1880 0x70005 0x1880 0x0 0x0 0x0 0x0 0x0 0x0 0x0 0x0 0x0 0x0 0x0 0x9 0x2 0x7c 0x0 oops 0 methods 0
ciMethodData java/lang/ClassLoader getResourceAsStream (Ljava/lang/String;)Ljava/io/InputStream; 2 7277 orig 80 0 0 0 0 0 0 0 0 0 0 0 0 240 1 0 0 0 0 0 0 0 0 0 0 0 0 0 0 0 0 0 0 0 0 0 0 0 0 0 0 0 0 0 0 0 0 0 0 0 0 0 0 0 0 0 0 0 0 0 0 0 0 0 0 0 0 0 0 0 0 0 0 0 0 0 0 0 0 0 0 data 33 0x10002 0x1c6d 0x70005 0x0 0x0 0x1f0dd9c20a8 0x1c6d 0x0 0x0 0xc0007 0x0 0x70 0x1c6d 0x100005 0x1c6d 0x0 0x0 0x0 0x0 0x0 0x130003 0x1c6d 0x18 0x0 0x0 0x0 0x0 0x0 0x0 0x9 0x2 0x0 0x0 oops 1 5 jdk/internal/loader/ClassLoaders$AppClassLoader methods 0
ciMethodData java/net/URL openStream ()Ljava/io/InputStream; 2 7277 orig 80 0 0 0 0 0 0 0 0 0 0 0 0 240 1 0 0 0 0 0 0 0 0 0 0 0 0 0 0 0 0 0 0 0 0 0 0 0 0 0 0 0 0 0 0 0 0 0 0 0 0 0 0 0 0 0 0 0 0 0 0 0 0 0 0 0 0 0 0 0 0 0 0 0 0 0 0 0 0 0 0 data 23 0x10005 0x1c6d 0x0 0x0 0x0 0x0 0x0 0x40005 0x0 0x0 0x1f0e55cec00 0x1c6d 0x0 0x0 0x0 0x0 0x0 0x0 0x0 0x0 0x9 0x1 0x0 oops 1 10 sun/net/www/protocol/jar/JarURLConnection methods 0
ciMethodData java/util/Dictionary <init> ()V 2 7258 orig 80 0 0 0 0 0 0 0 0 0 0 0 0 240 1 0 0 0 0 0 0 0 0 0 0 0 0 0 0 0 0 0 0 0 0 0 0 0 0 0 0 0 0 0 0 0 0 0 0 0 0 0 0 0 0 0 0 0 0 0 0 0 0 0 0 0 0 0 0 0 0 0 0 0 0 0 0 0 0 0 0 data 7 0x10002 0x1c5a 0x0 0x0 0x9 0x1 0x0 oops 0 methods 0
ciMethodData java/util/Properties <init> (Ljava/util/Properties;I)V 2 7253 orig 80 0 0 0 0 0 0 0 0 0 0 0 0 240 1 0 0 0 0 0 0 0 0 0 0 0 0 0 0 0 0 0 0 0 0 0 0 0 0 0 0 0 0 0 0 0 0 0 0 0 0 0 0 0 0 0 0 0 0 0 0 0 0 0 0 0 0 0 0 0 0 0 0 0 0 0 0 0 0 0 0 data 29 0x20004 0x0 0x0 0x0 0x0 0x0 0x0 0x50002 0x1c55 0xe0002 0x1c55 0x1c0005 0x1c55 0x0 0x0 0x0 0x0 0x0 0x0 0x0 0x0 0x0 0x0 0x0 0x9 0x3 0x68 0x0 0x0 oops 0 methods 0
ciMethodData java/util/Hashtable <init> (Ljava/lang/Void;)V 2 7253 orig 80 0 0 0 0 0 0 0 0 0 0 0 0 240 1 0 0 0 0 0 0 0 0 0 0 0 0 0 0 0 0 0 0 0 0 0 0 0 0 0 0 0 0 0 0 0 0 0 0 0 0 0 0 0 0 0 0 0 0 0 0 0 0 0 0 0 0 0 0 0 0 0 0 0 0 0 0 0 0 0 0 data 10 0x10002 0x1c55 0x0 0x0 0x0 0x0 0x9 0x2 0x8 0x0 oops 0 methods 0
ciMethodData java/util/Properties <init> ()V 2 7367 orig 80 0 0 0 0 0 0 0 0 0 0 0 0 240 1 0 0 0 0 0 0 0 0 0 0 0 0 0 0 0 0 0 0 0 0 0 0 0 0 0 0 0 0 0 0 0 0 0 0 0 0 0 0 0 0 0 0 0 0 0 0 0 0 0 0 0 0 0 0 0 0 0 0 0 0 0 0 0 0 0 0 data 7 0x40002 0x1cc7 0x0 0x0 0x9 0x1 0x68 oops 0 methods 0
ciMethodData java/util/Properties load (Ljava/io/InputStream;)V 2 7362 orig 80 0 0 0 0 0 0 0 0 0 0 0 0 240 1 0 0 0 0 0 0 0 0 0 0 0 0 0 0 0 0 0 0 0 0 0 0 0 0 0 0 0 0 0 0 0 0 0 0 0 0 0 0 0 0 0 0 0 0 0 0 0 0 0 0 0 0 0 0 0 0 0 0 0 0 0 0 0 0 0 0 data 21 0x30002 0x1cc2 0xd0002 0x1cc2 0x100005 0x1cc2 0x0 0x0 0x0 0x0 0x0 0x0 0x0 0x0 0x0 0x0 0x0 0x9 0x2 0xffffffffffffffff 0x0 oops 0 methods 0
ciMethodData java/util/Properties$LineReader <init> (Ljava/io/InputStream;)V 2 7251 orig 80 0 0 0 0 0 0 0 0 0 0 0 0 240 1 0 0 0 0 0 0 0 0 0 0 0 0 0 0 0 0 0 0 0 0 0 0 0 0 0 0 0 0 0 0 0 0 0 0 0 0 0 0 0 0 0 0 0 0 0 0 0 0 0 0 0 0 0 0 0 0 0 0 0 0 0 0 0 0 0 0 data 10 0x10002 0x1c53 0x0 0x0 0x0 0x0 0x9 0x2 0x0 0x0 oops 0 methods 0
ciMethodData java/lang/Class getResourceAsStream (Ljava/lang/String;)Ljava/io/InputStream; 2 7260 orig 80 0 0 0 0 0 0 0 0 0 0 0 0 240 1 0 0 0 0 0 0 0 0 0 0 0 0 0 0 0 0 0 0 0 0 0 0 0 0 0 0 0 0 0 0 0 0 0 0 0 0 0 0 0 0 0 0 0 0 0 0 0 0 0 0 0 0 0 0 0 0 0 0 0 0 0 0 0 0 0 0 data 126 0x20005 0x1c5c 0x0 0x0 0x0 0x0 0x0 0x70005 0x1c5c 0x0 0x0 0x0 0x0 0x0 0xc0005 0x1c5c 0x0 0x0 0x0 0x0 0x0 0xf0007 0x1c5c 0x290 0x0 0x130002 0x0 0x160007 0x0 0x88 0x0 0x1b0002 0x0 0x1e0005 0x0 0x0 0x0 0x0 0x0 0x0 0x210007 0x0 0x20 0x0 0x270005 0x0 0x0 0x0 0x0 0x0 0x0 0x330007 0x0 0x30 0x0 0x380002 0x0 0x3e0004 0x0 0x0 0x0 0x0 0x0 0x0 0x410007 0x0 0x90 0x0 0x460004 0x0 0x0 0x0 0x0 0x0 0x0 0x4b0005 0x0 0x0 0x0 0x0 0x0 0x0 0x530005 0x0 0x0 0x0 0x0 0x0 0x0 0x5a0007 0x0 0x70 0x0 0x5f0005 0x0 0x0 0x0 0x0 0x0 0x0 0x620003 0x0 0x18 0x710007 0x1c5c 0x30 0x0 0x750002 0x0 0x7b0005 0x0 0x0 0x1f0dd9c20a8 0x1c5c 0x0 0x0 0x0 0x0 0x0 0x0 0x0 0x0 0x9 0x2 0x0 0x0 oops 1 112 jdk/internal/loader/ClassLoaders$AppClassLoader methods 0
ciMethodData java/lang/Class resolveName (Ljava/lang/String;)Ljava/lang/String; 2 7260 orig 80 0 0 0 0 0 0 0 0 0 0 0 0 240 1 0 0 0 0 0 0 0 0 0 0 0 0 0 0 0 0 0 0 0 0 0 0 0 0 0 0 0 0 0 0 0 0 0 0 0 0 0 0 0 0 0 0 0 0 0 0 0 0 0 0 0 0 0 0 0 0 0 0 0 0 0 0 0 0 0 0 data 100 0x40005 0x1c5c 0x0 0x0 0x0 0x0 0x0 0x70007 0x1c5c 0x260 0x0 0xb0005 0x0 0x0 0x0 0x0 0x0 0x0 0x100005 0x0 0x0 0x0 0x0 0x0 0x0 0x130007 0x0 0x1b8 0x0 0x170005 0x0 0x0 0x0 0x0 0x0 0x0 0x1d0005 0x0 0x0 0x0 0x0 0x0 0x0 0x270002 0x0 0x330005 0x0 0x0 0x0 0x0 0x0 0x0 0x360005 0x0 0x0 0x0 0x0 0x0 0x0 0x3b0005 0x0 0x0 0x0 0x0 0x0 0x0 0x3f0005 0x0 0x0 0x0 0x0 0x0 0x0 0x420005 0x0 0x0 0x0 0x0 0x0 0x0 0x460003 0x0 0x50 0x4b0005 0x1c5c 0x0 0x0 0x0 0x0 0x0 0x0 0x0 0x0 0x0 0x0 0x0 0x9 0x2 0x0 0x0 oops 0 methods 0
ciMethodData sun/net/www/protocol/jar/JarURLConnection getInputStream ()Ljava/io/InputStream; 2 6381 orig 80 0 0 0 0 0 0 0 0 0 0 0 0 240 1 0 0 0 0 0 0 0 0 0 0 0 0 0 0 0 0 0 0 0 0 0 0 0 0 0 0 0 0 0 0 0 0 0 0 0 0 0 0 0 0 0 0 0 0 0 0 0 0 0 0 0 0 0 0 0 0 0 0 0 0 0 0 0 0 0 0 data 88 0x10005 0x0 0x0 0x1f0e55cec00 0x18ed 0x0 0x0 0x70005 0x0 0x0 0x1f0e55cec00 0x18ed 0x0 0x0 0xc0007 0x18ed 0x30 0x0 0x150002 0x0 0x1d0007 0x18ed 0x190 0x0 0x280002 0x0 0x2d0005 0x0 0x0 0x0 0x0 0x0 0x0 0x310005 0x0 0x0 0x0 0x0 0x0 0x0 0x360005 0x0 0x0 0x0 0x0 0x0 0x0 0x3d0005 0x0 0x0 0x0 0x0 0x0 0x0 0x400005 0x0 0x0 0x0 0x0 0x0 0x0 0x430005 0x0 0x0 0x0 0x0 0x0 0x0 0x460002 0x0 0x570005 0x0 0x0 0x1f0e72a2b58 0x18ed 0x0 0x0 0x5a0002 0x18ed 0x0 0x0 0x0 0x0 0x0 0x0 0x9 0x1 0xffffffffffffffff oops 3 3 sun/net/www/protocol/jar/JarURLConnection 10 sun/net/www/protocol/jar/JarURLConnection 73 sun/net/www/protocol/jar/URLJarFile methods 0
compile io/ballerina/projects/internal/repositories/FileSystemRepository getIncompatibleVer (Ljava/util/List;Lio/ballerina/projects/PackageOrg;Lio/ballerina/projects/PackageName;)Ljava/util/List; -1 4 inline 286 0 -1 0 io/ballerina/projects/internal/repositories/FileSystemRepository getIncompatibleVer (Ljava/util/List;Lio/ballerina/projects/PackageOrg;Lio/ballerina/projects/PackageName;)Ljava/util/List; 1 4 0 java/util/ArrayList <init> ()V 2 1 0 java/util/AbstractList <init> ()V 3 1 0 java/util/AbstractCollection <init> ()V 4 1 0 java/lang/Object <init> ()V 1 10 0 java/util/ArrayList isEmpty ()Z 1 19 0 java/util/ArrayList iterator ()Ljava/util/Iterator; 2 5 0 java/util/ArrayList$Itr <init> (Ljava/util/ArrayList;)V 3 6 0 java/lang/Object <init> ()V 1 28 0 java/util/ArrayList$Itr hasNext ()Z 1 38 0 java/util/ArrayList$Itr next ()Ljava/lang/Object; 2 1 0 java/util/ArrayList$Itr checkForComodification ()V 1 50 0 io/ballerina/projects/PackageOrg value ()Ljava/lang/String; 1 54 0 io/ballerina/projects/PackageName value ()Ljava/lang/String; 1 64 0 java/util/Optional of (Ljava/lang/Object;)Ljava/util/Optional; 2 5 0 java/util/Objects requireNonNull (Ljava/lang/Object;)Ljava/lang/Object; 2 8 0 java/util/Optional <init> (Ljava/lang/Object;)V 3 1 0 java/lang/Object <init> ()V 1 67 0 java/util/Optional get ()Ljava/lang/Object; 1 73 0 java/nio/file/Path toFile ()Ljava/io/File; 2 1 0 sun/nio/fs/WindowsPath getFileSystem ()Ljava/nio/file/FileSystem; 3 1 0 sun/nio/fs/WindowsPath getFileSystem ()Lsun/nio/fs/WindowsFileSystem; 2 6 0 java/nio/file/FileSystems getDefault ()Ljava/nio/file/FileSystem; 3 0 0 jdk/internal/misc/VM isModuleSystemInited ()Z 2 17 0 sun/nio/fs/WindowsPath toString ()Ljava/lang/String; 2 22 0 java/io/File <init> (Ljava/lang/String;)V 3 1 0 java/lang/Object <init> ()V 3 40 0 java/io/WinNTFileSystem prefixLength (Ljava/lang/String;)I 4 6 0 java/lang/String length ()I 5 6 0 java/lang/String coder ()B 4 18 0 java/lang/String charAt (I)C 5 1 0 java/lang/String isLatin1 ()Z 5 12 0 java/lang/StringLatin1 charAt ([BI)C 6 3 0 java/lang/String checkIndex (II)V 4 30 0 java/lang/String charAt (I)C 5 1 0 java/lang/String isLatin1 ()Z 5 12 0 java/lang/StringLatin1 charAt ([BI)C 6 3 0 java/lang/String checkIndex (II)V 4 58 0 java/io/WinNTFileSystem isLetter (C)Z 4 78 0 java/lang/String charAt (I)C 5 1 0 java/lang/String isLatin1 ()Z 5 12 0 java/lang/StringLatin1 charAt ([BI)C 6 3 0 java/lang/String checkIndex (II)V 1 81 0 io/ballerina/projects/internal/repositories/FileSystemRepository getPackagePath (Ljava/lang/String;Ljava/lang/String;Ljava/lang/String;)Ljava/nio/file/Path; 2 8 0 io/ballerina/projects/util/ProjectUtils getRelativeBalaPath (Ljava/lang/String;Ljava/lang/String;Ljava/lang/String;Ljava/lang/String;)Ljava/nio/file/Path; 3 32 0 java/nio/file/Path of (Ljava/lang/String;[Ljava/lang/String;)Ljava/nio/file/Path; 4 0 0 java/nio/file/FileSystems getDefault ()Ljava/nio/file/FileSystem; 5 0 0 jdk/internal/misc/VM isModuleSystemInited ()Z 2 11 0 sun/nio/fs/WindowsPath resolve (Ljava/nio/file/Path;)Ljava/nio/file/Path; 2 24 0 java/nio/file/Files exists (Ljava/nio/file/Path;[Ljava/nio/file/LinkOption;)Z 3 1 0 java/nio/file/Files provider (Ljava/nio/file/Path;)Ljava/nio/file/spi/FileSystemProvider; 4 1 0 sun/nio/fs/WindowsPath getFileSystem ()Ljava/nio/file/FileSystem; 5 1 0 sun/nio/fs/WindowsPath getFileSystem ()Lsun/nio/fs/WindowsFileSystem; 4 1 0 sun/nio/fs/WindowsPath$WindowsPathWithAttributes getFileSystem ()Ljava/nio/file/FileSystem; 5 1 0 sun/nio/fs/WindowsPath getFileSystem ()Lsun/nio/fs/WindowsFileSystem; 4 6 0 sun/nio/fs/WindowsFileSystem provider ()Ljava/nio/file/spi/FileSystemProvider; 3 6 0 java/nio/file/spi/FileSystemProvider exists (Ljava/nio/file/Path;[Ljava/nio/file/LinkOption;)Z 4 1 0 java/nio/file/spi/FileSystemProvider followLinks ([Ljava/nio/file/LinkOption;)Z 2 66 0 io/ballerina/projects/JvmTarget code ()Ljava/lang/String; 2 72 0 sun/nio/fs/WindowsPath resolve (Ljava/nio/file/Path;)Ljava/nio/file/Path; 1 87 0 java/nio/file/Path resolve (Ljava/lang/String;)Ljava/nio/file/Path; 2 2 0 sun/nio/fs/WindowsPath getFileSystem ()Ljava/nio/file/FileSystem; 3 1 0 sun/nio/fs/WindowsPath getFileSystem ()Lsun/nio/fs/WindowsFileSystem; 2 15 0 sun/nio/fs/WindowsPath resolve (Ljava/nio/file/Path;)Ljava/nio/file/Path; 1 100 0 java/nio/file/Files exists (Ljava/nio/file/Path;[Ljava/nio/file/LinkOption;)Z 2 1 0 java/nio/file/Files provider (Ljava/nio/file/Path;)Ljava/nio/file/spi/FileSystemProvider; 3 1 0 sun/nio/fs/WindowsPath getFileSystem ()Ljava/nio/file/FileSystem; 4 1 0 sun/nio/fs/WindowsPath getFileSystem ()Lsun/nio/fs/WindowsFileSystem; 3 1 0 sun/nio/fs/WindowsPath$WindowsPathWithAttributes getFileSystem ()Ljava/nio/file/FileSystem; 4 1 0 sun/nio/fs/WindowsPath getFileSystem ()Lsun/nio/fs/WindowsFileSystem; 3 6 0 sun/nio/fs/WindowsFileSystem provider ()Ljava/nio/file/spi/FileSystemProvider; 2 6 0 java/nio/file/spi/FileSystemProvider exists (Ljava/nio/file/Path;[Ljava/nio/file/LinkOption;)Z 3 1 0 java/nio/file/spi/FileSystemProvider followLinks ([Ljava/nio/file/LinkOption;)Z 1 111 0 io/ballerina/projects/internal/model/PackageJson getBallerinaVersion ()Ljava/lang/String; 1 116 0 org/wso2/ballerinalang/util/RepoUtils getBallerinaShortVersion ()Ljava/lang/String; 2 4 0 java/lang/Class getResourceAsStream (Ljava/lang/String;)Ljava/io/InputStream; 3 2 0 java/lang/Class resolveName (Ljava/lang/String;)Ljava/lang/String; 4 4 0 java/lang/String startsWith (Ljava/lang/String;)Z 5 3 0 java/lang/String startsWith (Ljava/lang/String;I)Z 6 6 0 java/lang/String length ()I 7 6 0 java/lang/String coder ()B 6 10 0 java/lang/String length ()I 7 6 0 java/lang/String coder ()B 6 39 0 java/lang/String coder ()B 6 47 0 java/lang/String coder ()B 6 70 0 jdk/internal/util/ArraysSupport mismatch ([BI[BII)I 4 75 0 java/lang/String substring (I)Ljava/lang/String; 5 3 0 java/lang/String length ()I 6 6 0 java/lang/String coder ()B 5 6 0 java/lang/String substring (II)Ljava/lang/String; 6 1 0 java/lang/String length ()I 7 6 0 java/lang/String coder ()B 6 8 0 java/lang/String checkBoundsBeginEnd (III)V 7 6 0 jdk/internal/util/Preconditions checkFromToIndex (IIILjava/util/function/BiFunction;)I 6 28 0 java/lang/String isLatin1 ()Z 6 41 0 java/lang/StringLatin1 newString ([BII)Ljava/lang/String; 7 16 0 java/util/Arrays copyOfRange ([BII)[B 8 13 0 java/util/Arrays copyOfRangeByte ([BII)[B 9 2 0 java/util/Arrays checkLength (II)V 7 20 0 java/lang/String <init> ([BB)V 8 1 0 java/lang/Object <init> ()V 3 7 0 java/lang/Class getModule ()Ljava/lang/Module; 3 12 0 java/lang/Module isNamed ()Z 3 123 0 java/lang/ClassLoader getResourceAsStream (Ljava/lang/String;)Ljava/io/InputStream; 4 1 0 java/util/Objects requireNonNull (Ljava/lang/Object;)Ljava/lang/Object; 4 7 0 java/lang/ClassLoader getResource (Ljava/lang/String;)Ljava/net/URL; 5 1 0 java/util/Objects requireNonNull (Ljava/lang/Object;)Ljava/lang/Object; 5 17 0 java/lang/ClassLoader getResource (Ljava/lang/String;)Ljava/net/URL; 6 1 0 java/util/Objects requireNonNull (Ljava/lang/Object;)Ljava/lang/Object; 6 25 0 jdk/internal/loader/BootLoader findResource (Ljava/lang/String;)Ljava/net/URL; 7 0 0 jdk/internal/loader/ClassLoaders bootLoader ()Ljdk/internal/loader/BuiltinClassLoader; 4 16 0 java/net/URL openStream ()Ljava/io/InputStream; 5 1 0 java/net/URL openConnection ()Ljava/net/URLConnection; 6 5 0 sun/net/www/protocol/file/Handler openConnection (Ljava/net/URL;)Ljava/net/URLConnection; 2 12 0 java/util/Properties <init> ()V 3 4 0 java/util/Properties <init> (Ljava/util/Properties;I)V 4 5 0 java/util/Hashtable <init> (Ljava/lang/Void;)V 5 1 0 java/util/Dictionary <init> ()V 6 1 0 java/lang/Object <init> ()V 4 14 0 java/util/concurrent/ConcurrentHashMap <init> (I)V 5 5 0 java/util/concurrent/ConcurrentHashMap <init> (IFI)V 6 1 0 java/util/AbstractMap <init> ()V 7 1 0 java/lang/Object <init> ()V 6 61 0 java/util/concurrent/ConcurrentHashMap tableSizeFor (I)I 2 18 0 java/util/Properties load (Ljava/io/InputStream;)V 3 3 0 java/util/Objects requireNonNull (Ljava/lang/Object;Ljava/lang/String;)Ljava/lang/Object; 3 13 0 java/util/Properties$LineReader <init> (Ljava/io/InputStream;)V 4 1 0 java/lang/Object <init> ()V 3 16 0 java/util/Properties load0 (Ljava/util/Properties$LineReader;)V 4 4 0 java/lang/StringBuilder <init> ()V 4 241 0 java/util/Properties put (Ljava/lang/Object;Ljava/lang/Object;)Ljava/lang/Object; 5 6 0 java/util/concurrent/ConcurrentHashMap put (Ljava/lang/Object;Ljava/lang/Object;)Ljava/lang/Object; 2 24 0 java/util/Properties getProperty (Ljava/lang/String;)Ljava/lang/String; 3 5 0 java/util/concurrent/ConcurrentHashMap get (Ljava/lang/Object;)Ljava/lang/Object; 4 1 0 java/lang/String hashCode ()I 5 17 0 java/lang/String isLatin1 ()Z 5 27 0 java/lang/StringLatin1 hashCode ([B)I 4 4 0 java/util/concurrent/ConcurrentHashMap spread (I)I 4 34 0 java/util/concurrent/ConcurrentHashMap tabAt ([Ljava/util/concurrent/ConcurrentHashMap$Node;I)Ljava/util/concurrent/ConcurrentHashMap$Node; 2 33 0 sun/net/www/protocol/jar/JarURLConnection$JarURLInputStream close ()V 3 1 0 java/io/FilterInputStream close ()V 4 4 0 java/io/ByteArrayInputStream close ()V 3 8 0 sun/net/www/protocol/jar/JarURLConnection getUseCaches ()Z 4 4 0 java/net/URLConnection getUseCaches ()Z 1 126 0 io/ballerina/projects/internal/repositories/FileSystemRepository isCompatible (Ljava/lang/String;Ljava/lang/String;)Z 2 2 0 java/lang/String equals (Ljava/lang/Object;)Z 2 21 0 com/github/zafarkhaja/semver/Version valueOf (Ljava/lang/String;)Lcom/github/zafarkhaja/semver/Version; 3 1 0 com/github/zafarkhaja/semver/VersionParser parseValidSemVer (Ljava/lang/String;)Lcom/github/zafarkhaja/semver/Version; 4 5 0 com/github/zafarkhaja/semver/VersionParser <init> (Ljava/lang/String;)V 5 1 0 java/lang/Object <init> ()V 5 9 0 java/lang/String isEmpty ()Z 5 26 0 java/lang/String length ()I 6 6 0 java/lang/String coder ()B 5 37 0 java/lang/String length ()I 6 6 0 java/lang/String coder ()B 5 47 0 java/lang/String charAt (I)C 6 1 0 java/lang/String isLatin1 ()Z 6 12 0 java/lang/StringLatin1 charAt ([BI)C 7 3 0 java/lang/String checkIndex (II)V 5 50 0 java/lang/Character valueOf (C)Ljava/lang/Character; 5 66 0 com/github/zafarkhaja/semver/util/Stream <init> ([Ljava/lang/Object;)V 6 1 0 java/lang/Object <init> ()V 4 10 0 com/github/zafarkhaja/semver/VersionParser parseValidSemVer ()Lcom/github/zafarkhaja/semver/Version; 5 1 0 com/github/zafarkhaja/semver/VersionParser parseVersionCore ()Lcom/github/zafarkhaja/semver/NormalVersion; 6 1 0 com/github/zafarkhaja/semver/VersionParser numericIdentifier ()Ljava/lang/String; 7 1 0 com/github/zafarkhaja/semver/VersionParser checkForLeadingZeroes ()V 8 5 0 com/github/zafarkhaja/semver/util/Stream lookahead (I)Ljava/lang/Object; 8 17 0 com/github/zafarkhaja/semver/util/Stream lookahead (I)Ljava/lang/Object; 8 29 0 java/lang/Character charValue ()C 8 41 0 com/github/zafarkhaja/semver/VersionParser$CharType$1 isMatchedBy (Ljava/lang/Object;)Z 9 5 0 com/github/zafarkhaja/semver/VersionParser$CharType$1 isMatchedBy (Ljava/lang/Character;)Z 10 7 0 java/lang/Character charValue ()C 10 16 0 java/lang/Character charValue ()C 6 4 0 java/lang/Integer parseInt (Ljava/lang/String;)I 7 3 0 java/lang/Integer parseInt (Ljava/lang/String;I)I 8 94 0 java/lang/String length ()I 9 6 0 java/lang/String coder ()B 8 110 0 java/lang/String charAt (I)C 9 1 0 java/lang/String isLatin1 ()Z 9 12 0 java/lang/StringLatin1 charAt ([BI)C 10 3 0 java/lang/String checkIndex (II)V 8 186 0 java/lang/String charAt (I)C 9 1 0 java/lang/String isLatin1 ()Z 9 12 0 java/lang/StringLatin1 charAt ([BI)C 10 3 0 java/lang/String checkIndex (II)V 8 190 0 java/lang/Character digit (CI)I 9 2 0 java/lang/Character digit (II)I 10 1 0 java/lang/CharacterData of (I)Ljava/lang/CharacterData; 10 6 0 java/lang/CharacterDataLatin1 digit (II)I 6 19 0 com/github/zafarkhaja/semver/VersionParser consumeNextCharacter ([Lcom/github/zafarkhaja/semver/VersionParser$CharType;)Ljava/lang/Character; 7 5 0 com/github/zafarkhaja/semver/util/Stream consume ([Lcom/github/zafarkhaja/semver/util/Stream$ElementType;)Ljava/lang/Object; 8 2 0 com/github/zafarkhaja/semver/util/Stream lookahead (I)Ljava/lang/Object; 8 40 0 com/github/zafarkhaja/semver/util/Stream consume ()Ljava/lang/Object; 6 24 0 com/github/zafarkhaja/semver/VersionParser numericIdentifier ()Ljava/lang/String; 7 1 0 com/github/zafarkhaja/semver/VersionParser checkForLeadingZeroes ()V 8 5 0 com/github/zafarkhaja/semver/util/Stream lookahead (I)Ljava/lang/Object; 8 17 0 com/github/zafarkhaja/semver/util/Stream lookahead (I)Ljava/lang/Object; 8 29 0 java/lang/Character charValue ()C 8 41 0 com/github/zafarkhaja/semver/VersionParser$CharType$1 isMatchedBy (Ljava/lang/Object;)Z 9 5 0 com/github/zafarkhaja/semver/VersionParser$CharType$1 isMatchedBy (Ljava/lang/Character;)Z 10 7 0 java/lang/Character charValue ()C 10 16 0 java/lang/Character charValue ()C 6 27 0 java/lang/Integer parseInt (Ljava/lang/String;)I 7 3 0 java/lang/Integer parseInt (Ljava/lang/String;I)I 8 94 0 java/lang/String length ()I 9 6 0 java/lang/String coder ()B 8 110 0 java/lang/String charAt (I)C 9 1 0 java/lang/String isLatin1 ()Z 9 12 0 java/lang/StringLatin1 charAt ([BI)C 10 3 0 java/lang/String checkIndex (II)V 8 186 0 java/lang/String charAt (I)C 9 1 0 java/lang/String isLatin1 ()Z 9 12 0 java/lang/StringLatin1 charAt ([BI)C 10 3 0 java/lang/String checkIndex (II)V 8 190 0 java/lang/Character digit (CI)I 9 2 0 java/lang/Character digit (II)I 10 1 0 java/lang/CharacterData of (I)Ljava/lang/CharacterData; 10 6 0 java/lang/CharacterDataLatin1 digit (II)I 6 42 0 com/github/zafarkhaja/semver/VersionParser consumeNextCharacter ([Lcom/github/zafarkhaja/semver/VersionParser$CharType;)Ljava/lang/Character; 7 5 0 com/github/zafarkhaja/semver/util/Stream consume ([Lcom/github/zafarkhaja/semver/util/Stream$ElementType;)Ljava/lang/Object; 8 2 0 com/github/zafarkhaja/semver/util/Stream lookahead (I)Ljava/lang/Object; 8 40 0 com/github/zafarkhaja/semver/util/Stream consume ()Ljava/lang/Object; 6 47 0 com/github/zafarkhaja/semver/VersionParser numericIdentifier ()Ljava/lang/String; 7 1 0 com/github/zafarkhaja/semver/VersionParser checkForLeadingZeroes ()V 8 5 0 com/github/zafarkhaja/semver/util/Stream lookahead (I)Ljava/lang/Object; 8 17 0 com/github/zafarkhaja/semver/util/Stream lookahead (I)Ljava/lang/Object; 8 29 0 java/lang/Character charValue ()C 8 41 0 com/github/zafarkhaja/semver/VersionParser$CharType$1 isMatchedBy (Ljava/lang/Object;)Z 9 5 0 com/github/zafarkhaja/semver/VersionParser$CharType$1 isMatchedBy (Ljava/lang/Character;)Z 10 7 0 java/lang/Character charValue ()C 10 16 0 java/lang/Character charValue ()C 6 50 0 java/lang/Integer parseInt (Ljava/lang/String;)I 7 3 0 java/lang/Integer parseInt (Ljava/lang/String;I)I 8 94 0 java/lang/String length ()I 9 6 0 java/lang/String coder ()B 8 110 0 java/lang/String charAt (I)C 9 1 0 java/lang/String isLatin1 ()Z 9 12 0 java/lang/StringLatin1 charAt ([BI)C 10 3 0 java/lang/String checkIndex (II)V 8 186 0 java/lang/String charAt (I)C 9 1 0 java/lang/String isLatin1 ()Z 9 12 0 java/lang/StringLatin1 charAt ([BI)C 10 3 0 java/lang/String checkIndex (II)V 8 190 0 java/lang/Character digit (CI)I 9 2 0 java/lang/Character digit (II)I 10 1 0 java/lang/CharacterData of (I)Ljava/lang/CharacterData; 10 6 0 java/lang/CharacterDataLatin1 digit (II)I 6 61 0 com/github/zafarkhaja/semver/NormalVersion <init> (III)V 7 1 0 java/lang/Object <init> ()V 5 36 0 com/github/zafarkhaja/semver/VersionParser consumeNextCharacter ([Lcom/github/zafarkhaja/semver/VersionParser$CharType;)Ljava/lang/Character; 6 5 0 com/github/zafarkhaja/semver/util/Stream consume ([Lcom/github/zafarkhaja/semver/util/Stream$ElementType;)Ljava/lang/Object; 7 2 0 com/github/zafarkhaja/semver/util/Stream lookahead (I)Ljava/lang/Object; 7 40 0 com/github/zafarkhaja/semver/util/Stream consume ()Ljava/lang/Object; 5 46 0 com/github/zafarkhaja/semver/VersionParser$CharType$4 isMatchedBy (Ljava/lang/Object;)Z 6 5 0 com/github/zafarkhaja/semver/VersionParser$CharType$4 isMatchedBy (Ljava/lang/Character;)Z 5 103 0 com/github/zafarkhaja/semver/VersionParser$CharType$5 isMatchedBy (Ljava/lang/Object;)Z 6 5 0 com/github/zafarkhaja/semver/VersionParser$CharType$5 isMatchedBy (Ljava/lang/Character;)Z 5 125 0 com/github/zafarkhaja/semver/VersionParser consumeNextCharacter ([Lcom/github/zafarkhaja/semver/VersionParser$CharType;)Ljava/lang/Character; 6 5 0 com/github/zafarkhaja/semver/util/Stream consume ([Lcom/github/zafarkhaja/semver/util/Stream$ElementType;)Ljava/lang/Object; 7 2 0 com/github/zafarkhaja/semver/util/Stream lookahead (I)Ljava/lang/Object; 7 40 0 com/github/zafarkhaja/semver/util/Stream consume ()Ljava/lang/Object; 5 136 0 com/github/zafarkhaja/semver/Version <init> (Lcom/github/zafarkhaja/semver/NormalVersion;Lcom/github/zafarkhaja/semver/MetadataVersion;Lcom/github/zafarkhaja/semver/MetadataVersion;)V 6 1 0 java/lang/Object <init> ()V 2 26 0 com/github/zafarkhaja/semver/Version valueOf (Ljava/lang/String;)Lcom/github/zafarkhaja/semver/Version; 3 1 0 com/github/zafarkhaja/semver/VersionParser parseValidSemVer (Ljava/lang/String;)Lcom/github/zafarkhaja/semver/Version; 4 5 0 com/github/zafarkhaja/semver/VersionParser <init> (Ljava/lang/String;)V 5 1 0 java/lang/Object <init> ()V 5 9 0 java/lang/String isEmpty ()Z 5 26 0 java/lang/String length ()I 6 6 0 java/lang/String coder ()B 5 37 0 java/lang/String length ()I 6 6 0 java/lang/String coder ()B 5 47 0 java/lang/String charAt (I)C 6 1 0 java/lang/String isLatin1 ()Z 6 12 0 java/lang/StringLatin1 charAt ([BI)C 7 3 0 java/lang/String checkIndex (II)V 5 50 0 java/lang/Character valueOf (C)Ljava/lang/Character; 5 66 0 com/github/zafarkhaja/semver/util/Stream <init> ([Ljava/lang/Object;)V 6 1 0 java/lang/Object <init> ()V 4 10 0 com/github/zafarkhaja/semver/VersionParser parseValidSemVer ()Lcom/github/zafarkhaja/semver/Version; 5 1 0 com/github/zafarkhaja/semver/VersionParser parseVersionCore ()Lcom/github/zafarkhaja/semver/NormalVersion; 6 1 0 com/github/zafarkhaja/semver/VersionParser numericIdentifier ()Ljava/lang/String; 7 1 0 com/github/zafarkhaja/semver/VersionParser checkForLeadingZeroes ()V 8 5 0 com/github/zafarkhaja/semver/util/Stream lookahead (I)Ljava/lang/Object; 8 17 0 com/github/zafarkhaja/semver/util/Stream lookahead (I)Ljava/lang/Object; 8 29 0 java/lang/Character charValue ()C
